lead_id,industry,company_size,annual_revenue,budget,lead_source,opportunity_stage,deal_value,previous_purchase,days_since_last_contact,converted
L00001,Retail,201-1000,2191569.31,428682.97,Paid Ads,Qualified,78490.84,0,131,0
L00002,Manufacturing,1-50,21017225.51,220165.68,Outbound,Closed Lost,74868.9,0,98,0
L00003,Finance,201-1000,8493362.42,100455.61,Event,New,6009.54,0,52,0
L00004,Manufacturing,1-50,43978577.76,99597.28,Organic Search,Qualified,89358.63,0,228,1
L00005,Manufacturing,1-50,27896321.61,385538.27,Outbound,Contacted,23476.15,0,127,1
L00006,Healthcare,51-200,11645893.76,136465.86,Paid Ads,Proposal,55785.85,0,211,1
L00007,Finance,51-200,25171121.63,384780.53,Referral,Proposal,64784.53,0,284,1
L00008,Finance,51-200,36601169.35,106914.22,Organic Search,New,17694.19,0,278,0
L00009,Finance,1000+,47910088.65,164234.75,Paid Ads,Closed Lost,97646.89,0,340,0
L00010,Manufacturing,1000+,11100255.61,235416.05,Organic Search,New,49327.44,0,158,0
L00011,Retail,51-200,44320470.43,471881.95,Paid Ads,Proposal,6706.63,0,351,1
L00012,Finance,1000+,46721775.3,466207.06,Event,Closed Lost,93788.94,0,232,0
L00013,Manufacturing,201-1000,45829385.17,107401.58,Referral,Closed Won,59040.52,0,70,1
L00014,Healthcare,201-1000,31807176.41,182318.43,Event,Closed Lost,70220.13,0,204,0
L00015,Retail,1000+,31528050.66,78952.7,Paid Ads,Contacted,52992.4,0,188,1
L00016,Healthcare,1000+,20220210.6,257442.61,Outbound,New,83639.06,1,150,1
L00017,Retail,201-1000,37644654.33,232988.36,Event,New,4280.21,0,7,0
L00018,Manufacturing,1-50,26611571.52,450876.28,Outbound,Qualified,27569.46,0,331,0
L00019,Technology,201-1000,33904159.75,465352.66,Paid Ads,Proposal,47495.19,0,99,0
L00020,Retail,201-1000,21480049.4,194865.86,Referral,New,8583.76,0,15,1
L00021,Healthcare,1000+,36601673.56,248410.28,Outbound,Proposal,70884.76,0,153,1
L00022,Manufacturing,201-1000,41241128.73,448636.94,Paid Ads,Contacted,39972.68,0,156,0
L00023,Retail,1000+,7407169.2,404320.36,Outbound,Contacted,27994.13,1,92,0
L00024,Technology,1000+,41663192.81,6809.87,Event,Proposal,1334.51,0,261,0
L00025,Technology,51-200,27060796.94,163429.48,Paid Ads,Qualified,72263.2,0,36,0
L00026,Finance,201-1000,42248828.86,213778.25,Event,Closed Won,83547.12,1,160,1
L00027,Finance,1-50,21621955.15,118709.56,Organic Search,New,40109.01,0,350,1
L00028,Healthcare,51-200,19014120.22,103787.95,Paid Ads,Proposal,56857.58,0,173,1
L00029,Retail,1000+,45761530.55,23703.33,Outbound,New,23540.98,1,316,0
L00030,Retail,1000+,12633346.45,323468.01,Organic Search,New,62597.57,0,17,0
L00031,Finance,1-50,42226195.03,134942.59,Event,Proposal,2201.61,0,350,0
L00032,Retail,1000+,24252626.57,30911.85,Event,Closed Won,49375.75,1,15,1
L00033,Retail,201-1000,25753362.58,119334.76,Outbound,Contacted,64776.34,0,359,0
L00034,Technology,51-200,15492567.25,401947.41,Organic Search,Contacted,91900.99,1,269,0
L00035,Finance,1000+,28694805.81,426487.14,Referral,Qualified,38752.25,0,358,1
L00036,Manufacturing,1000+,16328038.69,244117.79,Outbound,Contacted,76753.83,0,67,1
L00037,Finance,1-50,2059543.77,210954.98,Event,Closed Won,60171.02,0,29,1
L00038,Manufacturing,201-1000,13672730.41,489037.58,Paid Ads,Proposal,92774.2,0,315,1
L00039,Technology,1000+,418314.27,104279.51,Organic Search,New,40439.39,0,308,0
L00040,Healthcare,1-50,48919903.87,111602.85,Referral,Qualified,32590.44,0,224,0
L00041,Retail,1000+,48290785.77,149474.25,Paid Ads,Proposal,88827.06,0,163,1
L00042,Technology,1-50,19818249.34,90514.87,Organic Search,Contacted,5875.2,0,319,1
L00043,Retail,1-50,36445705.63,192785.97,Outbound,Proposal,14502.15,0,13,0
L00044,Healthcare,201-1000,17355724.31,455862.94,Outbound,New,9158.04,0,278,0
L00045,Healthcare,1000+,33587548.54,309597.18,Organic Search,Proposal,84467.89,0,155,1
L00046,Technology,201-1000,40290959.15,208913.54,Referral,New,2050.13,0,121,0
L00047,Healthcare,1-50,47343136.61,467533.34,Organic Search,Closed Won,86304.06,1,262,1
L00048,Manufacturing,51-200,20070592.56,28989.8,Paid Ads,Contacted,45675.51,0,169,0
L00049,Healthcare,1000+,39186569.35,109086.71,Paid Ads,Contacted,1398.5,0,9,1
L00050,Retail,51-200,13369829.69,285114.86,Outbound,Closed Won,40762.87,1,171,1
L00051,Retail,1000+,49517581.96,309698.55,Organic Search,New,19493.28,0,357,0
L00052,Retail,201-1000,1385902.98,24580.97,Outbound,Contacted,62815.65,0,12,0
L00053,Retail,201-1000,30216087.44,204504.19,Referral,Contacted,68256.52,0,212,0
L00054,Manufacturing,201-1000,33009348.48,326331.21,Paid Ads,Contacted,49265.23,1,160,1
L00055,Finance,201-1000,34433473.3,350544.92,Event,Closed Lost,5011.43,0,231,0
L00056,Technology,201-1000,6107340.18,320879.25,Event,Proposal,65956.75,1,159,0
L00057,Retail,51-200,46932636.2,163678.8,Organic Search,New,84361.84,1,126,1
L00058,Healthcare,201-1000,9141045.62,51292.46,Organic Search,Proposal,72312.1,0,47,0
L00059,Retail,1-50,31175394.82,216420.66,Event,Qualified,83165.83,0,260,0
L00060,Healthcare,1-50,11211536.35,68733.45,Organic Search,Closed Lost,20850.44,0,60,0
L00061,Healthcare,51-200,15430099.21,474073.71,Paid Ads,Contacted,88999.91,0,121,1
L00062,Retail,1000+,27368281.23,240209.58,Referral,Qualified,32897.15,0,89,1
L00063,Manufacturing,1-50,20917951.59,162043.29,Referral,Qualified,2327.08,1,358,1
L00064,Healthcare,1000+,8095257.49,384320.52,Outbound,Qualified,84495.77,0,254,0
L00065,Healthcare,51-200,8629726.48,251484.55,Paid Ads,Qualified,94240.31,0,89,1
L00066,Retail,1000+,20965424.93,158466.84,Organic Search,Contacted,65900.26,0,2,1
L00067,Healthcare,1000+,37888420.62,406924.03,Organic Search,Proposal,23912.23,0,279,0
L00068,Healthcare,1000+,44908435.88,434240.31,Outbound,Qualified,25922.7,0,116,1
L00069,Retail,1000+,4297970.35,338139.04,Outbound,Closed Lost,47192.69,0,97,0
L00070,Retail,51-200,19715884.99,28247.39,Organic Search,Contacted,89885.28,0,161,0
L00071,Technology,1-50,5102253.63,285329.83,Organic Search,Proposal,15810.17,0,339,0
L00072,Manufacturing,201-1000,927964.78,382830.98,Paid Ads,Closed Lost,82771.39,1,297,0
L00073,Manufacturing,1000+,33119762.26,72568.99,Outbound,Proposal,29838.98,0,296,1
L00074,Healthcare,1-50,30162227.15,118192.02,Paid Ads,Closed Won,81050.03,0,81,1
L00075,Manufacturing,1-50,8234653.78,441835.08,Organic Search,Closed Won,92106.85,0,357,1
L00076,Healthcare,51-200,11767260.37,14960.25,Event,Contacted,43321.89,0,147,0
L00077,Technology,1-50,1283016.91,377599.93,Event,Proposal,37140.01,0,5,0
L00078,Retail,51-200,41763865.56,239517.78,Organic Search,New,80419.91,0,184,0
L00079,Retail,1000+,48737060.74,226152.22,Outbound,Qualified,53418.81,1,251,1
L00080,Retail,1000+,6859430.89,8512.78,Event,Contacted,68760.46,0,24,1
L00081,Manufacturing,201-1000,11650613.17,410602.12,Outbound,Proposal,62660.09,0,40,1
L00082,Technology,201-1000,43433635.24,183113.33,Event,Qualified,16136.0,0,168,1
L00083,Manufacturing,201-1000,46330543.52,272678.99,Outbound,Qualified,84634.25,1,2,1
L00084,Manufacturing,1-50,21039406.4,340263.84,Event,Contacted,20381.74,0,363,0
L00085,Technology,1000+,2626061.37,352801.64,Outbound,Closed Lost,93295.93,0,170,0
L00086,Technology,51-200,2065652.5,478210.13,Paid Ads,New,25806.56,0,56,1
L00087,Technology,201-1000,28740098.32,268013.28,Outbound,New,73654.22,1,82,1
L00088,Technology,51-200,19705465.93,202861.18,Paid Ads,Contacted,29180.88,1,329,0
L00089,Retail,51-200,1529756.14,477083.3,Paid Ads,Closed Lost,32460.76,0,178,0
L00090,Finance,201-1000,29204294.38,322844.57,Organic Search,Closed Lost,31690.18,0,132,0
L00091,Finance,1000+,663996.58,152584.43,Paid Ads,Proposal,75041.33,0,85,0
L00092,Technology,201-1000,39389860.71,67599.8,Referral,Closed Won,56124.7,1,352,1
L00093,Finance,51-200,15390997.85,422064.48,Paid Ads,Contacted,88412.29,1,270,0
L00094,Finance,201-1000,2108874.35,184279.89,Outbound,Closed Lost,31429.9,1,343,0
L00095,Technology,51-200,29458775.83,331932.51,Paid Ads,New,69507.26,1,93,1
L00096,Finance,51-200,19944452.28,238054.13,Outbound,New,75541.91,1,355,0
L00097,Manufacturing,201-1000,48692640.63,103470.24,Outbound,New,15996.73,0,249,0
L00098,Healthcare,1-50,27255513.26,302834.87,Referral,Qualified,40658.35,1,294,0
L00099,Healthcare,201-1000,13834435.13,35038.12,Paid Ads,Proposal,48798.93,0,197,1
L00100,Technology,1-50,35500999.35,209604.52,Paid Ads,Contacted,36213.05,1,78,0
L00101,Retail,51-200,13647450.93,275574.4,Event,Closed Lost,32889.15,0,165,0
L00102,Technology,51-200,45221740.24,220843.25,Event,Qualified,68955.57,0,38,0
L00103,Retail,1-50,18798626.33,375592.73,Organic Search,New,22370.77,0,307,0
L00104,Healthcare,51-200,27538441.28,414822.85,Outbound,Qualified,71229.68,0,213,0
L00105,Technology,1-50,2623597.88,386765.32,Referral,Proposal,93569.38,0,130,0
L00106,Manufacturing,1-50,21363449.77,24212.41,Event,Closed Won,56954.55,0,156,1
L00107,Finance,51-200,41634940.63,101093.74,Paid Ads,Qualified,61531.99,0,158,1
L00108,Retail,1000+,40301875.39,270620.72,Organic Search,Qualified,7824.34,0,321,0
L00109,Finance,1-50,11293496.09,467736.91,Referral,Contacted,86583.21,0,226,1
L00110,Finance,201-1000,11381345.64,418303.6,Paid Ads,Proposal,29259.33,0,44,0
L00111,Technology,201-1000,40883535.08,422054.58,Paid Ads,Closed Lost,61890.07,1,200,0
L00112,Finance,51-200,46526881.17,155088.06,Outbound,New,97932.1,0,21,0
L00113,Manufacturing,1000+,4858509.97,217576.71,Outbound,Closed Won,59954.76,0,338,1
L00114,Finance,51-200,22557926.11,237999.44,Event,Qualified,72746.24,0,241,0
L00115,Technology,1000+,16938968.52,82898.93,Event,Contacted,45086.64,0,228,0
L00116,Manufacturing,1-50,43547353.93,20378.72,Paid Ads,Closed Lost,6976.22,0,237,0
L00117,Healthcare,1-50,4267893.24,473716.94,Paid Ads,Qualified,79962.34,0,148,1
L00118,Finance,1-50,10635184.53,124152.73,Event,Contacted,4464.89,0,272,0
L00119,Technology,1-50,37648170.05,123774.71,Event,New,70365.13,0,66,1
L00120,Healthcare,201-1000,2659563.06,46272.63,Paid Ads,Contacted,3269.24,0,6,1
L00121,Healthcare,201-1000,24677515.5,464611.34,Referral,Closed Won,86368.22,0,232,1
L00122,Retail,51-200,22161141.03,291969.87,Paid Ads,Proposal,16605.97,0,356,1
L00123,Manufacturing,1000+,16786618.83,335183.24,Referral,Closed Lost,51912.88,1,291,0
L00124,Finance,1-50,19789158.53,456230.56,Referral,Contacted,60117.92,0,255,0
L00125,Technology,1-50,26544035.29,176081.98,Paid Ads,New,46297.0,0,66,0
L00126,Retail,1000+,8152231.18,312646.12,Organic Search,New,34735.59,0,249,0
L00127,Manufacturing,1000+,28642594.33,24205.73,Event,Qualified,47313.62,0,76,0
L00128,Retail,51-200,40291073.23,97452.4,Outbound,Closed Lost,31830.16,0,86,0
L00129,Manufacturing,1000+,38032030.4,416466.67,Paid Ads,Proposal,44374.11,0,251,0
L00130,Manufacturing,1-50,7779605.24,384550.34,Referral,Contacted,36532.39,0,221,0
L00131,Finance,1-50,7547548.54,178568.13,Paid Ads,Closed Won,57054.28,0,71,1
L00132,Manufacturing,1-50,13481900.95,191521.26,Event,Proposal,24554.49,0,201,0
L00133,Retail,1-50,18117628.84,269109.44,Referral,New,98877.0,0,58,0
L00134,Manufacturing,1-50,20481933.51,5119.3,Outbound,Closed Won,50586.13,0,275,1
L00135,Finance,51-200,34016891.12,124415.95,Outbound,Contacted,20222.05,1,220,0
L00136,Finance,1-50,2928353.57,108074.75,Outbound,New,48229.61,0,156,0
L00137,Retail,51-200,1830167.94,128989.06,Organic Search,Contacted,86775.1,0,180,0
L00138,Healthcare,1-50,19656337.09,403923.39,Referral,Qualified,3158.87,0,212,0
L00139,Healthcare,201-1000,34888468.24,143438.56,Referral,Qualified,68275.86,0,128,0
L00140,Manufacturing,201-1000,9752423.61,99803.05,Organic Search,Contacted,55248.81,0,242,0
L00141,Technology,201-1000,32111073.61,254610.41,Referral,New,17786.24,0,171,1
L00142,Manufacturing,201-1000,13065424.08,433494.29,Organic Search,Proposal,81930.17,1,364,0
L00143,Retail,51-200,44315696.83,124468.1,Paid Ads,Closed Lost,37519.58,0,269,0
L00144,Retail,51-200,44794928.22,43875.44,Event,Proposal,30086.4,0,162,0
L00145,Retail,1000+,14934631.49,181420.34,Outbound,Contacted,82984.39,0,23,0
L00146,Retail,1-50,11576688.32,375087.65,Organic Search,Contacted,64213.98,1,192,1
L00147,Retail,201-1000,20624068.21,277591.82,Organic Search,Contacted,89927.65,0,293,1
L00148,Finance,51-200,12102526.1,409312.72,Organic Search,New,63358.49,0,128,0
L00149,Healthcare,1-50,33651953.78,479998.11,Paid Ads,Qualified,74340.95,0,40,0
L00150,Retail,1-50,41320627.76,397367.93,Organic Search,Proposal,83808.14,0,30,1
L00151,Technology,51-200,33687297.33,303882.52,Event,Proposal,6419.22,0,35,1
L00152,Technology,201-1000,41235087.32,249204.09,Event,Proposal,77828.85,1,360,1
L00153,Technology,1000+,19909908.89,24834.2,Outbound,Contacted,61756.94,0,252,0
L00154,Technology,1-50,7900216.84,492239.38,Paid Ads,Contacted,7881.27,0,364,0
L00155,Finance,1000+,36923752.28,194823.16,Event,Proposal,51349.21,1,214,1
L00156,Technology,201-1000,18087677.81,80352.97,Referral,Contacted,9163.35,0,286,0
L00157,Retail,201-1000,33596414.18,335020.88,Referral,Contacted,73858.77,0,255,1
L00158,Manufacturing,1000+,13605132.7,145722.7,Referral,Contacted,55103.67,0,185,1
L00159,Technology,201-1000,4153358.78,294960.24,Organic Search,Contacted,95403.78,0,60,0
L00160,Finance,1-50,49629831.59,295450.11,Organic Search,New,19130.4,0,261,0
L00161,Finance,1000+,7894455.25,225636.26,Referral,Closed Won,60997.31,0,275,1
L00162,Technology,201-1000,49422207.6,418878.71,Outbound,Closed Won,21946.63,1,110,1
L00163,Manufacturing,1000+,48866268.64,136158.7,Outbound,Contacted,61792.43,1,316,1
L00164,Technology,1-50,39711523.39,227073.13,Organic Search,New,72542.32,0,140,1
L00165,Finance,201-1000,33005205.81,271157.6,Referral,Proposal,72508.13,0,232,0
L00166,Healthcare,1-50,28932571.81,333494.24,Outbound,Contacted,81692.33,0,22,1
L00167,Retail,201-1000,43318467.11,393066.07,Organic Search,Contacted,85501.47,0,78,1
L00168,Finance,51-200,14543032.13,200429.61,Referral,New,8649.9,0,30,1
L00169,Technology,201-1000,23437292.5,324793.24,Paid Ads,Contacted,34983.45,0,3,1
L00170,Retail,1000+,31007559.47,79552.42,Referral,Proposal,69025.13,0,117,0
L00171,Technology,201-1000,20618404.75,466660.81,Referral,Closed Won,50360.04,1,65,1
L00172,Technology,1-50,21431574.06,194614.11,Event,Contacted,19876.92,0,286,0
L00173,Healthcare,1-50,16581204.91,366113.1,Event,Contacted,55718.25,0,175,0
L00174,Retail,201-1000,28255167.65,15068.84,Paid Ads,New,41336.13,0,122,1
L00175,Retail,1000+,42543668.95,106567.64,Paid Ads,New,39613.79,0,230,1
L00176,Healthcare,51-200,10156266.06,246105.86,Referral,Closed Lost,81165.62,1,42,0
L00177,Finance,1000+,46728208.63,439734.97,Outbound,Proposal,41352.24,1,3,0
L00178,Technology,51-200,34485473.92,265991.3,Paid Ads,Qualified,3619.0,0,189,0
L00179,Manufacturing,1-50,41181333.31,465285.89,Referral,Proposal,6748.27,0,303,1
L00180,Technology,1000+,27853915.56,244479.46,Organic Search,Closed Won,85768.16,0,249,1
L00181,Technology,51-200,38997883.4,247772.3,Event,Closed Won,96099.48,0,143,1
L00182,Finance,201-1000,908399.83,64274.66,Outbound,New,69152.52,0,344,0
L00183,Technology,1-50,40937183.2,402314.84,Referral,New,37072.46,0,332,0
L00184,Healthcare,201-1000,2102929.07,127247.88,Organic Search,Proposal,93921.43,0,157,0
L00185,Healthcare,1-50,44506677.48,450308.18,Event,Contacted,66617.51,0,64,0
L00186,Retail,1000+,49598941.09,455857.99,Organic Search,Closed Lost,84589.02,0,324,0
L00187,Manufacturing,1000+,14773966.36,471938.51,Referral,Proposal,76819.38,0,269,0
L00188,Technology,1-50,10594895.96,262514.09,Paid Ads,Closed Lost,38534.79,0,74,0
L00189,Technology,1-50,38291631.86,340161.42,Event,Contacted,48391.52,0,28,0
L00190,Finance,1-50,12726014.41,390365.36,Organic Search,Closed Won,19427.08,0,334,1
L00191,Healthcare,1000+,43291562.92,69852.24,Paid Ads,Contacted,29909.4,0,237,0
L00192,Manufacturing,51-200,5231845.35,302473.81,Outbound,Closed Lost,78034.44,0,152,0
L00193,Retail,201-1000,6385164.3,21977.46,Referral,New,89503.86,1,93,1
L00194,Healthcare,201-1000,48959662.6,251295.21,Referral,Qualified,72721.58,1,236,0
L00195,Retail,1000+,33724561.02,81647.13,Event,Proposal,47052.2,1,321,1
L00196,Finance,201-1000,42359672.5,95546.85,Organic Search,Qualified,9564.42,0,114,0
L00197,Finance,1-50,16284035.93,185698.55,Outbound,Qualified,6637.85,0,295,1
L00198,Technology,51-200,33856539.1,219056.4,Event,Closed Lost,38058.23,0,218,0
L00199,Manufacturing,201-1000,29752667.18,313470.35,Event,Qualified,46918.35,0,245,0
L00200,Retail,51-200,30197190.99,41842.07,Organic Search,Proposal,61302.94,0,31,0
L00201,Healthcare,1-50,34158369.73,254327.42,Outbound,New,1642.46,0,19,0
L00202,Finance,201-1000,28810422.74,95399.44,Organic Search,Closed Won,98982.57,0,52,1
L00203,Technology,1000+,21510212.23,289117.71,Referral,Proposal,37029.95,0,205,0
L00204,Technology,51-200,13868542.45,320515.28,Paid Ads,Qualified,84961.37,1,218,0
L00205,Retail,1-50,38452208.41,280571.08,Referral,New,53961.7,0,194,0
L00206,Finance,51-200,11390994.26,370456.28,Referral,Qualified,13913.51,1,304,1
L00207,Manufacturing,201-1000,34648479.88,171126.58,Event,New,79958.99,0,194,1
L00208,Finance,201-1000,11743307.85,383727.76,Referral,New,71272.88,0,344,0
L00209,Retail,1000+,31303975.48,219219.71,Outbound,Proposal,53216.17,0,81,1
L00210,Retail,1-50,37379205.53,244671.33,Referral,New,51940.76,0,0,1
L00211,Finance,1-50,11013823.06,325810.55,Outbound,New,9660.48,0,166,0
L00212,Retail,1000+,3091170.71,14087.4,Organic Search,Proposal,65929.05,0,316,0
L00213,Finance,1000+,6635589.78,328727.14,Event,New,91213.27,0,182,0
L00214,Healthcare,1-50,30339248.67,311199.65,Outbound,Contacted,10231.25,0,349,1
L00215,Finance,51-200,42487375.67,158374.32,Referral,New,27087.63,0,272,0
L00216,Finance,51-200,2345341.38,47468.17,Event,Qualified,90328.49,0,156,1
L00217,Retail,1000+,36734147.83,50013.05,Event,Proposal,29150.05,0,361,0
L00218,Retail,51-200,17131800.43,461995.75,Outbound,Proposal,65740.42,1,200,0
L00219,Technology,1-50,23978565.66,346193.26,Outbound,Contacted,53947.0,0,191,1
L00220,Technology,201-1000,46450091.54,67915.79,Paid Ads,New,60036.43,0,340,1
L00221,Healthcare,201-1000,16665378.09,181577.97,Paid Ads,New,42163.1,0,298,1
L00222,Technology,51-200,23320313.0,298279.08,Event,Qualified,30699.16,1,75,1
L00223,Finance,1000+,782752.5,418607.99,Paid Ads,Closed Lost,5804.81,0,139,0
L00224,Retail,1000+,4171776.13,26612.16,Referral,Contacted,74683.81,0,305,1
L00225,Technology,1000+,13003720.4,122133.4,Organic Search,Contacted,74863.25,0,195,0
L00226,Technology,1000+,1489826.82,445425.75,Event,New,67401.85,0,60,0
L00227,Healthcare,1000+,31605628.77,9536.95,Organic Search,Proposal,64719.75,0,359,0
L00228,Healthcare,51-200,21377278.0,104692.56,Paid Ads,Proposal,25128.0,0,306,0
L00229,Finance,201-1000,27452445.62,479716.97,Outbound,Proposal,3212.15,1,332,1
L00230,Retail,201-1000,8814894.58,308633.91,Event,Closed Won,81062.82,0,353,1
L00231,Healthcare,51-200,14867008.27,134527.33,Paid Ads,Qualified,49622.72,1,82,0
L00232,Technology,1000+,33224841.3,38160.59,Referral,New,31376.97,1,333,0
L00233,Retail,51-200,48268605.91,18954.71,Event,Contacted,11091.26,0,4,1
L00234,Retail,201-1000,2615797.0,126148.81,Event,Proposal,7209.44,0,218,0
L00235,Technology,1-50,44530177.61,441335.48,Outbound,Proposal,35537.81,0,253,0
L00236,Healthcare,51-200,28886371.95,210877.26,Event,Qualified,80668.97,1,87,0
L00237,Technology,1000+,28239586.38,361565.02,Outbound,Proposal,91953.65,0,208,1
L00238,Retail,201-1000,25063898.91,459551.09,Paid Ads,Proposal,89778.39,0,179,0
L00239,Manufacturing,201-1000,3562764.89,206980.03,Referral,Closed Won,92080.08,0,207,1
L00240,Manufacturing,201-1000,4584854.9,99682.3,Referral,Qualified,90864.81,1,272,1
L00241,Finance,201-1000,30085509.08,260973.38,Event,Proposal,53195.25,0,64,0
L00242,Technology,1000+,17113832.71,454501.43,Event,Contacted,22722.15,0,20,1
L00243,Technology,1-50,45871676.52,403165.33,Paid Ads,Proposal,80006.61,0,176,1
L00244,Finance,201-1000,20388867.81,37585.77,Outbound,Closed Lost,22157.58,0,362,0
L00245,Finance,51-200,7249744.79,347823.54,Referral,Contacted,27453.52,0,21,1
L00246,Finance,1-50,35764469.79,288089.27,Outbound,Proposal,24092.18,1,324,1
L00247,Retail,201-1000,14738335.73,454194.27,Paid Ads,Proposal,51983.26,0,35,0
L00248,Technology,1-50,26320968.34,65628.3,Referral,New,32860.92,0,249,1
L00249,Retail,51-200,34921856.0,269347.88,Referral,Qualified,16261.45,0,148,1
L00250,Finance,201-1000,45023179.15,440334.03,Organic Search,New,45864.17,0,72,1
L00251,Technology,51-200,39630340.62,207961.77,Paid Ads,Closed Lost,87516.82,0,90,0
L00252,Retail,1000+,33850417.29,243587.48,Paid Ads,Closed Won,57484.73,0,175,1
L00253,Retail,201-1000,34013695.8,39878.04,Organic Search,New,87955.22,0,125,0
L00254,Finance,201-1000,47301639.74,142681.1,Outbound,New,20391.35,0,203,0
L00255,Technology,201-1000,14861622.47,165630.79,Organic Search,Qualified,17530.41,0,245,0
L00256,Finance,201-1000,155493.5,472835.61,Paid Ads,Contacted,57982.14,0,98,0
L00257,Technology,1000+,13670532.51,144920.34,Outbound,New,46869.56,0,270,1
L00258,Manufacturing,201-1000,10972779.84,233130.02,Referral,Qualified,66357.09,0,43,0
L00259,Healthcare,1-50,33125545.8,337295.69,Organic Search,Contacted,79668.05,0,221,1
L00260,Healthcare,201-1000,31722208.83,85280.77,Outbound,New,75379.42,0,96,0
L00261,Healthcare,1000+,29713723.0,245788.98,Outbound,Closed Won,94283.86,0,35,1
L00262,Finance,201-1000,910547.82,370576.82,Outbound,Closed Lost,40427.38,0,167,0
L00263,Manufacturing,1-50,36466024.92,434093.33,Organic Search,Proposal,21432.29,0,29,1
L00264,Technology,1000+,16244167.58,314998.34,Referral,Closed Won,55540.35,1,281,1
L00265,Retail,1000+,33286293.85,336181.49,Outbound,Contacted,11963.57,0,84,0
L00266,Technology,1-50,27873263.58,67510.32,Organic Search,Contacted,29596.26,0,356,0
L00267,Retail,1-50,17202273.18,473159.37,Paid Ads,Contacted,21580.92,0,120,0
L00268,Technology,1-50,6815355.73,70624.17,Organic Search,Proposal,40259.81,0,286,0
L00269,Manufacturing,1-50,4811502.99,388463.1,Organic Search,Closed Lost,12010.44,0,247,0
L00270,Retail,1-50,41592764.82,136084.08,Organic Search,Proposal,4152.33,0,183,1
L00271,Finance,1000+,45928037.35,467128.61,Outbound,Closed Won,66022.61,0,252,1
L00272,Technology,1000+,32524423.53,361379.97,Organic Search,Proposal,61414.65,0,272,1
L00273,Technology,201-1000,5261362.33,378137.79,Paid Ads,Contacted,71127.53,0,208,0
L00274,Retail,201-1000,20161158.12,113434.29,Outbound,Qualified,66378.26,0,353,0
L00275,Finance,51-200,36474066.09,224304.79,Paid Ads,New,12315.17,0,23,1
L00276,Finance,201-1000,39013062.11,310817.53,Event,New,29816.81,1,121,0
L00277,Manufacturing,201-1000,5999109.25,386136.94,Organic Search,Proposal,13823.13,0,224,1
L00278,Finance,1-50,101532.87,56459.89,Outbound,Qualified,84454.27,0,122,1
L00279,Finance,1-50,35635638.59,481370.83,Outbound,Qualified,74943.46,0,293,0
L00280,Finance,201-1000,17894149.18,445659.23,Organic Search,Qualified,20951.17,0,172,0
L00281,Healthcare,51-200,12798618.45,138822.55,Referral,Contacted,34789.61,0,142,0
L00282,Manufacturing,1-50,743583.74,412266.32,Referral,Qualified,96694.88,0,168,0
L00283,Technology,201-1000,27060940.4,261570.34,Paid Ads,Qualified,59821.78,0,56,1
L00284,Retail,201-1000,42572421.7,233594.21,Organic Search,Contacted,80314.4,0,41,1
L00285,Technology,1000+,47885819.15,160644.88,Organic Search,Closed Won,27194.51,0,308,1
L00286,Manufacturing,51-200,28330673.04,292579.45,Event,Qualified,21795.24,0,118,0
L00287,Retail,1000+,25771620.25,366295.11,Referral,Proposal,78607.78,1,120,1
L00288,Manufacturing,51-200,4344313.64,208411.79,Referral,Closed Won,68901.37,0,311,1
L00289,Finance,1-50,27488752.8,316463.5,Organic Search,Closed Won,68416.81,1,250,1
L00290,Retail,51-200,19060956.04,351159.9,Paid Ads,Closed Won,55710.82,0,342,1
L00291,Finance,201-1000,30396050.52,357005.3,Organic Search,Contacted,56794.26,1,331,1
L00292,Technology,201-1000,19497444.76,30723.22,Paid Ads,New,73834.05,0,340,0
L00293,Technology,51-200,12090926.26,430575.16,Referral,Contacted,27730.25,0,340,0
L00294,Retail,51-200,4838767.23,231835.39,Event,Contacted,35924.08,0,336,1
L00295,Retail,51-200,15814430.38,134895.96,Outbound,Closed Lost,87292.04,0,181,0
L00296,Manufacturing,1000+,4922577.23,124673.43,Referral,Proposal,31577.65,0,164,0
L00297,Manufacturing,51-200,8927157.85,244091.99,Paid Ads,New,55084.65,0,263,0
L00298,Finance,1-50,49368074.31,443981.61,Organic Search,New,70561.31,1,209,0
L00299,Retail,1000+,22260767.49,192282.05,Referral,New,99992.56,0,10,1
L00300,Technology,1000+,26640401.15,376114.24,Event,Proposal,44093.84,0,181,1
L00301,Manufacturing,51-200,43693564.58,52925.27,Paid Ads,Proposal,43381.19,0,250,1
L00302,Manufacturing,1-50,49778888.13,240648.07,Organic Search,Closed Won,84416.25,0,137,1
L00303,Technology,1000+,29177451.02,495884.64,Outbound,Closed Lost,80744.81,0,217,0
L00304,Manufacturing,201-1000,40642443.67,386366.71,Paid Ads,Contacted,73376.51,0,238,0
L00305,Finance,1000+,16414357.11,109211.6,Organic Search,Contacted,46859.73,1,336,1
L00306,Retail,51-200,15356623.48,253213.53,Outbound,Contacted,33069.97,0,86,1
L00307,Technology,1-50,20194915.68,120644.26,Organic Search,Contacted,61264.32,0,297,0
L00308,Retail,51-200,33658112.41,207732.66,Outbound,Closed Lost,87746.11,0,292,0
L00309,Manufacturing,201-1000,34141365.29,391141.59,Outbound,Qualified,88493.97,1,91,1
L00310,Manufacturing,201-1000,15830447.79,386756.28,Outbound,Proposal,11741.34,0,207,0
L00311,Technology,201-1000,6747175.21,117909.69,Organic Search,Qualified,43406.68,1,203,0
L00312,Finance,51-200,31656573.2,461500.54,Outbound,New,47007.47,0,185,1
L00313,Healthcare,1000+,6503460.52,298321.25,Paid Ads,New,97783.92,0,84,1
L00314,Technology,51-200,28966776.16,193062.52,Event,Qualified,68121.8,0,314,0
L00315,Healthcare,1-50,34701764.19,253458.11,Event,Proposal,41317.4,0,151,0
L00316,Healthcare,1000+,35060513.67,304510.27,Outbound,Contacted,3579.73,0,155,1
L00317,Finance,201-1000,37698258.32,282145.81,Event,Proposal,56973.13,0,292,0
L00318,Healthcare,51-200,43655685.14,245770.49,Event,Closed Won,10511.52,0,20,1
L00319,Healthcare,201-1000,25047953.7,254941.74,Outbound,Qualified,83610.55,1,160,1
L00320,Finance,201-1000,36539434.56,92323.9,Outbound,Proposal,75499.35,1,338,0
L00321,Healthcare,1-50,30996719.49,407302.79,Paid Ads,Qualified,46590.41,1,155,0
L00322,Healthcare,1000+,9413333.0,273171.36,Referral,Proposal,43491.87,1,142,1
L00323,Healthcare,1-50,1381913.28,69884.53,Organic Search,Proposal,89836.56,0,256,1
L00324,Technology,1-50,14298615.15,384247.77,Outbound,Closed Lost,29557.38,0,106,0
L00325,Technology,1-50,22207381.95,466559.77,Outbound,Contacted,25652.98,1,283,1
L00326,Technology,201-1000,30893586.63,473916.92,Event,Qualified,93980.55,0,49,1
L00327,Finance,1-50,42512970.59,187663.78,Paid Ads,New,81115.34,0,34,1
L00328,Manufacturing,1-50,9892661.26,72080.85,Event,Contacted,82241.93,0,223,1
L00329,Healthcare,1000+,6364934.52,261607.82,Outbound,Proposal,20324.19,0,155,1
L00330,Healthcare,1000+,48177649.38,60741.57,Outbound,Closed Lost,15186.3,0,190,0
L00331,Finance,1-50,5491423.51,467323.77,Event,Contacted,3576.93,0,183,0
L00332,Healthcare,1000+,23976704.4,95871.92,Outbound,New,24467.11,0,236,0
L00333,Technology,1000+,29319630.07,130119.1,Referral,Contacted,77644.86,1,296,0
L00334,Manufacturing,1-50,27114583.6,206285.08,Organic Search,Qualified,24763.8,0,322,1
L00335,Retail,201-1000,4393004.64,194666.41,Organic Search,Contacted,73181.23,0,303,0
L00336,Healthcare,1-50,2945643.01,398358.13,Organic Search,Contacted,25938.92,0,341,1
L00337,Technology,1000+,5363623.03,230876.83,Referral,Proposal,40133.96,1,57,1
L00338,Retail,201-1000,29320825.43,89530.29,Outbound,New,98333.07,0,38,1
L00339,Manufacturing,51-200,27262809.89,137268.9,Event,Qualified,25236.36,0,240,0
L00340,Retail,201-1000,11763665.52,257011.13,Paid Ads,Proposal,38260.69,1,24,0
L00341,Technology,1000+,31924929.68,77989.69,Outbound,Contacted,30807.63,0,315,1
L00342,Retail,201-1000,41021368.35,307769.56,Referral,Proposal,11852.87,1,116,1
L00343,Finance,1-50,2174790.1,285044.92,Referral,Proposal,49499.52,0,341,0
L00344,Retail,51-200,24956684.18,358777.65,Organic Search,Proposal,38490.38,0,239,0
L00345,Healthcare,51-200,34496589.56,469163.78,Outbound,Qualified,69793.82,0,174,0
L00346,Healthcare,51-200,12690365.16,456566.01,Organic Search,Contacted,81941.86,0,339,1
L00347,Finance,1000+,15457768.17,473307.43,Paid Ads,Closed Won,54880.72,0,227,1
L00348,Technology,1000+,30720531.36,126134.22,Organic Search,Proposal,4187.45,1,252,0
L00349,Healthcare,51-200,44906971.14,70124.83,Paid Ads,Contacted,62273.31,1,110,0
L00350,Manufacturing,201-1000,40515228.57,154626.97,Referral,New,6483.68,1,240,0
L00351,Healthcare,51-200,29198197.93,448067.16,Organic Search,New,62019.28,0,223,0
L00352,Healthcare,201-1000,36538063.72,486166.47,Organic Search,New,68817.96,1,297,1
L00353,Technology,201-1000,18304641.26,430365.85,Event,Qualified,20579.0,0,51,0
L00354,Retail,1000+,32084179.85,59458.77,Referral,New,82115.27,1,220,0
L00355,Healthcare,201-1000,23362461.4,473976.86,Event,Contacted,91197.43,0,303,0
L00356,Finance,51-200,9577813.21,214562.22,Paid Ads,Proposal,81495.61,0,287,0
L00357,Retail,1000+,35116739.87,9608.59,Paid Ads,Contacted,31205.81,1,151,1
L00358,Manufacturing,1-50,27867585.4,223984.9,Referral,Proposal,59077.66,1,117,1
L00359,Technology,1-50,17995216.94,27804.24,Paid Ads,Proposal,91566.7,0,278,0
L00360,Manufacturing,1000+,45575825.58,274219.57,Referral,Contacted,32745.81,0,134,0
L00361,Retail,51-200,1144612.48,172584.24,Paid Ads,Proposal,82182.75,0,208,1
L00362,Retail,1-50,15857080.25,239350.29,Outbound,Proposal,1938.04,0,126,0
L00363,Retail,1-50,2938381.75,308519.33,Organic Search,Contacted,1361.02,0,292,1
L00364,Manufacturing,201-1000,38349713.08,435056.54,Outbound,Contacted,76211.45,0,6,1
L00365,Retail,201-1000,35135161.96,332641.28,Referral,Qualified,76383.31,0,221,0
L00366,Manufacturing,51-200,16634475.71,219854.19,Referral,Closed Lost,79108.74,0,76,0
L00367,Retail,1000+,33815578.82,410616.79,Outbound,Proposal,93072.66,0,337,0
L00368,Finance,51-200,19857267.59,453263.16,Organic Search,New,12672.72,0,350,1
L00369,Retail,1000+,37837064.19,64281.18,Organic Search,Proposal,23966.51,0,277,0
L00370,Manufacturing,1-50,22763764.77,268306.82,Event,Qualified,90468.77,0,333,0
L00371,Healthcare,201-1000,20672758.42,145833.42,Paid Ads,Qualified,18546.38,0,337,0
L00372,Retail,51-200,46743022.78,28295.29,Event,Proposal,68540.7,0,226,0
L00373,Healthcare,51-200,12618867.08,335930.61,Organic Search,Qualified,53515.84,0,274,0
L00374,Finance,1000+,6110322.27,432071.53,Outbound,Closed Won,9236.17,0,350,1
L00375,Technology,1000+,29268701.35,85636.81,Paid Ads,Proposal,29241.1,0,294,0
L00376,Finance,51-200,48469158.43,407144.76,Outbound,Proposal,52516.85,0,116,0
L00377,Retail,1000+,18954176.76,427430.89,Event,New,85382.66,1,291,1
L00378,Healthcare,51-200,3195634.51,457598.52,Referral,Closed Won,71046.31,0,270,1
L00379,Healthcare,51-200,17031332.84,136316.12,Outbound,Closed Lost,62566.43,0,156,0
L00380,Manufacturing,51-200,25345989.55,452456.77,Event,New,50107.26,0,59,0
L00381,Healthcare,1-50,8179958.03,163728.06,Event,Qualified,30569.71,0,183,1
L00382,Manufacturing,1000+,32939300.68,278407.32,Event,Contacted,12805.25,1,143,0
L00383,Technology,201-1000,49887694.51,30001.2,Referral,Proposal,41498.53,0,160,0
L00384,Retail,201-1000,22641799.85,26721.14,Referral,Proposal,3823.33,0,88,0
L00385,Manufacturing,1000+,17800954.98,361584.74,Referral,New,21894.53,0,15,0
L00386,Technology,51-200,20095137.93,225017.59,Paid Ads,Closed Won,43815.85,0,248,1
L00387,Healthcare,201-1000,5845794.3,131864.73,Referral,New,42441.91,0,97,0
L00388,Healthcare,201-1000,44175352.71,99254.68,Referral,Proposal,5385.25,1,103,1
L00389,Technology,1000+,20799800.21,336626.98,Referral,Qualified,59316.96,1,299,0
L00390,Healthcare,201-1000,19424993.13,5198.76,Outbound,Contacted,55418.74,0,234,0
L00391,Technology,51-200,33018544.62,403916.13,Referral,New,8732.33,1,306,1
L00392,Manufacturing,1000+,22157467.7,44228.56,Paid Ads,New,94373.14,0,273,0
L00393,Manufacturing,51-200,32446850.09,99787.36,Event,Proposal,10838.9,1,260,0
L00394,Technology,201-1000,3166169.88,196187.02,Outbound,Qualified,85628.58,1,238,1
L00395,Manufacturing,201-1000,40704794.85,245005.08,Organic Search,New,1030.66,0,261,0
L00396,Manufacturing,51-200,47031147.25,180722.58,Referral,New,88345.83,0,331,1
L00397,Manufacturing,1-50,32473392.77,163752.52,Event,New,2952.25,0,114,0
L00398,Finance,201-1000,47732839.85,482138.43,Event,Proposal,76023.39,0,267,0
L00399,Retail,1-50,7656472.49,322581.94,Outbound,Proposal,36807.39,0,11,1
L00400,Healthcare,201-1000,23923067.86,16599.31,Organic Search,New,74083.46,1,72,1
L00401,Finance,1-50,30130156.02,217937.07,Paid Ads,Qualified,40772.78,1,361,1
L00402,Manufacturing,1-50,29128658.71,438129.31,Event,New,8019.88,0,304,1
L00403,Technology,1-50,20132942.78,154220.81,Event,Closed Lost,76983.16,1,177,0
L00404,Manufacturing,51-200,16970412.03,51805.39,Event,Closed Lost,8054.02,1,259,0
L00405,Retail,1-50,6428518.73,380400.46,Event,Proposal,92289.92,0,258,0
L00406,Manufacturing,1-50,19647948.28,304976.85,Outbound,Closed Lost,6046.43,0,269,0
L00407,Technology,1-50,8216774.67,287304.69,Organic Search,Closed Won,48453.2,0,319,1
L00408,Retail,201-1000,36744847.26,31520.4,Event,Closed Won,72580.41,0,119,1
L00409,Manufacturing,1-50,10520663.68,74547.01,Paid Ads,Qualified,39931.4,0,168,0
L00410,Retail,201-1000,3022408.73,313161.95,Paid Ads,Contacted,22506.11,0,67,1
L00411,Healthcare,1-50,27663070.28,107872.8,Referral,Contacted,76150.01,1,58,0
L00412,Healthcare,1-50,29801963.66,254514.69,Event,Contacted,78645.18,1,129,0
L00413,Manufacturing,51-200,43608461.76,274716.43,Event,Proposal,92346.8,0,265,0
L00414,Retail,201-1000,28891382.46,145336.06,Event,New,38240.35,1,74,1
L00415,Technology,1-50,17339494.6,474470.45,Event,Contacted,51118.92,0,89,1
L00416,Manufacturing,201-1000,40170292.89,422019.73,Event,Qualified,36949.72,1,356,0
L00417,Healthcare,201-1000,27059916.77,362574.89,Paid Ads,Contacted,26451.1,0,153,0
L00418,Healthcare,1000+,4056086.2,43606.96,Organic Search,Qualified,75352.26,0,217,1
L00419,Manufacturing,51-200,28335942.96,57534.36,Organic Search,Closed Lost,34625.53,1,27,0
L00420,Retail,51-200,45410125.42,248926.77,Referral,Proposal,43386.79,0,129,1
L00421,Healthcare,51-200,19876000.01,84553.11,Paid Ads,Proposal,40963.69,0,65,1
L00422,Retail,1000+,14886657.51,489241.4,Event,Qualified,71553.46,0,143,0
L00423,Healthcare,1000+,7259125.91,83467.52,Organic Search,Qualified,91861.77,0,312,0
L00424,Healthcare,51-200,7657131.54,246296.58,Outbound,New,67008.85,1,276,1
L00425,Finance,1000+,21695297.07,185239.92,Outbound,Closed Won,47686.68,0,102,1
L00426,Healthcare,1000+,29824423.23,321496.28,Outbound,Contacted,78141.31,1,313,1
L00427,Technology,1000+,4122708.72,68873.02,Event,New,64456.16,0,36,0
L00428,Manufacturing,51-200,46984472.59,218006.63,Event,Proposal,7000.43,0,248,0
L00429,Manufacturing,51-200,37781167.51,140978.99,Referral,New,10470.7,0,155,0
L00430,Retail,51-200,29372533.52,444437.0,Referral,Contacted,4753.78,0,131,1
L00431,Healthcare,1000+,41439089.68,25089.93,Referral,New,46224.82,0,46,1
L00432,Technology,51-200,4101319.16,457295.11,Outbound,New,82759.49,0,194,1
L00433,Retail,1000+,23894260.0,417332.1,Event,New,31995.23,0,102,0
L00434,Finance,1-50,31541647.03,152297.5,Outbound,New,39031.86,0,327,1
L00435,Retail,1000+,41449780.02,395698.87,Referral,Proposal,91038.23,0,170,0
L00436,Retail,201-1000,39195131.05,20450.71,Event,Closed Won,83853.44,0,88,1
L00437,Healthcare,51-200,13925755.56,483598.45,Paid Ads,Contacted,66839.76,0,245,0
L00438,Finance,51-200,47049920.46,265664.5,Organic Search,Closed Won,27413.57,0,57,1
L00439,Retail,201-1000,6304857.49,155124.11,Organic Search,Contacted,12587.11,0,104,0
L00440,Technology,1000+,43769167.57,184478.69,Referral,Contacted,2589.82,0,179,0
L00441,Technology,1-50,48549918.46,37870.65,Outbound,New,11594.06,0,68,0
L00442,Manufacturing,201-1000,8939960.81,494728.01,Paid Ads,Proposal,29967.05,0,301,0
L00443,Finance,201-1000,36131096.6,24449.51,Event,Qualified,55627.22,0,152,0
L00444,Finance,1000+,2110247.39,329179.03,Outbound,Proposal,7336.01,0,24,0
L00445,Manufacturing,51-200,20330598.97,224154.28,Referral,Proposal,14486.55,1,34,0
L00446,Retail,1000+,25862536.63,474713.53,Outbound,Qualified,18926.99,0,14,1
L00447,Finance,201-1000,29074196.77,126769.87,Referral,Proposal,63566.23,0,105,0
L00448,Technology,201-1000,46803268.69,268382.98,Organic Search,Closed Lost,61963.19,0,217,0
L00449,Technology,51-200,33645309.3,243766.32,Organic Search,Contacted,55525.81,0,73,1
L00450,Healthcare,51-200,24115769.77,352918.89,Outbound,Contacted,25799.64,1,343,1
L00451,Finance,51-200,40502784.31,38665.06,Paid Ads,Proposal,37740.85,0,284,1
L00452,Retail,1000+,47531587.77,100925.62,Event,Proposal,10572.28,0,37,0
L00453,Manufacturing,51-200,1201100.82,111209.59,Referral,New,23419.6,0,196,0
L00454,Manufacturing,201-1000,49127811.49,370384.62,Event,Contacted,89872.82,0,279,0
L00455,Retail,201-1000,4397993.74,98623.65,Organic Search,Qualified,97989.48,0,274,0
L00456,Healthcare,1-50,40737900.29,288878.42,Paid Ads,Qualified,65118.3,0,173,1
L00457,Manufacturing,1000+,14088704.15,111545.69,Paid Ads,New,91765.51,0,304,1
L00458,Finance,1-50,6695764.92,431504.35,Event,Closed Lost,64631.45,0,43,0
L00459,Healthcare,201-1000,22048796.42,471381.8,Organic Search,Proposal,4286.45,1,153,1
L00460,Finance,1-50,32233433.31,261654.02,Event,Qualified,99679.5,1,152,0
L00461,Technology,201-1000,19109497.07,179392.9,Outbound,Proposal,10796.28,0,290,0
L00462,Healthcare,1-50,2822813.87,120858.6,Paid Ads,Closed Won,68581.54,0,141,1
L00463,Manufacturing,51-200,30013110.87,29641.6,Paid Ads,New,26030.78,0,255,0
L00464,Healthcare,1-50,45129923.48,137907.54,Outbound,Contacted,39806.13,0,311,0
L00465,Healthcare,51-200,19222446.76,328846.71,Organic Search,Qualified,64947.48,1,133,0
L00466,Healthcare,51-200,10895005.6,269140.38,Paid Ads,Proposal,44212.25,0,31,0
L00467,Healthcare,1000+,22184609.56,472300.43,Referral,New,25804.06,0,25,0
L00468,Finance,51-200,2513299.28,201157.24,Referral,Closed Lost,34110.17,1,254,0
L00469,Technology,51-200,41042330.47,348462.35,Organic Search,Qualified,34813.26,1,222,0
L00470,Retail,1-50,41334406.47,247214.76,Outbound,Contacted,95973.07,0,55,0
L00471,Healthcare,201-1000,29441223.13,258725.23,Event,Contacted,80062.69,0,292,0
L00472,Manufacturing,1000+,17719834.16,137548.29,Organic Search,New,46396.33,0,124,1
L00473,Healthcare,51-200,40009189.89,230200.63,Event,Proposal,20782.27,0,229,0
L00474,Manufacturing,1000+,27778882.54,238038.57,Organic Search,Closed Lost,81290.59,1,52,0
L00475,Finance,1-50,41314022.2,354788.05,Referral,Qualified,16561.06,0,100,1
L00476,Manufacturing,51-200,31609793.75,470616.8,Outbound,Closed Lost,21835.76,0,333,0
L00477,Retail,1-50,39241833.11,168014.03,Referral,Closed Won,37235.33,0,291,1
L00478,Technology,1000+,29968293.36,25889.23,Outbound,Qualified,88154.47,1,356,0
L00479,Manufacturing,1-50,20765639.3,250666.09,Event,Proposal,14046.88,1,266,1
L00480,Manufacturing,1000+,47901498.41,274508.36,Organic Search,Qualified,13101.19,1,282,0
L00481,Technology,1-50,27101579.86,88378.07,Paid Ads,Qualified,49903.52,0,1,0
L00482,Retail,1000+,30293966.98,381429.98,Paid Ads,New,28364.64,1,21,1
L00483,Healthcare,201-1000,11102333.21,492539.91,Outbound,Proposal,57304.07,0,65,0
L00484,Manufacturing,1-50,31319974.39,473158.48,Outbound,New,45712.03,0,211,1
L00485,Technology,1-50,28623221.71,102567.49,Referral,Closed Won,44060.95,0,235,1
L00486,Finance,201-1000,9323436.06,438304.8,Paid Ads,Closed Won,12085.32,1,16,1
L00487,Technology,201-1000,3073396.16,353724.35,Referral,Contacted,14963.92,1,13,0
L00488,Finance,1-50,30257530.05,229654.05,Event,Contacted,82286.78,0,6,1
L00489,Retail,201-1000,38208244.24,272602.44,Paid Ads,Qualified,88702.39,0,334,1
L00490,Healthcare,51-200,26217728.41,425552.09,Event,Qualified,24233.67,1,221,0
L00491,Technology,1000+,11415954.0,242666.8,Organic Search,Contacted,12232.59,0,103,0
L00492,Manufacturing,1000+,33359446.64,189737.65,Referral,Qualified,6288.25,1,0,0
L00493,Retail,1000+,4097275.76,249157.51,Outbound,Contacted,61221.46,0,286,0
L00494,Technology,51-200,22147501.87,291669.25,Paid Ads,New,71819.97,0,246,1
L00495,Manufacturing,201-1000,8252001.24,98593.44,Referral,New,37908.19,0,90,0
L00496,Technology,201-1000,9304506.65,450949.33,Outbound,New,68287.91,0,313,0
L00497,Finance,1-50,10194468.06,338722.54,Organic Search,Proposal,71582.92,0,311,1
L00498,Technology,201-1000,19396682.15,318468.11,Paid Ads,Closed Lost,93598.89,0,213,0
L00499,Technology,1-50,2652395.26,54250.63,Event,Qualified,7422.49,0,42,0
L00500,Technology,51-200,19949892.7,304066.1,Organic Search,Qualified,20036.88,0,73,0
L00501,Retail,1000+,25634201.61,64875.53,Outbound,New,7784.07,1,241,1
L00502,Technology,1000+,24216384.82,43955.35,Paid Ads,Qualified,86931.4,0,48,1
L00503,Manufacturing,1000+,19200926.61,266018.89,Paid Ads,New,79466.13,0,363,0
L00504,Finance,201-1000,41973415.74,204378.84,Organic Search,Proposal,57889.56,1,315,0
L00505,Finance,1-50,7351801.95,296461.08,Paid Ads,Closed Lost,9282.68,0,221,0
L00506,Technology,1-50,25334267.51,49164.97,Outbound,New,28057.92,0,349,0
L00507,Retail,51-200,3195866.71,218336.62,Organic Search,Proposal,30474.26,0,143,1
L00508,Retail,201-1000,3650668.38,91519.42,Event,New,56513.58,1,328,1
L00509,Manufacturing,51-200,28735905.9,493614.54,Organic Search,Contacted,26546.35,1,208,0
L00510,Technology,1-50,28344319.4,282769.36,Organic Search,New,8223.03,0,98,0
L00511,Finance,1-50,43913872.29,345281.25,Event,Contacted,73345.47,1,187,0
L00512,Retail,1000+,27937896.42,166082.05,Outbound,New,30608.94,0,113,0
L00513,Technology,201-1000,47993571.92,51895.76,Referral,Contacted,45785.04,0,174,0
L00514,Retail,1-50,2529872.94,488056.08,Referral,Qualified,13639.0,1,270,0
L00515,Retail,1000+,4990583.47,146698.22,Event,Contacted,80452.28,0,62,0
L00516,Finance,201-1000,2298886.49,214785.05,Outbound,Proposal,56987.66,1,283,0
L00517,Healthcare,51-200,9345314.83,326682.64,Paid Ads,Closed Lost,90256.98,0,224,0
L00518,Manufacturing,201-1000,27109378.54,17225.16,Event,Qualified,50051.68,0,160,0
L00519,Manufacturing,201-1000,32314051.85,406078.27,Referral,New,94201.14,1,35,1
L00520,Finance,1-50,2374699.38,270606.2,Outbound,Contacted,89294.95,0,140,0
L00521,Retail,1-50,47303947.4,142717.51,Organic Search,Closed Won,58069.53,1,317,1
L00522,Technology,201-1000,42124052.29,35495.95,Outbound,Qualified,93455.45,1,195,1
L00523,Retail,1-50,14900962.86,85436.72,Outbound,Qualified,32985.79,1,150,1
L00524,Finance,1-50,3951657.76,448041.76,Referral,New,37198.57,0,268,0
L00525,Manufacturing,1-50,8577364.95,344581.99,Referral,Qualified,5502.32,0,343,1
L00526,Retail,1000+,6434526.25,128701.35,Paid Ads,Contacted,59330.89,1,39,0
L00527,Manufacturing,1000+,6251860.59,37472.38,Paid Ads,Closed Lost,72470.47,0,237,0
L00528,Technology,201-1000,25976228.26,346854.58,Event,Closed Won,77578.4,0,221,1
L00529,Manufacturing,1-50,12367787.38,288341.82,Organic Search,New,15831.81,1,280,0
L00530,Manufacturing,1000+,17971171.85,205237.16,Paid Ads,Qualified,44971.75,0,224,1
L00531,Healthcare,201-1000,49476316.14,184987.67,Referral,Contacted,18509.46,1,153,0
L00532,Healthcare,1-50,34247281.02,112323.07,Outbound,Qualified,66550.61,0,279,1
L00533,Healthcare,51-200,47454135.29,336457.57,Event,Closed Won,16636.69,0,352,1
L00534,Manufacturing,1-50,7213572.1,485480.67,Paid Ads,Qualified,90512.2,0,38,0
L00535,Finance,1-50,19168759.79,91979.05,Outbound,Contacted,23832.83,0,216,0
L00536,Manufacturing,1000+,27781116.98,300572.73,Outbound,Contacted,29848.82,0,243,0
L00537,Finance,201-1000,3930227.29,214971.6,Paid Ads,Closed Won,85239.73,0,108,1
L00538,Finance,201-1000,308953.44,226110.92,Organic Search,Proposal,46388.29,1,60,0
L00539,Healthcare,1000+,33554673.26,130802.9,Organic Search,Qualified,3375.6,0,197,0
L00540,Retail,1-50,32126793.89,413441.76,Event,Contacted,49964.04,0,275,1
L00541,Technology,51-200,20598361.62,245201.52,Organic Search,Contacted,9369.79,0,171,1
L00542,Healthcare,1-50,24533239.39,273985.9,Event,Closed Lost,98549.13,0,271,0
L00543,Healthcare,1-50,20830605.73,155856.65,Referral,Qualified,59223.05,0,270,0
L00544,Retail,51-200,1297851.74,94995.19,Paid Ads,Qualified,26396.73,0,41,0
L00545,Technology,1000+,16835043.15,47525.64,Outbound,Qualified,56808.05,0,188,0
L00546,Manufacturing,201-1000,8936404.54,358488.97,Event,Proposal,8609.84,0,259,0
L00547,Manufacturing,1000+,5011367.04,102135.97,Organic Search,Contacted,80189.24,0,151,0
L00548,Healthcare,1000+,47840349.65,346587.3,Event,New,92607.48,0,130,0
L00549,Technology,1-50,30008050.28,198236.34,Event,Qualified,87569.99,0,113,0
L00550,Healthcare,201-1000,36459948.58,210808.53,Organic Search,Proposal,34834.0,0,221,1
L00551,Finance,201-1000,15836650.79,237242.86,Organic Search,Proposal,33251.04,0,53,1
L00552,Healthcare,1000+,19718041.76,187015.71,Paid Ads,Closed Won,4473.67,0,337,1
L00553,Healthcare,51-200,11922507.3,54806.89,Outbound,Contacted,65488.64,0,295,1
L00554,Manufacturing,1000+,4938586.98,158267.75,Paid Ads,New,53955.57,0,41,0
L00555,Manufacturing,51-200,9033678.71,333548.51,Paid Ads,Closed Lost,46475.29,1,92,0
L00556,Manufacturing,201-1000,39895950.86,334563.28,Organic Search,Qualified,90855.46,1,259,0
L00557,Finance,1000+,33909535.68,146681.03,Organic Search,Proposal,17620.01,0,280,0
L00558,Manufacturing,1-50,27391750.91,232750.8,Outbound,Proposal,1956.96,1,355,1
L00559,Technology,1000+,23806984.66,100756.38,Event,Qualified,8258.33,0,191,0
L00560,Retail,201-1000,46129470.75,109134.18,Paid Ads,Contacted,23113.77,0,124,1
L00561,Technology,1-50,3729473.89,16408.31,Outbound,Proposal,4295.27,0,295,1
L00562,Technology,1-50,14101980.58,448889.54,Paid Ads,Closed Won,50781.53,0,347,1
L00563,Manufacturing,51-200,17561898.89,109299.8,Event,Qualified,32094.96,0,340,1
L00564,Retail,1-50,39143048.03,117629.27,Paid Ads,Qualified,18867.82,0,34,0
L00565,Retail,1-50,49626479.55,143402.71,Referral,New,75258.32,1,46,1
L00566,Retail,1000+,12109458.69,68067.0,Outbound,New,21240.68,0,152,1
L00567,Finance,201-1000,43727935.97,321435.13,Organic Search,Contacted,69072.9,0,237,0
L00568,Manufacturing,51-200,41548075.75,42195.76,Paid Ads,Contacted,35577.23,0,4,1
L00569,Retail,1000+,11310404.14,71430.2,Outbound,Closed Lost,51670.95,1,124,0
L00570,Finance,1-50,20026695.75,324154.58,Outbound,Proposal,93452.84,0,327,1
L00571,Healthcare,1-50,20542676.18,173132.01,Paid Ads,Proposal,4697.81,0,86,0
L00572,Healthcare,51-200,48913211.36,355434.17,Organic Search,Qualified,50526.19,0,2,0
L00573,Finance,201-1000,9126505.88,280925.25,Organic Search,New,85587.87,0,164,1
L00574,Finance,51-200,39977982.76,131730.48,Paid Ads,Closed Lost,59209.45,0,222,0
L00575,Manufacturing,1000+,16776216.44,327159.84,Outbound,Contacted,28410.18,0,348,0
L00576,Manufacturing,51-200,36570430.25,62555.47,Organic Search,New,40370.43,0,296,0
L00577,Healthcare,1-50,21058549.11,270523.14,Paid Ads,Qualified,68346.3,0,342,1
L00578,Retail,1000+,28960152.18,221388.31,Paid Ads,Closed Won,89190.38,0,340,1
L00579,Healthcare,1-50,41647327.49,137597.42,Paid Ads,Closed Won,5065.57,0,24,1
L00580,Retail,201-1000,40227861.69,303982.47,Outbound,New,8082.34,0,38,0
L00581,Retail,1-50,43334516.86,436310.13,Organic Search,Closed Won,33180.1,0,104,1
L00582,Manufacturing,1-50,3074904.53,499457.83,Outbound,Contacted,24045.19,0,4,0
L00583,Technology,51-200,34633322.6,305842.57,Referral,New,27228.16,1,135,0
L00584,Technology,1-50,7085370.1,205329.41,Organic Search,Closed Won,22905.73,0,3,1
L00585,Finance,1000+,20849346.54,116477.51,Outbound,Closed Won,20386.68,0,168,1
L00586,Manufacturing,1000+,27474561.91,132262.56,Organic Search,Qualified,13931.77,0,315,1
L00587,Retail,201-1000,20196700.29,242330.21,Referral,Qualified,93461.46,1,309,1
L00588,Technology,1000+,26028622.62,186802.46,Event,Closed Won,15274.76,0,77,1
L00589,Retail,51-200,49826662.81,457338.19,Paid Ads,Proposal,21235.97,0,18,0
L00590,Technology,201-1000,6847343.95,187306.26,Outbound,Closed Won,25380.31,0,204,1
L00591,Technology,1000+,33805256.66,189855.07,Referral,Qualified,93368.47,0,354,1
L00592,Technology,51-200,19860448.22,194849.58,Referral,Closed Lost,75815.7,0,323,0
L00593,Manufacturing,1000+,6737188.97,419127.0,Organic Search,Closed Lost,79180.24,1,32,0
L00594,Healthcare,1000+,8020964.49,327140.22,Organic Search,New,11371.07,0,149,0
L00595,Retail,1-50,47468728.0,309013.58,Paid Ads,Closed Won,83794.68,0,192,1
L00596,Manufacturing,1000+,43992114.69,170400.8,Organic Search,Qualified,41411.12,0,138,1
L00597,Manufacturing,1000+,45361393.82,409862.57,Outbound,Contacted,27019.48,0,271,0
L00598,Manufacturing,51-200,49577485.51,23990.11,Outbound,Proposal,57999.26,1,195,1
L00599,Manufacturing,51-200,10494937.96,436044.6,Outbound,New,82396.11,0,126,0
L00600,Manufacturing,1-50,17836422.93,258811.2,Event,Qualified,78086.56,1,348,0
L00601,Finance,1000+,33494029.59,202133.87,Outbound,Closed Won,89109.75,0,230,1
L00602,Retail,1-50,24241746.74,251097.8,Organic Search,Contacted,92885.09,0,43,0
L00603,Manufacturing,1000+,20977637.72,335370.69,Organic Search,Qualified,24574.09,0,229,0
L00604,Retail,201-1000,17954781.34,11318.89,Outbound,Closed Lost,42961.93,0,215,0
L00605,Finance,201-1000,29729653.53,436418.17,Referral,Qualified,2448.23,0,243,0
L00606,Finance,1-50,28822112.09,226136.07,Referral,Contacted,88052.84,0,8,0
L00607,Retail,1-50,8156745.92,174768.43,Referral,Qualified,16302.64,0,249,0
L00608,Technology,1-50,23639817.89,73431.55,Paid Ads,Qualified,86286.01,0,199,1
L00609,Healthcare,51-200,27718241.63,222535.36,Event,Proposal,33609.34,0,333,1
L00610,Technology,51-200,28557318.24,250679.77,Outbound,Closed Won,37445.23,0,78,1
L00611,Technology,51-200,10584348.93,204805.11,Paid Ads,Qualified,4874.09,0,244,0
L00612,Technology,1-50,37139342.47,340936.75,Referral,Closed Won,33361.0,1,189,1
L00613,Manufacturing,1000+,1357434.83,213343.78,Outbound,Qualified,88948.0,0,85,0
L00614,Finance,201-1000,17806109.59,480901.7,Paid Ads,Contacted,3529.19,0,270,1
L00615,Technology,1-50,39032611.16,301642.37,Organic Search,Proposal,41226.42,0,261,1
L00616,Finance,51-200,28238256.76,404701.58,Referral,Proposal,4108.56,0,0,0
L00617,Retail,51-200,13132005.38,59131.17,Paid Ads,Qualified,37721.42,0,19,0
L00618,Healthcare,1-50,34778160.66,201659.19,Organic Search,New,18091.42,1,129,0
L00619,Retail,1-50,28412808.11,171739.61,Referral,New,25969.62,0,325,0
L00620,Retail,51-200,39832556.11,286893.78,Event,Contacted,87882.24,0,257,0
L00621,Manufacturing,1000+,36777756.79,431251.19,Referral,Contacted,44168.87,0,130,0
L00622,Healthcare,51-200,30544385.31,43777.42,Event,Proposal,28106.0,0,6,1
L00623,Retail,51-200,24460066.0,40924.53,Event,New,59344.5,0,339,0
L00624,Retail,1-50,6745788.07,425907.27,Event,Proposal,15068.59,1,240,1
L00625,Healthcare,1000+,13140517.59,110360.79,Outbound,Contacted,26679.77,0,191,0
L00626,Healthcare,51-200,21013063.7,336032.86,Outbound,Contacted,55078.55,1,309,1
L00627,Retail,51-200,30005034.42,273724.68,Event,Qualified,24514.78,0,296,0
L00628,Healthcare,201-1000,25734021.98,417282.33,Organic Search,Contacted,68233.65,0,114,0
L00629,Retail,1-50,14480407.85,66919.01,Event,Closed Won,49657.64,0,101,1
L00630,Retail,201-1000,422571.45,69242.57,Paid Ads,New,77426.92,0,337,0
L00631,Manufacturing,201-1000,24862337.17,280625.09,Event,Qualified,94876.21,1,318,1
L00632,Technology,51-200,14352736.83,473457.43,Outbound,Closed Won,12464.68,0,0,1
L00633,Retail,1-50,36756954.21,210423.89,Outbound,Proposal,34131.84,1,24,0
L00634,Finance,1000+,1294918.64,166836.34,Paid Ads,Contacted,32635.36,0,208,0
L00635,Technology,51-200,29282907.78,305311.21,Paid Ads,Qualified,15967.11,0,142,1
L00636,Technology,1000+,47079564.45,465572.06,Referral,Proposal,81220.01,1,196,1
L00637,Technology,1000+,8803022.43,419279.28,Organic Search,Closed Lost,76227.99,0,144,0
L00638,Manufacturing,1-50,23635309.59,497764.39,Organic Search,Closed Won,48958.12,1,148,1
L00639,Retail,201-1000,4661957.39,16171.45,Organic Search,Contacted,54239.31,0,180,1
L00640,Manufacturing,1-50,31321527.42,60864.78,Outbound,Closed Lost,6894.87,1,54,0
L00641,Retail,1000+,27571530.86,306686.54,Organic Search,New,55995.23,0,362,0
L00642,Manufacturing,51-200,20427539.66,411185.34,Referral,New,79342.81,0,137,0
L00643,Manufacturing,1000+,26116713.37,146195.95,Referral,Closed Won,57808.93,0,208,1
L00644,Finance,51-200,44839075.46,123409.49,Organic Search,New,27265.33,0,184,0
L00645,Manufacturing,51-200,9895085.69,394553.02,Paid Ads,New,67087.28,0,64,0
L00646,Healthcare,1-50,1225969.13,32909.02,Referral,Contacted,36787.35,0,36,1
L00647,Finance,1000+,43097077.75,187844.41,Paid Ads,Qualified,54942.46,0,111,0
L00648,Manufacturing,201-1000,28898142.41,255375.57,Outbound,Proposal,49268.97,0,262,0
L00649,Technology,1000+,44543856.93,282372.59,Referral,Proposal,38736.33,0,75,1
L00650,Healthcare,1000+,29887566.65,365664.5,Paid Ads,Contacted,72168.92,0,295,1
L00651,Healthcare,201-1000,40527038.39,180648.63,Organic Search,Qualified,88503.74,0,177,0
L00652,Healthcare,1-50,21540700.83,308278.75,Outbound,Closed Lost,1516.04,0,253,0
L00653,Finance,1000+,37518010.57,294760.83,Event,Closed Won,93428.04,0,0,1
L00654,Manufacturing,1000+,45660769.2,276069.97,Event,Contacted,51640.0,0,147,1
L00655,Manufacturing,51-200,28648935.89,322039.23,Organic Search,Closed Lost,70372.46,0,363,0
L00656,Technology,1000+,9121179.01,133427.34,Outbound,Proposal,85706.83,1,158,0
L00657,Technology,201-1000,13513000.99,46901.13,Outbound,New,47243.27,0,323,1
L00658,Healthcare,51-200,10012364.39,64039.48,Outbound,New,83662.43,0,267,0
L00659,Technology,1-50,12418165.68,116168.28,Outbound,New,18584.36,0,149,1
L00660,Finance,51-200,15390130.92,252597.98,Event,Proposal,16757.59,0,128,0
L00661,Manufacturing,201-1000,27801175.96,421019.16,Paid Ads,New,66089.67,1,125,0
L00662,Healthcare,201-1000,29440782.31,352140.2,Outbound,Qualified,87144.16,1,0,1
L00663,Technology,51-200,21382337.39,395575.1,Paid Ads,New,89350.19,0,116,0
L00664,Finance,1-50,30809496.91,178732.93,Outbound,Closed Lost,64730.31,0,148,0
L00665,Finance,51-200,4170588.79,205303.6,Referral,Contacted,53023.43,0,268,1
L00666,Technology,1-50,4480633.03,199872.53,Referral,Closed Lost,33807.92,0,188,0
L00667,Manufacturing,51-200,8674290.07,99977.23,Referral,Closed Lost,98020.04,1,140,0
L00668,Technology,201-1000,25952067.15,35302.25,Outbound,New,32649.87,0,104,1
L00669,Healthcare,1000+,10778334.47,297503.47,Paid Ads,Qualified,74674.42,0,251,0
L00670,Technology,1000+,14235891.73,494662.26,Event,New,53666.2,0,280,0
L00671,Finance,1-50,20075610.53,87580.7,Organic Search,Closed Lost,61242.72,0,343,0
L00672,Technology,1-50,40612119.59,28108.99,Event,Qualified,39954.57,0,100,1
L00673,Manufacturing,1-50,791720.58,390868.18,Outbound,New,96517.49,1,281,0
L00674,Retail,201-1000,32504003.13,130030.07,Referral,New,57596.55,0,357,0
L00675,Technology,51-200,33476938.9,415673.68,Referral,Contacted,93840.98,1,162,1
L00676,Manufacturing,201-1000,39952923.44,353448.65,Paid Ads,Closed Lost,1751.55,0,202,0
L00677,Manufacturing,1000+,46644371.66,473108.4,Outbound,Proposal,57694.39,0,99,0
L00678,Finance,1-50,1104878.66,207418.98,Event,Closed Won,72001.5,0,280,1
L00679,Manufacturing,51-200,7773806.91,332675.07,Outbound,Contacted,74762.94,0,256,1
L00680,Manufacturing,1000+,44319947.57,235103.12,Outbound,New,90592.71,1,93,0
L00681,Manufacturing,1000+,22980076.25,317141.41,Referral,Closed Lost,1435.76,0,323,0
L00682,Manufacturing,1000+,28273072.88,227551.46,Event,New,1032.69,0,278,0
L00683,Healthcare,201-1000,33185057.47,98372.96,Organic Search,Closed Lost,47754.08,0,226,0
L00684,Healthcare,1-50,33985423.56,256409.22,Referral,Contacted,3900.08,0,361,0
L00685,Finance,1000+,46593846.13,266649.18,Event,New,97478.72,0,149,1
L00686,Technology,1-50,49847775.93,406248.9,Paid Ads,Proposal,22984.45,0,350,1
L00687,Manufacturing,201-1000,36035857.3,369082.75,Referral,Closed Lost,47793.81,0,61,0
L00688,Technology,1000+,14432338.34,333576.85,Paid Ads,Closed Lost,7052.63,0,128,0
L00689,Technology,201-1000,43999644.87,61126.61,Referral,New,52682.79,0,186,0
L00690,Finance,201-1000,2556123.64,361705.06,Outbound,New,38615.66,0,67,1
L00691,Manufacturing,1-50,11630934.56,252651.05,Event,Qualified,5421.34,0,29,1
L00692,Manufacturing,1000+,44879547.3,447579.27,Paid Ads,Proposal,34177.3,0,303,0
L00693,Retail,201-1000,12883956.57,460336.11,Referral,Proposal,39752.17,0,274,0
L00694,Technology,1000+,11110487.88,32302.51,Paid Ads,New,99002.23,0,126,0
L00695,Technology,1-50,6992452.13,411217.57,Referral,Closed Lost,21580.7,0,212,0
L00696,Healthcare,201-1000,42969676.71,23660.21,Referral,Proposal,54933.18,0,305,1
L00697,Retail,1-50,25052907.13,186748.96,Organic Search,Closed Won,98744.24,0,133,1
L00698,Healthcare,1000+,33777170.83,273438.49,Organic Search,Qualified,79409.9,0,218,0
L00699,Healthcare,1000+,12029412.57,78309.9,Organic Search,Qualified,99343.38,0,318,0
L00700,Healthcare,1-50,37926217.01,374425.34,Paid Ads,Closed Lost,96861.53,0,156,0
L00701,Finance,51-200,38024276.69,9135.58,Outbound,Qualified,49464.41,0,187,1
L00702,Finance,201-1000,15698641.44,88456.53,Referral,Closed Won,69941.21,1,161,1
L00703,Healthcare,1000+,20593063.39,292494.43,Event,Closed Lost,11933.87,0,128,0
L00704,Retail,1000+,10563544.84,358621.84,Organic Search,Proposal,44673.73,1,303,1
L00705,Technology,201-1000,48830395.06,458738.34,Paid Ads,Qualified,81092.84,0,88,0
L00706,Retail,1-50,32315568.6,354220.84,Paid Ads,New,51028.2,0,161,1
L00707,Manufacturing,1-50,46733739.65,337530.74,Paid Ads,New,70567.2,0,35,0
L00708,Finance,1-50,15238938.63,200198.87,Event,Contacted,74829.38,0,226,0
L00709,Technology,51-200,39116356.56,5635.79,Event,New,26093.44,0,150,0
L00710,Technology,51-200,38316346.33,64478.83,Organic Search,Contacted,87694.24,0,80,0
L00711,Manufacturing,1000+,34613617.03,269604.5,Event,Contacted,46522.42,1,46,0
L00712,Manufacturing,1-50,48285384.87,339189.29,Organic Search,Contacted,21808.33,0,203,1
L00713,Healthcare,201-1000,19738411.27,211636.9,Event,Qualified,86676.17,1,147,0
L00714,Finance,1000+,6622794.45,366686.11,Event,New,42364.06,0,230,1
L00715,Finance,201-1000,33618272.08,263321.84,Event,New,75280.93,0,26,1
L00716,Retail,1000+,36492559.04,41717.22,Organic Search,Proposal,55255.27,0,188,0
L00717,Healthcare,51-200,28795522.62,100048.04,Referral,Qualified,38805.3,0,164,0
L00718,Healthcare,1000+,10420212.87,420799.12,Organic Search,Qualified,81177.77,0,211,0
L00719,Healthcare,51-200,25272351.49,363831.81,Referral,Proposal,58862.52,1,307,0
L00720,Healthcare,1000+,15678267.85,447907.18,Paid Ads,Closed Won,39665.65,0,74,1
L00721,Finance,1-50,21430579.76,63190.84,Paid Ads,Qualified,11850.19,0,91,1
L00722,Finance,201-1000,32296406.93,495160.15,Organic Search,Proposal,89649.09,0,61,0
L00723,Healthcare,1-50,37286215.66,108656.32,Referral,Closed Lost,4511.49,0,65,0
L00724,Retail,1000+,11688012.08,10831.04,Referral,Closed Won,86455.55,0,79,1
L00725,Technology,1000+,20325735.5,498724.35,Referral,Qualified,36636.19,0,139,0
L00726,Technology,1000+,13531162.39,144131.57,Paid Ads,Proposal,64294.54,0,129,0
L00727,Retail,51-200,10011717.53,335669.63,Organic Search,New,92297.77,0,253,0
L00728,Healthcare,201-1000,39191022.28,92457.75,Outbound,Qualified,16018.95,0,319,0
L00729,Finance,201-1000,45471709.45,292213.12,Referral,Closed Lost,57128.1,0,28,0
L00730,Technology,1000+,18574586.07,452497.32,Referral,Qualified,76678.85,0,201,1
L00731,Manufacturing,1000+,37588818.33,163489.68,Outbound,Closed Lost,76000.8,0,236,0
L00732,Manufacturing,51-200,44860064.94,336775.72,Organic Search,Qualified,53037.56,0,86,1
L00733,Retail,1-50,42321598.11,98012.28,Referral,Closed Lost,62849.21,1,95,0
L00734,Healthcare,1-50,9222388.09,314273.72,Organic Search,Qualified,75995.17,1,286,0
L00735,Technology,201-1000,47818964.89,171542.92,Referral,New,84261.74,0,338,0
L00736,Healthcare,51-200,18896154.38,109548.09,Event,Qualified,76419.5,1,288,1
L00737,Technology,1000+,17028108.99,160025.12,Referral,Contacted,36046.49,0,251,0
L00738,Retail,201-1000,3215323.23,93526.33,Event,New,99675.91,0,179,1
L00739,Retail,51-200,24360065.34,451448.47,Organic Search,Closed Won,44015.77,0,99,1
L00740,Manufacturing,1-50,5539779.42,201607.51,Referral,Contacted,3422.01,1,72,0
L00741,Healthcare,51-200,12502137.06,126413.26,Paid Ads,Proposal,36899.08,0,130,1
L00742,Manufacturing,1-50,15915436.83,226961.88,Paid Ads,Contacted,13650.51,1,181,1
L00743,Healthcare,51-200,40460433.54,163665.4,Outbound,New,13022.82,1,193,0
L00744,Manufacturing,201-1000,43786883.65,373487.53,Paid Ads,Closed Lost,28871.97,0,17,0
L00745,Finance,1-50,15193069.24,485753.86,Event,Contacted,6284.17,0,125,1
L00746,Finance,201-1000,42949036.25,221826.66,Paid Ads,Proposal,69162.71,0,210,0
L00747,Finance,201-1000,42875823.77,431211.53,Paid Ads,Proposal,8324.9,0,6,1
L00748,Finance,1-50,38256082.42,285102.22,Paid Ads,Qualified,21125.67,0,113,0
L00749,Technology,1-50,7420086.19,82831.65,Referral,Closed Lost,10197.07,0,339,0
L00750,Finance,1000+,34547110.06,346858.26,Outbound,Proposal,7253.61,0,83,1
L00751,Retail,1000+,47256700.82,259150.08,Organic Search,Qualified,27507.41,0,338,0
L00752,Retail,1000+,34158769.89,327050.23,Outbound,Closed Won,57618.0,0,360,1
L00753,Technology,201-1000,16647680.77,445395.27,Event,New,96503.87,0,101,1
L00754,Finance,201-1000,25078907.94,223015.11,Referral,Qualified,87680.11,0,92,1
L00755,Finance,1000+,32321679.66,451082.92,Referral,Closed Lost,87717.46,0,315,0
L00756,Finance,201-1000,25577463.4,376581.16,Paid Ads,Proposal,18430.64,0,101,1
L00757,Manufacturing,201-1000,6085651.79,246859.44,Paid Ads,Closed Won,27225.81,1,250,1
L00758,Healthcare,1-50,15671995.83,303594.96,Event,Proposal,8562.94,0,23,1
L00759,Manufacturing,1-50,40139561.92,166162.66,Referral,Closed Won,78068.37,0,364,1
L00760,Healthcare,201-1000,43084760.5,491880.66,Organic Search,Closed Lost,7911.81,1,166,0
L00761,Finance,1000+,6951271.63,335338.83,Outbound,Contacted,56112.87,0,139,0
L00762,Finance,51-200,47624098.94,26704.19,Referral,New,25539.68,0,93,0
L00763,Manufacturing,1000+,16508248.63,166677.84,Organic Search,Qualified,25101.12,0,180,0
L00764,Manufacturing,51-200,33149455.56,313540.64,Organic Search,Proposal,99081.78,1,63,0
L00765,Healthcare,1000+,37616074.78,32884.97,Outbound,Contacted,75921.2,1,3,1
L00766,Retail,1-50,40616117.11,16822.67,Organic Search,New,83857.0,0,93,1
L00767,Healthcare,201-1000,47292910.14,227762.0,Event,Contacted,57626.29,0,271,0
L00768,Manufacturing,201-1000,15714685.45,169681.64,Organic Search,Closed Lost,87230.41,1,282,0
L00769,Manufacturing,1-50,42939472.08,221957.81,Event,Proposal,64903.56,0,131,1
L00770,Technology,51-200,6671176.48,135033.19,Organic Search,Qualified,94671.2,0,71,0
L00771,Manufacturing,51-200,35281541.23,86535.28,Paid Ads,New,28852.52,0,303,0
L00772,Technology,51-200,37124688.7,346125.96,Organic Search,Contacted,59936.64,0,80,1
L00773,Retail,1-50,33918389.74,259712.7,Event,New,69323.0,0,173,0
L00774,Healthcare,51-200,12690505.33,104076.33,Organic Search,New,39900.79,0,299,0
L00775,Healthcare,1-50,43664853.04,163196.77,Organic Search,Closed Lost,88091.09,0,51,0
L00776,Technology,1000+,8526037.32,297944.91,Organic Search,Closed Lost,98000.51,0,289,0
L00777,Healthcare,1000+,2776376.1,40753.53,Event,New,49883.18,0,236,0
L00778,Manufacturing,1-50,35901503.03,77989.24,Organic Search,New,39673.42,0,276,0
L00779,Finance,201-1000,23826238.19,41256.57,Outbound,Contacted,47721.85,0,279,0
L00780,Technology,1000+,42469991.2,407097.08,Outbound,Qualified,85420.94,0,43,1
L00781,Healthcare,51-200,19231517.34,377442.57,Event,Contacted,64901.37,1,253,0
L00782,Technology,1-50,8497101.57,377889.9,Paid Ads,Contacted,5432.46,0,358,0
L00783,Technology,51-200,41838465.4,359581.05,Outbound,Contacted,54674.82,0,133,0
L00784,Finance,51-200,27490590.62,336345.78,Referral,Proposal,2712.71,0,55,1
L00785,Manufacturing,201-1000,9540870.04,241111.0,Outbound,Proposal,78075.0,0,13,0
L00786,Technology,51-200,36047161.53,322927.69,Referral,Proposal,33502.92,0,177,1
L00787,Healthcare,201-1000,25604570.56,23988.97,Event,Contacted,47728.74,0,100,0
L00788,Retail,1000+,30255217.81,312624.89,Paid Ads,Closed Lost,80069.13,0,179,0
L00789,Technology,1-50,23098827.08,390049.46,Referral,Closed Lost,5598.43,1,256,0
L00790,Technology,51-200,41452578.29,252677.39,Referral,New,16695.61,0,267,1
L00791,Finance,1-50,41495179.51,181969.1,Outbound,Contacted,40398.08,0,361,0
L00792,Manufacturing,51-200,35498502.21,142326.23,Referral,Qualified,23762.59,0,36,1
L00793,Retail,1-50,5359528.73,323187.01,Event,New,34452.24,0,203,1
L00794,Healthcare,51-200,41958807.71,347936.59,Event,Qualified,99819.3,0,258,1
L00795,Retail,51-200,33583547.73,436128.96,Event,Qualified,82716.03,0,154,0
L00796,Healthcare,51-200,34881505.88,174455.37,Outbound,Qualified,88506.28,0,237,0
L00797,Manufacturing,51-200,18212843.74,386037.29,Paid Ads,Contacted,93768.41,0,308,1
L00798,Healthcare,51-200,43976049.85,282871.13,Outbound,Qualified,34752.65,0,99,0
L00799,Finance,51-200,36296042.85,442004.06,Event,Closed Lost,30410.62,0,272,0
L00800,Finance,51-200,5718264.28,266266.99,Outbound,Contacted,24172.19,1,112,1
L00801,Finance,51-200,20448123.92,261226.77,Event,Proposal,83181.57,0,109,0
L00802,Finance,51-200,44330380.06,291049.16,Organic Search,New,68275.63,0,142,1
L00803,Retail,1-50,2455115.41,375911.1,Organic Search,New,24381.03,0,166,1
L00804,Manufacturing,201-1000,48074689.32,482521.79,Referral,Qualified,38322.39,1,259,0
L00805,Healthcare,51-200,33990212.16,41413.86,Paid Ads,New,51164.46,1,144,1
L00806,Healthcare,201-1000,31605661.28,31450.13,Organic Search,New,53285.87,0,229,0
L00807,Finance,51-200,13600906.9,469087.42,Event,New,88984.05,1,267,1
L00808,Finance,51-200,12514710.26,267288.43,Outbound,Qualified,38676.05,0,31,0
L00809,Technology,1-50,47108705.15,309376.99,Outbound,Proposal,90943.88,1,298,0
L00810,Manufacturing,1000+,14983795.47,243799.68,Referral,Contacted,44695.39,0,218,0
L00811,Retail,1000+,38797714.31,51360.44,Outbound,Proposal,74890.89,0,176,0
L00812,Healthcare,1-50,19716777.73,385204.24,Organic Search,New,93095.18,0,103,0
L00813,Technology,201-1000,7048778.13,374876.2,Outbound,Proposal,90849.99,0,235,0
L00814,Technology,1000+,634693.35,159293.14,Organic Search,Qualified,6638.33,0,92,1
L00815,Healthcare,1-50,27258441.12,156588.43,Organic Search,Proposal,21364.73,0,200,0
L00816,Retail,1-50,48791363.05,419731.48,Paid Ads,Closed Lost,48213.64,0,298,0
L00817,Technology,1000+,18519896.07,40816.84,Referral,Closed Lost,43723.87,0,230,0
L00818,Technology,201-1000,17923897.47,441147.05,Event,New,64448.27,0,254,1
L00819,Manufacturing,1-50,17270171.73,132047.54,Organic Search,Closed Won,94526.2,1,84,1
L00820,Retail,51-200,26075137.48,298527.45,Referral,New,12128.07,1,34,1
L00821,Technology,201-1000,22089177.68,468317.12,Event,Closed Lost,45734.01,1,116,0
L00822,Retail,201-1000,44007739.87,340670.64,Outbound,Contacted,20048.69,0,175,1
L00823,Healthcare,1000+,25325487.51,210142.76,Referral,Contacted,89516.65,0,275,1
L00824,Finance,1000+,25437116.13,346319.43,Referral,New,96493.44,0,84,0
L00825,Technology,51-200,7004742.58,175269.92,Referral,New,48391.47,0,116,1
L00826,Manufacturing,1-50,49138703.09,142242.92,Outbound,Proposal,11297.02,0,361,1
L00827,Healthcare,1000+,12573647.25,498358.22,Outbound,Closed Lost,78744.17,0,203,0
L00828,Retail,1000+,3760866.97,376641.16,Referral,Proposal,70016.99,1,145,1
L00829,Healthcare,201-1000,33190997.82,324136.39,Paid Ads,Proposal,36112.41,0,214,1
L00830,Technology,1000+,29808781.87,180868.37,Organic Search,Proposal,88853.34,1,104,0
L00831,Retail,1000+,20815768.13,29334.61,Outbound,Contacted,97607.36,0,348,0
L00832,Finance,1000+,21167392.47,20373.15,Paid Ads,New,56227.53,0,296,1
L00833,Healthcare,1000+,39274689.66,279319.72,Outbound,New,57007.06,0,355,1
L00834,Technology,201-1000,9866060.74,382206.2,Referral,Contacted,30453.84,0,68,1
L00835,Manufacturing,51-200,41030640.62,271002.7,Paid Ads,Contacted,58866.1,1,254,0
L00836,Retail,51-200,32472480.98,421188.61,Event,New,44524.59,0,230,1
L00837,Healthcare,1-50,21006591.71,21546.13,Organic Search,New,30916.91,0,202,1
L00838,Healthcare,1000+,22955627.97,186542.28,Organic Search,New,7651.33,0,361,0
L00839,Finance,201-1000,12906695.64,122349.84,Outbound,Closed Lost,26018.08,0,247,0
L00840,Finance,1-50,37630505.2,226400.12,Organic Search,New,20587.61,0,248,1
L00841,Manufacturing,1-50,25692449.64,40826.31,Event,Qualified,54662.16,0,143,1
L00842,Manufacturing,51-200,16110641.68,477295.16,Paid Ads,Qualified,60565.33,0,282,1
L00843,Technology,201-1000,29842900.78,115511.42,Paid Ads,Qualified,61248.6,0,355,0
L00844,Technology,201-1000,49787149.16,461542.35,Referral,New,39429.92,0,240,0
L00845,Manufacturing,201-1000,21819587.75,215817.11,Paid Ads,Contacted,42701.74,1,340,1
L00846,Manufacturing,51-200,46042500.9,492834.45,Outbound,New,83589.6,0,228,1
L00847,Retail,51-200,17316340.31,279258.9,Event,Contacted,48147.05,0,30,0
L00848,Finance,51-200,2831162.08,465762.27,Referral,New,98789.56,0,108,1
L00849,Technology,51-200,10291681.11,7647.75,Outbound,Qualified,44522.11,0,26,0
L00850,Finance,51-200,20992887.65,375378.21,Outbound,Proposal,65308.51,0,342,0
L00851,Finance,1000+,11059782.94,452010.07,Outbound,Qualified,5985.94,0,159,1
L00852,Manufacturing,1000+,111329.21,74161.68,Organic Search,Qualified,65680.65,1,16,1
L00853,Retail,201-1000,45758576.73,52582.3,Outbound,Contacted,85291.21,0,266,0
L00854,Healthcare,1-50,42209582.62,215163.44,Organic Search,Closed Won,94303.33,0,128,1
L00855,Retail,201-1000,37140382.35,467171.06,Paid Ads,Contacted,99734.74,0,219,1
L00856,Retail,1-50,8473948.32,273481.35,Organic Search,Proposal,28935.69,0,81,0
L00857,Finance,51-200,6106142.45,266090.95,Outbound,Proposal,57961.64,0,48,1
L00858,Retail,1-50,3473477.0,74857.43,Event,Qualified,45621.08,0,40,0
L00859,Technology,201-1000,36229056.52,5390.81,Event,Contacted,56817.93,0,19,1
L00860,Finance,201-1000,46447517.24,406019.34,Paid Ads,Qualified,16587.84,0,326,0
L00861,Technology,1-50,21583737.46,48349.41,Outbound,New,85758.81,1,36,0
L00862,Healthcare,1000+,6045119.53,318755.66,Organic Search,New,91047.33,0,38,1
L00863,Finance,51-200,25668401.75,457735.14,Event,New,45516.5,1,108,1
L00864,Healthcare,51-200,17506712.18,108282.7,Referral,New,28762.56,1,63,1
L00865,Finance,201-1000,18803763.73,334310.05,Outbound,Qualified,14942.51,1,174,0
L00866,Manufacturing,1000+,31104398.15,43955.8,Outbound,Closed Won,68692.72,0,278,1
L00867,Retail,1-50,35964033.85,303858.8,Referral,Contacted,31910.95,1,31,1
L00868,Manufacturing,51-200,5619119.58,86146.2,Event,Closed Lost,91044.32,0,208,0
L00869,Healthcare,1000+,1875952.52,369297.01,Referral,Closed Lost,67430.24,0,18,0
L00870,Retail,51-200,49717082.1,154109.49,Paid Ads,Closed Lost,64922.85,0,105,0
L00871,Finance,1000+,11713144.61,234378.55,Organic Search,Closed Won,56380.81,0,205,1
L00872,Retail,1000+,2786143.19,301718.12,Organic Search,Contacted,5531.86,1,246,0
L00873,Technology,201-1000,9574778.92,89780.34,Event,New,93260.32,0,322,1
L00874,Retail,51-200,2043996.53,372110.72,Referral,Qualified,63165.81,0,166,1
L00875,Technology,1-50,19651363.64,154806.97,Outbound,Qualified,99412.14,0,88,1
L00876,Retail,201-1000,40139849.04,332874.07,Outbound,Closed Won,54198.28,1,315,1
L00877,Technology,201-1000,17128098.04,83350.11,Outbound,Closed Lost,71300.98,0,10,0
L00878,Healthcare,1-50,22264752.0,345618.24,Paid Ads,Qualified,6564.75,0,48,0
L00879,Manufacturing,201-1000,33811780.0,68453.1,Paid Ads,Contacted,63541.88,0,60,1
L00880,Finance,1000+,25493814.1,215551.47,Outbound,New,76700.31,0,170,0
L00881,Retail,1000+,43086139.73,127367.01,Event,New,78072.92,0,142,0
L00882,Manufacturing,51-200,43315180.18,375445.75,Paid Ads,Qualified,77241.05,0,206,1
L00883,Finance,51-200,594543.71,134707.33,Paid Ads,Qualified,23401.98,1,200,0
L00884,Finance,1-50,38924510.69,441450.07,Organic Search,Closed Won,97564.45,0,4,1
L00885,Technology,51-200,23090606.65,446451.0,Organic Search,Qualified,99523.03,0,210,1
L00886,Healthcare,1000+,49443143.01,102238.45,Event,Closed Lost,8483.99,0,28,0
L00887,Healthcare,1-50,24213280.59,308853.74,Paid Ads,Proposal,93708.2,1,189,0
L00888,Manufacturing,1-50,49346107.67,48420.23,Paid Ads,Closed Won,29655.47,1,187,1
L00889,Healthcare,51-200,37753011.12,198810.86,Referral,New,69239.12,0,324,1
L00890,Retail,1000+,12505383.74,358094.26,Event,Closed Won,34472.98,1,254,1
L00891,Healthcare,1-50,26965909.47,331414.51,Event,Proposal,96807.68,0,149,0
L00892,Manufacturing,1000+,49607568.41,314226.83,Referral,New,11048.88,0,12,0
L00893,Healthcare,1000+,42890777.33,144857.73,Referral,New,50276.93,0,156,1
L00894,Retail,1000+,4958608.0,192122.35,Organic Search,Closed Lost,43376.73,0,79,0
L00895,Technology,51-200,35347962.64,55958.34,Event,New,33276.32,0,355,0
L00896,Manufacturing,201-1000,17344421.33,360916.3,Event,Qualified,64907.87,0,272,1
L00897,Technology,201-1000,448414.87,254424.95,Referral,Contacted,13974.52,1,147,1
L00898,Technology,1-50,20233700.35,355838.99,Outbound,Proposal,71949.58,0,205,0
L00899,Technology,1000+,11814245.64,128227.04,Outbound,Closed Won,98078.62,0,113,1
L00900,Finance,51-200,40961576.6,165596.92,Organic Search,Contacted,80651.31,0,5,0
L00901,Finance,1000+,16932797.38,170436.59,Outbound,Qualified,86141.66,0,277,0
L00902,Technology,1000+,41393432.33,17742.49,Outbound,Closed Lost,36604.04,1,231,0
L00903,Manufacturing,51-200,129837.15,173818.7,Outbound,Proposal,33163.77,0,136,0
L00904,Retail,201-1000,15460175.59,402635.76,Paid Ads,Closed Won,52187.79,1,159,1
L00905,Retail,1000+,12134144.19,449162.76,Organic Search,Qualified,5526.93,0,343,1
L00906,Healthcare,1000+,11755011.32,261518.07,Referral,Contacted,94590.46,0,288,0
L00907,Manufacturing,201-1000,3502512.33,230473.34,Outbound,Qualified,15234.73,0,204,1
L00908,Finance,51-200,9437501.09,20258.19,Paid Ads,Proposal,90398.29,0,325,0
L00909,Technology,1-50,27821923.54,440206.15,Outbound,New,9274.64,0,304,0
L00910,Healthcare,201-1000,14638917.53,11440.06,Paid Ads,Contacted,82439.87,0,359,1
L00911,Retail,1-50,20927999.64,472651.29,Organic Search,New,16044.29,0,157,0
L00912,Finance,1-50,18905657.33,247162.04,Outbound,Qualified,4775.03,0,357,1
L00913,Finance,201-1000,43807655.76,174257.57,Paid Ads,Closed Won,72229.46,0,105,1
L00914,Technology,1000+,45274420.05,462488.13,Event,New,28746.26,0,81,0
L00915,Retail,1-50,24698552.89,17073.54,Event,Proposal,71735.12,0,341,1
L00916,Manufacturing,1-50,16574781.92,292805.32,Paid Ads,Closed Lost,55953.44,0,269,0
L00917,Finance,51-200,5429355.13,276721.6,Outbound,Contacted,11771.93,0,48,0
L00918,Technology,1000+,47674803.68,113563.6,Outbound,Proposal,93280.88,0,205,0
L00919,Manufacturing,1-50,3105324.55,217299.28,Organic Search,Closed Lost,45779.1,1,217,0
L00920,Retail,51-200,14952748.85,327870.68,Organic Search,Closed Lost,73710.28,1,305,0
L00921,Finance,1000+,14973503.44,364929.94,Referral,Contacted,50601.04,0,163,1
L00922,Manufacturing,201-1000,16088024.18,5354.85,Organic Search,New,60831.79,0,278,0
L00923,Manufacturing,201-1000,8297913.48,468742.45,Outbound,New,30974.59,0,321,0
L00924,Manufacturing,51-200,39179755.4,86440.06,Referral,Proposal,20835.67,0,230,1
L00925,Finance,201-1000,6212643.31,120622.31,Organic Search,Proposal,54714.45,1,198,1
L00926,Finance,1-50,31781842.29,135419.36,Paid Ads,Proposal,44581.68,1,213,1
L00927,Healthcare,1000+,6279916.73,23720.97,Event,Contacted,39621.21,1,283,1
L00928,Retail,1-50,3619728.32,65910.8,Organic Search,New,67584.15,0,275,1
L00929,Technology,1-50,45480532.23,493243.21,Organic Search,Qualified,69360.16,1,184,0
L00930,Manufacturing,201-1000,9587425.44,161032.29,Paid Ads,Qualified,5546.09,0,209,0
L00931,Healthcare,1-50,41080382.71,62074.04,Outbound,Proposal,34535.7,1,120,1
L00932,Technology,201-1000,27277080.47,57960.67,Paid Ads,Qualified,41764.69,0,215,0
L00933,Healthcare,1000+,3985040.33,361132.68,Organic Search,Contacted,10592.32,0,96,0
L00934,Finance,1000+,47776864.75,428011.49,Outbound,Contacted,24354.19,0,118,0
L00935,Manufacturing,1-50,12423362.23,132191.39,Referral,Contacted,6112.54,0,364,1
L00936,Technology,51-200,42996302.73,15350.21,Organic Search,Contacted,99627.97,0,281,0
L00937,Technology,201-1000,8523619.29,115429.56,Paid Ads,New,73919.16,1,105,0
L00938,Technology,201-1000,42711749.82,32975.27,Referral,Contacted,9657.57,0,317,0
L00939,Technology,1-50,760117.76,56180.49,Event,New,3004.69,0,141,0
L00940,Technology,201-1000,25637844.78,218596.52,Referral,New,72209.49,0,322,1
L00941,Healthcare,201-1000,38495184.71,118809.59,Paid Ads,Proposal,44480.02,0,267,1
L00942,Manufacturing,51-200,46746296.32,260393.21,Referral,Contacted,78892.87,1,290,1
L00943,Finance,51-200,45469186.6,130479.41,Paid Ads,Proposal,92424.13,0,166,1
L00944,Finance,1-50,40999280.99,470565.96,Organic Search,Proposal,60330.74,0,159,1
L00945,Finance,51-200,44420748.35,453442.26,Outbound,Qualified,19523.73,1,230,0
L00946,Finance,1-50,10041062.32,285569.02,Event,Closed Lost,78437.21,1,13,0
L00947,Healthcare,1000+,14280796.36,180439.88,Outbound,New,95625.36,0,192,0
L00948,Retail,1-50,14519529.39,193667.71,Outbound,Proposal,58442.9,0,154,0
L00949,Manufacturing,1000+,18914991.16,208866.88,Outbound,Closed Lost,68517.75,0,100,0
L00950,Technology,1-50,19726701.45,365151.76,Paid Ads,Closed Won,34409.99,0,59,1
L00951,Retail,201-1000,27273310.7,228561.3,Paid Ads,New,38771.24,0,42,0
L00952,Finance,51-200,8078000.19,429081.32,Event,Contacted,73730.8,1,192,0
L00953,Retail,1000+,34593208.52,472326.92,Paid Ads,New,92849.34,0,310,0
L00954,Manufacturing,1-50,8461570.31,171293.35,Paid Ads,Proposal,63269.85,0,108,1
L00955,Technology,51-200,15584393.26,282543.77,Paid Ads,Proposal,79194.94,0,92,1
L00956,Technology,1-50,25216922.02,52052.99,Paid Ads,Contacted,17991.87,0,215,0
L00957,Manufacturing,51-200,39842384.02,104232.18,Organic Search,Qualified,21983.95,1,162,0
L00958,Manufacturing,51-200,36999514.74,209665.55,Event,Proposal,53671.43,0,350,1
L00959,Finance,1-50,32312164.38,107070.34,Paid Ads,Qualified,18478.87,0,233,0
L00960,Technology,1000+,7873085.7,438897.44,Event,Closed Won,63864.51,0,350,1
L00961,Retail,1000+,27397562.75,83351.7,Referral,Proposal,29873.67,0,166,0
L00962,Healthcare,201-1000,4463580.44,230552.11,Organic Search,New,79361.73,1,147,1
L00963,Healthcare,51-200,18930422.52,304821.12,Paid Ads,Proposal,81002.92,0,27,1
L00964,Manufacturing,201-1000,20734474.86,347472.63,Organic Search,Contacted,46914.96,0,258,1
L00965,Finance,201-1000,2086590.83,194619.34,Organic Search,Qualified,18900.25,0,85,1
L00966,Healthcare,1-50,13772006.16,435204.04,Referral,Closed Lost,65030.72,0,107,0
L00967,Technology,1-50,47786908.42,286317.98,Event,Closed Won,99285.91,0,116,1
L00968,Manufacturing,1-50,47686267.13,222556.35,Organic Search,Qualified,62636.5,0,363,0
L00969,Retail,51-200,17681120.01,38284.11,Outbound,Contacted,4541.69,1,14,1
L00970,Manufacturing,1-50,2250695.44,235021.29,Referral,Contacted,2712.1,0,210,0
L00971,Retail,1-50,9036837.47,411264.24,Outbound,Qualified,32715.84,0,317,0
L00972,Manufacturing,51-200,19671667.89,309197.8,Referral,New,20382.6,1,30,1
L00973,Manufacturing,51-200,47394206.93,416920.41,Outbound,Qualified,81492.07,1,281,1
L00974,Manufacturing,1000+,7145833.27,249535.78,Outbound,New,84635.76,1,184,0
L00975,Retail,1-50,38199440.6,63638.54,Organic Search,Contacted,26603.26,1,65,0
L00976,Retail,1-50,5523258.71,11751.72,Organic Search,Contacted,33238.83,0,315,0
L00977,Manufacturing,1-50,49064753.11,155093.68,Referral,Closed Lost,24388.45,0,62,0
L00978,Healthcare,1000+,19142663.31,350505.28,Event,Proposal,90929.87,0,227,0
L00979,Finance,1-50,38784203.49,396178.65,Organic Search,Contacted,50762.28,0,100,0
L00980,Finance,1000+,17195295.03,151397.65,Organic Search,New,65957.57,1,355,0
L00981,Finance,201-1000,31420676.97,250348.69,Paid Ads,Qualified,42132.73,0,138,1
L00982,Retail,1000+,9681602.63,213453.86,Organic Search,Contacted,63470.41,0,118,1
L00983,Retail,201-1000,7386448.86,208208.78,Event,Qualified,39199.68,1,56,1
L00984,Healthcare,1-50,46909400.56,119517.61,Paid Ads,Closed Won,34628.17,0,130,1
L00985,Finance,201-1000,45890599.17,72503.7,Outbound,Proposal,63813.53,0,36,1
L00986,Finance,1000+,44384700.12,102360.84,Outbound,Proposal,59515.15,0,110,1
L00987,Manufacturing,51-200,31309129.16,32389.53,Paid Ads,Qualified,30059.27,0,152,0
L00988,Retail,201-1000,40432583.74,103074.72,Paid Ads,Closed Lost,15785.5,0,249,0
L00989,Finance,201-1000,3544943.15,9554.44,Paid Ads,Closed Lost,37489.09,1,241,0
L00990,Healthcare,1-50,16805973.19,315492.91,Referral,Qualified,42104.57,0,207,0
L00991,Healthcare,1000+,15753785.93,161605.83,Event,Contacted,63239.75,1,169,1
L00992,Finance,201-1000,31818701.57,486706.63,Event,Qualified,91538.35,0,256,1
L00993,Retail,201-1000,17862292.9,100889.94,Outbound,New,4582.29,0,278,1
L00994,Healthcare,201-1000,7510488.4,176185.14,Outbound,Proposal,25122.44,0,362,0
L00995,Manufacturing,201-1000,29863707.06,182131.37,Outbound,Qualified,20177.88,0,112,1
L00996,Healthcare,51-200,40737757.64,9183.49,Organic Search,New,50727.15,1,174,1
L00997,Technology,1000+,19167962.37,420407.94,Outbound,New,43540.38,0,88,0
L00998,Technology,1-50,6700208.88,20837.26,Paid Ads,Qualified,73174.72,1,134,1
L00999,Retail,1-50,9914741.05,470389.02,Outbound,Closed Won,24999.18,1,293,1
L01000,Finance,51-200,11950416.93,446576.8,Paid Ads,Qualified,59855.34,1,302,0
L01001,Retail,1000+,15064889.89,270083.35,Referral,Proposal,88501.87,0,358,0
L01002,Retail,201-1000,32175474.02,274079.81,Organic Search,Contacted,91157.1,1,205,0
L01003,Retail,51-200,30087179.68,328620.07,Organic Search,Qualified,95919.68,0,317,0
L01004,Retail,1000+,34834385.09,196589.76,Event,Qualified,77552.85,0,72,1
L01005,Manufacturing,201-1000,18188849.03,325375.03,Referral,Proposal,90692.8,0,258,1
L01006,Manufacturing,51-200,41217482.83,27160.35,Paid Ads,New,24218.56,1,357,1
L01007,Healthcare,1000+,10283974.29,31753.58,Referral,Qualified,20560.51,0,147,0
L01008,Technology,1-50,23505133.3,231329.06,Organic Search,Contacted,1642.32,0,224,1
L01009,Retail,1-50,40066842.2,277063.04,Paid Ads,Contacted,70977.59,0,104,1
L01010,Healthcare,1000+,9089916.52,444469.73,Referral,Closed Lost,93809.25,0,43,0
L01011,Technology,1-50,5582169.38,56807.01,Organic Search,New,19506.6,0,355,1
L01012,Finance,1000+,44195829.99,412210.72,Paid Ads,Contacted,64057.41,1,25,0
L01013,Manufacturing,201-1000,17212190.17,108973.43,Paid Ads,Qualified,74899.52,0,303,1
L01014,Technology,1000+,34225119.23,200071.41,Organic Search,Closed Won,92833.81,1,260,1
L01015,Finance,201-1000,1364895.35,161718.21,Paid Ads,Qualified,65039.16,0,58,0
L01016,Technology,51-200,34533339.73,203076.86,Organic Search,Proposal,97059.08,1,60,1
L01017,Manufacturing,1000+,15873455.45,79495.27,Outbound,Closed Won,35122.64,0,304,1
L01018,Manufacturing,51-200,2881468.59,254267.19,Outbound,Contacted,35642.92,0,69,0
L01019,Healthcare,1-50,30529656.8,401813.08,Paid Ads,Contacted,54758.24,0,270,0
L01020,Retail,201-1000,12116110.42,223559.34,Paid Ads,Contacted,38966.69,0,256,1
L01021,Technology,1000+,19401681.38,247853.72,Organic Search,Closed Won,1141.15,1,124,1
L01022,Technology,51-200,4120982.53,425139.95,Paid Ads,New,73445.43,0,18,0
L01023,Finance,201-1000,7443446.23,354498.77,Event,Contacted,75419.99,1,118,1
L01024,Manufacturing,201-1000,14969064.05,247774.93,Outbound,Proposal,74950.49,0,319,0
L01025,Technology,1-50,4578999.08,132559.35,Paid Ads,Qualified,35157.05,0,65,1
L01026,Manufacturing,1-50,45550230.61,443038.74,Paid Ads,Qualified,52706.66,0,244,0
L01027,Technology,201-1000,401747.45,290625.1,Referral,Qualified,36637.38,0,56,0
L01028,Healthcare,201-1000,24244624.92,114468.07,Paid Ads,New,2587.6,0,43,1
L01029,Retail,1000+,6250048.16,138214.28,Event,Qualified,56682.45,0,11,0
L01030,Technology,201-1000,15453186.56,402550.88,Outbound,Qualified,13252.31,1,235,0
L01031,Manufacturing,1000+,46310372.03,26852.05,Referral,Closed Lost,8924.09,0,23,0
L01032,Healthcare,201-1000,8168558.21,496085.63,Organic Search,Contacted,75794.41,0,256,1
L01033,Technology,1-50,48295032.75,69524.08,Organic Search,Closed Won,1941.11,0,283,1
L01034,Finance,1000+,10369139.41,399053.92,Outbound,Proposal,95941.84,0,323,1
L01035,Retail,51-200,37104148.81,200413.78,Organic Search,New,52010.28,1,360,0
L01036,Technology,1-50,27379195.52,248647.01,Event,Proposal,98318.63,1,250,0
L01037,Healthcare,1000+,44235488.51,440922.04,Paid Ads,New,6741.76,0,93,1
L01038,Finance,1000+,27744263.45,209391.04,Outbound,Closed Lost,58769.43,1,21,0
L01039,Healthcare,51-200,26774505.04,271059.41,Referral,Closed Won,35583.38,0,156,1
L01040,Healthcare,1000+,9853354.22,29403.33,Paid Ads,Contacted,84504.77,0,88,1
L01041,Finance,201-1000,8394845.17,6162.0,Organic Search,Contacted,36761.05,0,201,0
L01042,Healthcare,51-200,45832808.64,126175.94,Organic Search,Contacted,26788.27,1,196,0
L01043,Finance,1-50,16459126.12,341888.63,Referral,Contacted,85897.76,0,44,1
L01044,Technology,1-50,18666904.52,65026.12,Event,Contacted,38090.66,0,78,0
L01045,Finance,201-1000,38015200.56,61312.17,Referral,Contacted,2666.5,0,38,0
L01046,Finance,1-50,17007291.77,208425.5,Outbound,Proposal,39638.62,0,283,1
L01047,Retail,1000+,47607916.09,325679.33,Referral,New,65797.7,1,154,1
L01048,Finance,1000+,36922595.67,357475.64,Organic Search,Closed Won,26181.59,0,148,1
L01049,Finance,201-1000,29911719.2,93333.08,Event,Closed Won,43766.77,0,342,1
L01050,Technology,1-50,44056668.51,44396.13,Event,Qualified,6614.8,0,51,0
L01051,Retail,1-50,2575334.83,470496.53,Referral,Closed Won,59221.19,0,250,1
L01052,Manufacturing,201-1000,12927428.34,134029.86,Outbound,Contacted,75873.2,0,146,1
L01053,Technology,51-200,23305313.08,427406.52,Organic Search,New,41917.94,0,328,1
L01054,Technology,1-50,11426229.12,432428.27,Paid Ads,Proposal,42603.03,0,349,1
L01055,Manufacturing,51-200,37220868.85,387398.68,Event,Qualified,9739.97,0,257,0
L01056,Finance,1-50,45968480.75,88572.64,Referral,Qualified,20992.15,0,272,0
L01057,Healthcare,1-50,21246128.98,411791.72,Outbound,Closed Won,16312.86,0,124,1
L01058,Retail,1-50,17172416.75,385779.03,Outbound,Closed Lost,48687.09,0,203,0
L01059,Healthcare,1-50,48081381.53,300377.88,Organic Search,Proposal,53396.3,0,255,0
L01060,Manufacturing,1000+,22298136.4,171915.01,Event,Proposal,94945.07,0,130,1
L01061,Technology,51-200,24503515.18,134941.76,Organic Search,New,8249.92,0,20,0
L01062,Technology,51-200,17647328.63,65335.16,Paid Ads,New,60386.93,0,77,0
L01063,Retail,1-50,45486468.8,257329.75,Paid Ads,Proposal,53123.35,1,334,0
L01064,Technology,1-50,28490878.62,294704.13,Paid Ads,Qualified,52107.08,0,50,1
L01065,Technology,51-200,38132511.9,182872.8,Outbound,Qualified,87442.77,1,361,0
L01066,Retail,1000+,40609155.25,240302.74,Event,Contacted,21348.31,1,360,1
L01067,Retail,201-1000,17158267.19,184939.66,Organic Search,Proposal,5036.55,0,265,1
L01068,Manufacturing,201-1000,21741347.13,322298.0,Organic Search,New,67554.88,0,115,0
L01069,Technology,51-200,42438741.54,451123.31,Paid Ads,Proposal,35170.59,0,54,1
L01070,Technology,1-50,18226442.05,86140.53,Event,New,2741.4,0,291,1
L01071,Manufacturing,1-50,39717363.16,193797.36,Event,New,25886.03,1,50,1
L01072,Finance,1000+,47055516.9,74729.96,Referral,Contacted,31623.35,0,329,1
L01073,Finance,201-1000,31198197.62,314347.17,Event,Contacted,62067.0,0,272,1
L01074,Finance,1000+,37107201.64,365790.9,Event,Closed Won,18085.99,0,253,1
L01075,Manufacturing,201-1000,40274355.87,466296.8,Organic Search,New,41892.38,1,60,1
L01076,Technology,51-200,42267478.48,143041.6,Event,New,48765.07,0,346,0
L01077,Manufacturing,201-1000,19813161.56,475354.55,Event,Qualified,46464.5,0,350,0
L01078,Manufacturing,1000+,2658046.61,36315.02,Organic Search,Qualified,97420.14,0,224,0
L01079,Finance,1000+,20153625.93,303491.86,Event,New,5504.92,0,335,0
L01080,Healthcare,1000+,33720435.87,33280.7,Organic Search,New,95145.85,0,102,1
L01081,Technology,51-200,22572484.25,447418.22,Referral,Closed Lost,58611.78,0,47,0
L01082,Finance,201-1000,37473261.23,267255.48,Outbound,Proposal,79777.04,0,224,0
L01083,Healthcare,201-1000,17913423.23,336327.43,Organic Search,Contacted,43608.87,0,341,1
L01084,Healthcare,1000+,31773732.64,416629.09,Organic Search,Qualified,45929.95,0,232,1
L01085,Retail,201-1000,9402348.26,79403.76,Event,Contacted,88053.32,0,69,0
L01086,Technology,1-50,37493534.89,24102.82,Organic Search,Contacted,89697.52,0,46,1
L01087,Healthcare,1-50,27330228.84,440046.17,Paid Ads,Proposal,24630.2,0,227,1
L01088,Finance,1-50,10282812.99,160891.95,Paid Ads,Closed Won,20724.95,0,9,1
L01089,Retail,201-1000,14666367.56,68844.56,Referral,New,50127.28,0,184,0
L01090,Technology,51-200,37455574.56,236888.31,Organic Search,Closed Won,90127.43,0,79,1
L01091,Manufacturing,51-200,24181801.66,301161.51,Event,New,32913.15,0,12,1
L01092,Finance,51-200,10879968.88,20330.45,Event,Contacted,65549.45,0,313,0
L01093,Healthcare,51-200,48366832.4,141073.35,Outbound,New,71107.02,0,339,0
L01094,Healthcare,1-50,35784738.49,21235.94,Referral,New,78088.79,0,323,0
L01095,Finance,1-50,47861028.14,213066.02,Event,Closed Lost,56828.52,0,83,0
L01096,Healthcare,1000+,21412541.76,448074.51,Outbound,Qualified,40843.06,0,85,0
L01097,Retail,201-1000,23807507.0,491412.94,Event,New,96734.58,0,156,0
L01098,Technology,201-1000,44907965.29,320338.54,Outbound,Closed Lost,61521.74,1,143,0
L01099,Retail,51-200,26299962.08,85010.66,Paid Ads,Closed Won,73127.96,0,62,1
L01100,Healthcare,1-50,35393217.7,453395.45,Paid Ads,Proposal,35153.3,0,42,1
L01101,Manufacturing,51-200,12683426.59,260542.67,Event,Closed Lost,67324.97,1,157,0
L01102,Technology,1000+,22391650.79,81105.91,Referral,Contacted,26521.97,0,184,0
L01103,Technology,201-1000,6260148.3,461254.7,Organic Search,Closed Won,25264.59,1,285,1
L01104,Finance,201-1000,10378403.79,379947.18,Referral,Proposal,71757.5,0,322,0
L01105,Finance,51-200,147076.42,367194.11,Referral,Closed Won,52618.08,0,23,1
L01106,Manufacturing,1000+,2059326.08,356044.45,Organic Search,Proposal,68644.38,0,356,0
L01107,Technology,201-1000,48866462.78,104168.21,Paid Ads,Contacted,27674.41,0,204,0
L01108,Manufacturing,1000+,12193449.39,109448.31,Paid Ads,Proposal,60273.61,0,361,1
L01109,Finance,1000+,33199204.4,345705.03,Organic Search,Contacted,44949.43,0,223,1
L01110,Finance,51-200,41971074.97,113762.76,Outbound,Contacted,60099.07,0,100,0
L01111,Technology,1-50,27577956.92,222142.49,Referral,New,29797.09,1,203,1
L01112,Retail,51-200,7741910.55,392090.9,Event,Closed Lost,71829.65,0,7,0
L01113,Healthcare,1-50,36433010.22,393056.5,Paid Ads,Contacted,80787.01,0,171,0
L01114,Finance,1000+,30052545.36,229364.58,Event,Qualified,26731.73,0,207,1
L01115,Finance,1-50,36589404.41,397134.02,Organic Search,Contacted,30761.44,0,95,0
L01116,Retail,1000+,38510356.48,420117.79,Event,Closed Lost,66454.27,0,161,0
L01117,Retail,201-1000,48772977.35,329114.0,Event,Contacted,69862.93,0,290,0
L01118,Manufacturing,201-1000,28720807.67,118070.8,Referral,Proposal,70705.87,0,95,0
L01119,Manufacturing,201-1000,17147891.52,140635.83,Organic Search,Closed Won,68587.15,0,305,1
L01120,Healthcare,51-200,32458381.39,160846.37,Event,Qualified,39887.96,1,144,1
L01121,Healthcare,51-200,3515191.39,62818.03,Paid Ads,Contacted,40090.51,0,257,0
L01122,Technology,1000+,44880126.18,140214.01,Organic Search,Proposal,26226.94,0,299,0
L01123,Manufacturing,201-1000,6057112.47,108712.02,Paid Ads,Closed Lost,16526.54,0,101,0
L01124,Finance,51-200,16459357.61,230387.73,Outbound,Proposal,69565.16,0,176,1
L01125,Manufacturing,201-1000,40805694.49,454676.59,Event,Contacted,10225.69,0,327,1
L01126,Finance,51-200,29905887.68,56717.76,Organic Search,Closed Won,93841.44,0,109,1
L01127,Retail,1-50,19742412.46,361532.62,Paid Ads,Contacted,82841.94,1,197,1
L01128,Manufacturing,1-50,23724439.4,345205.09,Event,Qualified,85893.07,0,128,0
L01129,Retail,201-1000,42741914.92,52398.33,Referral,Closed Won,90760.21,0,358,1
L01130,Healthcare,1000+,17066218.86,461673.34,Paid Ads,New,41451.89,0,136,1
L01131,Healthcare,51-200,43495519.27,286393.74,Paid Ads,Proposal,84823.37,0,26,0
L01132,Technology,51-200,4497908.11,185044.13,Outbound,Qualified,16648.07,0,136,0
L01133,Manufacturing,1-50,38862242.02,379486.6,Referral,Closed Won,3142.54,0,163,1
L01134,Retail,1-50,42392626.89,132395.9,Outbound,New,78704.25,0,348,0
L01135,Finance,1000+,9172700.88,348287.37,Referral,Qualified,8404.87,0,355,0
L01136,Healthcare,1000+,21574291.97,24657.05,Paid Ads,Closed Won,98863.94,0,130,1
L01137,Healthcare,1000+,8358438.76,420506.98,Outbound,New,67804.85,0,150,0
L01138,Finance,201-1000,35359546.04,226844.57,Event,New,75591.52,0,245,0
L01139,Retail,1-50,26813853.63,320162.99,Referral,Closed Lost,25334.58,0,109,0
L01140,Retail,201-1000,31802635.0,114512.72,Paid Ads,Contacted,67712.67,0,72,1
L01141,Manufacturing,1-50,9904699.65,340151.49,Organic Search,Closed Lost,5278.77,0,285,0
L01142,Manufacturing,1-50,10666118.52,387258.94,Referral,New,83944.75,0,274,0
L01143,Technology,51-200,2170716.54,239240.53,Referral,Contacted,17792.79,0,357,1
L01144,Healthcare,1-50,16171170.01,310774.83,Event,Proposal,70038.45,0,66,0
L01145,Manufacturing,1-50,28031258.6,230881.33,Referral,Proposal,23223.57,1,49,0
L01146,Retail,201-1000,42910952.21,447575.23,Referral,Qualified,7776.86,0,303,1
L01147,Finance,1-50,33379679.63,251445.24,Event,Qualified,48667.87,1,2,1
L01148,Retail,201-1000,21826276.54,421695.31,Event,Closed Won,17759.33,0,225,1
L01149,Healthcare,1000+,47660693.71,401669.27,Outbound,Contacted,73214.95,0,65,0
L01150,Retail,1-50,35990335.51,208199.89,Paid Ads,Qualified,24519.02,0,154,0
L01151,Technology,1-50,46515243.62,118891.82,Paid Ads,New,34904.78,0,361,0
L01152,Healthcare,201-1000,26426639.87,206010.66,Outbound,Qualified,57176.49,1,110,1
L01153,Finance,1000+,13019323.31,413977.6,Paid Ads,Contacted,29211.86,0,295,0
L01154,Technology,51-200,2736051.65,117678.11,Referral,Contacted,38420.82,0,255,0
L01155,Healthcare,1000+,36331634.09,264595.99,Outbound,Qualified,81746.56,0,273,1
L01156,Finance,201-1000,6153019.6,404017.89,Outbound,New,18741.78,0,154,0
L01157,Technology,1000+,15208478.9,179971.35,Paid Ads,New,9137.96,0,138,0
L01158,Technology,201-1000,26670298.3,322893.77,Organic Search,Proposal,33507.42,0,166,0
L01159,Healthcare,201-1000,28264387.73,126587.63,Paid Ads,Qualified,43013.3,0,18,1
L01160,Manufacturing,51-200,30069101.53,59093.33,Organic Search,Closed Won,54723.27,1,344,1
L01161,Technology,1-50,8396140.98,398220.19,Outbound,Proposal,37869.95,0,222,0
L01162,Technology,201-1000,19048896.5,53989.47,Organic Search,New,79201.26,0,56,0
L01163,Finance,201-1000,30897991.93,139333.79,Referral,Proposal,4892.63,0,293,0
L01164,Retail,51-200,48493961.35,428279.16,Event,New,43744.99,1,132,0
L01165,Healthcare,201-1000,36408793.77,176502.3,Organic Search,Proposal,38843.34,0,337,0
L01166,Healthcare,1-50,46137927.48,486657.45,Event,Closed Lost,65110.27,0,291,0
L01167,Manufacturing,51-200,38134381.71,489968.5,Referral,Qualified,96661.35,1,343,0
L01168,Manufacturing,1-50,29626676.75,137796.63,Event,Proposal,51527.17,0,204,1
L01169,Healthcare,1-50,9681966.12,25284.22,Referral,Contacted,98700.81,0,118,1
L01170,Manufacturing,51-200,33367614.03,354006.33,Event,Qualified,30922.69,0,252,0
L01171,Finance,201-1000,31206640.34,228238.32,Event,Closed Won,4055.95,1,84,1
L01172,Healthcare,1-50,30163211.61,54872.66,Paid Ads,New,17400.65,1,184,0
L01173,Manufacturing,1-50,24540314.81,355223.8,Organic Search,Contacted,40117.36,1,224,0
L01174,Healthcare,1-50,26479964.54,20431.58,Event,Qualified,32317.06,0,147,0
L01175,Retail,1-50,16788682.1,435747.36,Outbound,Proposal,10608.36,0,279,0
L01176,Technology,51-200,26013703.36,73633.0,Paid Ads,Contacted,43833.35,0,226,1
L01177,Healthcare,51-200,9958039.69,68019.38,Organic Search,Closed Lost,34473.46,1,285,0
L01178,Technology,1000+,40278202.43,91957.79,Paid Ads,New,13139.3,1,283,0
L01179,Manufacturing,1000+,9370270.04,480331.85,Organic Search,Contacted,30315.6,0,180,0
L01180,Technology,1-50,4339817.87,348118.83,Referral,Proposal,88757.17,0,108,0
L01181,Healthcare,201-1000,21868676.72,401678.91,Event,Contacted,30902.84,0,134,0
L01182,Retail,1-50,32949541.23,201829.32,Outbound,Proposal,71681.59,0,290,1
L01183,Manufacturing,201-1000,21942069.56,171474.8,Paid Ads,New,61592.66,0,289,1
L01184,Healthcare,1-50,13910031.18,121069.58,Paid Ads,New,43290.94,0,102,1
L01185,Manufacturing,1000+,27952742.08,242920.77,Paid Ads,New,24663.54,0,200,0
L01186,Finance,1000+,17415416.54,278155.22,Paid Ads,Closed Lost,37532.46,0,116,0
L01187,Technology,201-1000,46650097.74,317728.55,Event,Qualified,59618.61,1,331,1
L01188,Finance,1-50,46139992.47,132273.66,Organic Search,Proposal,35724.57,1,309,1
L01189,Healthcare,201-1000,25168353.82,474583.77,Event,Contacted,22274.75,1,28,0
L01190,Retail,1000+,16461411.3,89030.46,Referral,Qualified,12529.81,0,26,0
L01191,Manufacturing,1-50,36882907.46,482998.32,Event,Qualified,88096.93,0,12,1
L01192,Technology,1-50,1931975.88,12353.78,Event,Closed Lost,44590.98,0,41,0
L01193,Manufacturing,201-1000,23790973.4,243157.22,Referral,Proposal,62895.62,1,223,1
L01194,Healthcare,51-200,16882537.37,170017.08,Event,Proposal,49550.63,0,20,0
L01195,Manufacturing,201-1000,46034740.67,227316.09,Organic Search,New,87384.09,0,135,1
L01196,Technology,1000+,698951.06,287478.97,Outbound,Qualified,55146.55,0,325,0
L01197,Healthcare,1000+,27685462.3,220616.63,Referral,Qualified,48597.36,1,220,1
L01198,Manufacturing,1000+,37059112.7,210349.19,Paid Ads,Closed Lost,92535.5,0,144,0
L01199,Retail,1000+,24302397.58,367698.09,Organic Search,Contacted,72249.27,0,9,0
L01200,Healthcare,1000+,4361611.21,344508.76,Outbound,Contacted,12043.44,0,224,0
L01201,Healthcare,51-200,48625823.36,417469.28,Organic Search,Qualified,18592.74,1,140,1
L01202,Retail,1-50,25948720.53,128729.7,Organic Search,Contacted,78925.16,0,105,0
L01203,Finance,201-1000,30747893.59,306716.61,Paid Ads,New,83749.28,0,267,0
L01204,Technology,201-1000,11906828.16,294671.42,Outbound,Closed Won,54973.89,0,193,1
L01205,Finance,1000+,24226554.45,188020.22,Organic Search,Qualified,55891.07,0,127,0
L01206,Manufacturing,201-1000,21514559.65,245598.48,Paid Ads,Closed Won,63561.36,0,212,1
L01207,Retail,1000+,3837302.52,160322.16,Referral,Closed Won,44472.46,0,150,1
L01208,Finance,51-200,5397401.64,75212.98,Paid Ads,Contacted,68339.71,0,179,1
L01209,Healthcare,51-200,41889878.73,110831.6,Event,Qualified,11739.64,1,316,0
L01210,Manufacturing,1-50,12067015.62,57229.25,Paid Ads,New,96166.64,0,25,1
L01211,Manufacturing,51-200,9828417.75,343119.44,Paid Ads,Closed Lost,75265.33,0,14,0
L01212,Finance,51-200,25295081.42,332060.06,Paid Ads,Qualified,63486.25,0,21,0
L01213,Finance,1-50,38460481.85,475550.15,Organic Search,Contacted,32315.88,0,344,1
L01214,Retail,201-1000,3191131.28,366190.81,Outbound,Contacted,16934.59,1,64,0
L01215,Technology,1000+,28882715.19,30762.69,Paid Ads,Qualified,41524.95,0,250,0
L01216,Finance,1000+,6048601.1,442701.36,Paid Ads,Contacted,66496.1,0,20,0
L01217,Finance,201-1000,1919406.44,432024.21,Event,Contacted,63737.26,0,232,0
L01218,Healthcare,1-50,2731923.21,224443.56,Event,Proposal,38881.47,0,15,1
L01219,Manufacturing,201-1000,41724789.0,295002.21,Referral,Closed Won,61715.35,0,271,1
L01220,Technology,51-200,5986826.93,488158.77,Referral,Contacted,81561.08,0,204,0
L01221,Healthcare,1-50,2353053.08,268490.66,Event,Qualified,3602.19,1,297,0
L01222,Retail,1-50,21951204.37,453134.31,Outbound,Closed Won,45611.48,0,159,1
L01223,Retail,1-50,42215274.25,46104.19,Referral,New,76096.97,0,40,0
L01224,Finance,1000+,13194177.99,99570.68,Outbound,Closed Won,55068.3,0,107,1
L01225,Finance,201-1000,21143459.61,223173.7,Event,Contacted,65496.13,1,124,1
L01226,Retail,1-50,2092134.37,294454.62,Referral,Proposal,52150.96,0,151,0
L01227,Finance,1-50,22509017.86,409032.79,Paid Ads,Qualified,99195.58,0,12,0
L01228,Technology,1-50,28922892.72,494189.75,Event,Qualified,6407.53,0,202,1
L01229,Finance,201-1000,28588261.98,197481.49,Referral,Closed Won,49613.44,1,78,1
L01230,Manufacturing,1000+,16688091.94,28470.74,Outbound,New,10050.24,0,41,1
L01231,Finance,51-200,15845105.72,401579.89,Outbound,Contacted,16818.77,0,168,1
L01232,Healthcare,1000+,5420518.58,304168.46,Referral,Qualified,38920.8,0,248,1
L01233,Technology,1-50,18403236.2,103278.72,Outbound,Closed Won,16398.47,1,120,1
L01234,Healthcare,1000+,5064783.98,249940.09,Referral,Contacted,96405.03,0,271,1
L01235,Healthcare,1000+,38353137.64,372443.57,Referral,Closed Won,94732.19,1,299,1
L01236,Manufacturing,51-200,48317087.46,386353.83,Outbound,Contacted,34274.85,0,208,1
L01237,Technology,201-1000,48506715.39,252311.11,Organic Search,New,64335.02,0,157,0
L01238,Technology,201-1000,43267047.86,156081.19,Paid Ads,Proposal,53841.58,0,120,0
L01239,Technology,1000+,30079528.25,487002.58,Event,New,81743.11,0,226,1
L01240,Technology,1000+,35073198.29,333364.49,Paid Ads,Qualified,63117.12,0,23,1
L01241,Technology,201-1000,14331769.55,207077.57,Event,New,1024.99,0,229,1
L01242,Manufacturing,201-1000,31575443.97,143829.3,Event,Contacted,76554.26,0,25,0
L01243,Finance,51-200,22836912.52,366895.98,Paid Ads,Proposal,74937.96,0,57,1
L01244,Healthcare,1-50,24152665.25,124880.81,Referral,Qualified,51462.55,0,264,0
L01245,Technology,1000+,37913050.36,89996.44,Outbound,Qualified,90388.98,0,125,0
L01246,Finance,201-1000,14167725.94,267267.78,Organic Search,Qualified,90936.17,1,274,1
L01247,Finance,1000+,15970176.62,148543.76,Organic Search,Contacted,52867.26,0,27,0
L01248,Healthcare,1000+,46239625.38,316308.05,Organic Search,Qualified,61190.83,0,300,0
L01249,Manufacturing,201-1000,2905592.31,63379.64,Paid Ads,Closed Lost,99655.69,0,127,0
L01250,Retail,51-200,24333151.49,329195.85,Paid Ads,Closed Won,30583.2,0,93,1
L01251,Retail,1000+,45648759.94,145231.78,Referral,New,33137.11,0,190,0
L01252,Finance,51-200,30557114.09,5120.25,Organic Search,New,19094.62,1,271,1
L01253,Healthcare,201-1000,27365713.0,67833.35,Referral,Closed Lost,89690.83,1,4,0
L01254,Retail,1-50,12562234.54,467139.61,Organic Search,Qualified,74704.35,0,156,1
L01255,Finance,1-50,17229446.9,434340.55,Paid Ads,Qualified,11458.64,0,51,0
L01256,Manufacturing,1000+,42617215.95,120636.47,Outbound,Proposal,98194.97,0,242,1
L01257,Retail,201-1000,28004984.78,390294.09,Outbound,Contacted,73365.21,0,150,0
L01258,Finance,51-200,25785635.47,306242.94,Outbound,Qualified,85201.69,0,261,0
L01259,Finance,1000+,5069027.71,485597.83,Outbound,Closed Lost,5766.93,0,304,0
L01260,Technology,201-1000,899805.01,189934.8,Event,Proposal,50991.13,0,79,1
L01261,Manufacturing,201-1000,48187890.92,342323.0,Organic Search,New,70161.23,0,182,0
L01262,Technology,51-200,18911609.75,36450.18,Outbound,New,54751.71,0,353,1
L01263,Healthcare,1000+,30200331.8,201142.44,Event,Contacted,66998.1,0,106,1
L01264,Technology,201-1000,4077782.15,482089.74,Event,Proposal,81969.53,0,153,0
L01265,Technology,201-1000,34187402.86,271795.53,Event,Contacted,38059.37,0,292,0
L01266,Retail,201-1000,46635078.76,147500.35,Referral,New,85018.2,0,204,0
L01267,Finance,51-200,28825696.12,64534.13,Referral,Closed Lost,17128.69,1,115,0
L01268,Manufacturing,1000+,6393154.59,353246.53,Event,New,27817.72,1,16,0
L01269,Technology,1000+,29127904.22,324203.74,Outbound,New,5291.22,0,287,0
L01270,Manufacturing,1000+,38340725.93,190099.66,Organic Search,Contacted,37078.25,0,155,0
L01271,Technology,1000+,20380185.18,475715.97,Paid Ads,Contacted,38611.04,0,24,0
L01272,Healthcare,1-50,44003903.62,15990.39,Referral,Qualified,80721.79,0,277,0
L01273,Technology,1-50,32469279.37,155343.31,Outbound,Closed Lost,65659.94,0,316,0
L01274,Retail,1000+,44972521.02,460929.4,Outbound,Closed Won,44235.53,0,125,1
L01275,Finance,51-200,31212915.03,163863.04,Paid Ads,Qualified,65559.28,0,299,0
L01276,Healthcare,1-50,6651269.8,129865.15,Paid Ads,Qualified,6225.55,0,357,0
L01277,Technology,201-1000,15553616.38,269439.1,Outbound,Qualified,18846.88,1,275,0
L01278,Manufacturing,1-50,10169567.92,412781.87,Paid Ads,Contacted,63067.84,0,364,1
L01279,Healthcare,201-1000,45450442.24,56057.65,Outbound,New,64495.32,0,177,0
L01280,Healthcare,1000+,38043963.36,471795.25,Paid Ads,Closed Lost,77639.33,0,343,0
L01281,Technology,1-50,33852278.61,398561.08,Paid Ads,New,40896.98,0,46,1
L01282,Healthcare,51-200,15118219.35,94718.88,Outbound,New,72532.86,0,199,1
L01283,Manufacturing,1-50,9283834.13,357443.94,Event,Qualified,68714.05,0,50,0
L01284,Healthcare,1-50,37846909.29,195554.57,Outbound,Qualified,96375.94,0,294,0
L01285,Manufacturing,1-50,23760481.5,204135.87,Organic Search,New,22297.89,1,269,1
L01286,Technology,1000+,11366898.65,392728.6,Paid Ads,New,55616.28,0,196,0
L01287,Finance,51-200,30869436.71,481578.48,Referral,Contacted,60574.68,1,20,1
L01288,Healthcare,1-50,2112659.22,67694.66,Paid Ads,Proposal,99866.14,0,142,0
L01289,Finance,51-200,16375895.68,213211.97,Organic Search,Contacted,20917.23,0,247,1
L01290,Manufacturing,1000+,23480994.03,243066.1,Referral,Qualified,52798.58,0,355,0
L01291,Healthcare,201-1000,7483120.87,191274.35,Referral,Qualified,35272.35,0,352,1
L01292,Retail,1-50,49234258.43,184778.62,Outbound,Closed Won,53063.4,0,0,1
L01293,Finance,51-200,10533958.49,30872.99,Event,Contacted,23980.73,0,364,0
L01294,Healthcare,51-200,6604621.19,344341.62,Outbound,New,5713.63,0,337,1
L01295,Finance,1000+,10256390.21,220926.14,Referral,Qualified,57683.98,0,273,0
L01296,Healthcare,1-50,38476150.54,101422.93,Referral,Proposal,34249.58,0,240,1
L01297,Technology,201-1000,21332732.4,408936.58,Event,New,19012.2,0,57,0
L01298,Finance,51-200,28314255.39,402267.57,Paid Ads,Qualified,33069.62,0,125,0
L01299,Retail,1-50,1148356.93,245763.86,Event,New,5878.74,0,328,0
L01300,Retail,201-1000,1818122.3,152733.08,Outbound,New,95093.78,0,51,1
L01301,Manufacturing,51-200,22346694.94,320855.9,Paid Ads,Qualified,58533.64,0,222,0
L01302,Healthcare,51-200,40851096.64,147635.31,Outbound,Contacted,81662.1,0,301,0
L01303,Finance,201-1000,44273420.05,121823.93,Event,Closed Won,42888.7,0,362,1
L01304,Manufacturing,201-1000,4426657.72,366604.75,Paid Ads,Proposal,90428.15,1,268,0
L01305,Finance,1000+,26964318.79,24960.99,Event,Qualified,48848.5,0,95,0
L01306,Healthcare,1-50,45670161.35,51910.39,Organic Search,Qualified,57820.59,0,272,0
L01307,Retail,1-50,19459840.44,8360.15,Referral,Qualified,49687.6,0,322,1
L01308,Technology,1000+,41495334.99,80706.88,Paid Ads,New,73594.55,0,60,1
L01309,Retail,51-200,6771413.15,39150.05,Referral,Closed Won,57098.95,0,320,1
L01310,Manufacturing,201-1000,46776185.03,497922.17,Organic Search,Closed Lost,27888.29,0,180,0
L01311,Technology,201-1000,37596023.54,147960.94,Paid Ads,New,15408.41,0,132,0
L01312,Manufacturing,201-1000,47072586.2,78887.67,Referral,New,61006.31,0,88,0
L01313,Healthcare,51-200,33863199.95,124293.15,Referral,New,49428.82,1,172,0
L01314,Technology,201-1000,18233856.21,468382.16,Paid Ads,Proposal,10501.59,0,311,1
L01315,Manufacturing,201-1000,46915240.51,262479.31,Referral,Proposal,40166.13,0,4,0
L01316,Healthcare,1000+,13850782.14,185584.96,Referral,Closed Won,51962.87,0,356,1
L01317,Retail,51-200,16675408.85,437328.77,Paid Ads,Proposal,82862.43,0,342,0
L01318,Healthcare,1-50,35070340.06,200520.18,Referral,Qualified,8534.0,0,203,0
L01319,Finance,1000+,38289283.35,170829.24,Referral,Proposal,35501.04,0,161,1
L01320,Healthcare,1000+,46477233.84,107604.85,Outbound,Proposal,82442.96,0,60,0
L01321,Healthcare,1-50,10319640.21,192009.43,Outbound,Qualified,65193.97,0,189,1
L01322,Finance,1000+,39920101.96,161758.76,Organic Search,Qualified,29705.87,1,324,1
L01323,Manufacturing,51-200,36953448.06,340265.46,Outbound,Proposal,84688.18,0,62,1
L01324,Manufacturing,201-1000,3283348.36,148343.44,Outbound,Qualified,49836.06,0,43,1
L01325,Healthcare,51-200,19422434.75,290713.87,Organic Search,Proposal,50336.84,0,238,0
L01326,Finance,1-50,14209996.31,37616.62,Referral,Proposal,97682.15,1,27,1
L01327,Finance,1-50,15294072.18,99688.13,Referral,Proposal,94764.53,0,197,0
L01328,Retail,1000+,49149049.29,206665.61,Outbound,Proposal,36494.74,1,268,1
L01329,Manufacturing,51-200,32174592.93,468789.88,Organic Search,Qualified,14917.33,0,170,0
L01330,Technology,51-200,35912040.27,191739.73,Referral,Proposal,33241.01,0,29,0
L01331,Manufacturing,1-50,48833220.1,333716.69,Event,Qualified,4017.84,0,153,1
L01332,Manufacturing,51-200,18922368.94,131268.18,Paid Ads,Contacted,3056.02,0,208,0
L01333,Retail,1-50,40111824.41,67881.62,Paid Ads,New,40156.69,0,62,0
L01334,Technology,51-200,21783095.07,33975.62,Paid Ads,Qualified,94160.96,0,328,0
L01335,Retail,51-200,43489730.22,156179.68,Outbound,Qualified,87264.38,0,56,1
L01336,Technology,51-200,9114811.31,83042.21,Paid Ads,Closed Lost,51632.84,0,319,0
L01337,Healthcare,1-50,47389540.24,91135.17,Paid Ads,Contacted,56957.41,0,207,1
L01338,Technology,1000+,11016708.25,381575.86,Event,Contacted,1587.42,1,307,1
L01339,Retail,51-200,16378403.3,12839.85,Referral,Contacted,22334.61,1,62,0
L01340,Manufacturing,1-50,37833992.48,281116.01,Event,New,3452.64,0,247,0
L01341,Technology,1-50,19748381.56,192833.38,Outbound,Proposal,75699.41,1,140,0
L01342,Technology,51-200,30449747.7,255742.25,Paid Ads,Contacted,15418.93,0,92,0
L01343,Finance,51-200,22284217.7,283600.97,Referral,Proposal,87035.66,0,106,1
L01344,Manufacturing,1000+,37144259.86,160117.01,Paid Ads,Proposal,64689.11,0,364,0
L01345,Healthcare,1-50,11493729.49,151078.89,Paid Ads,Qualified,23712.45,0,87,1
L01346,Retail,1-50,3017053.56,368033.92,Outbound,Closed Won,16614.31,0,300,1
L01347,Healthcare,201-1000,15066476.93,436282.11,Paid Ads,Qualified,63134.85,0,107,1
L01348,Manufacturing,1-50,23768002.38,100327.91,Organic Search,Contacted,90182.86,0,45,1
L01349,Technology,1000+,8484200.6,53321.29,Referral,Closed Won,72117.66,0,76,1
L01350,Technology,201-1000,17804384.75,449408.92,Referral,Closed Won,35506.12,1,216,1
L01351,Manufacturing,201-1000,20059152.61,178198.25,Organic Search,New,59150.98,1,168,0
L01352,Technology,201-1000,2963853.0,277902.11,Outbound,New,31765.41,0,301,0
L01353,Technology,51-200,29207031.68,182973.86,Paid Ads,New,99915.81,0,128,0
L01354,Technology,51-200,44228737.06,67272.16,Paid Ads,Contacted,75135.08,0,200,0
L01355,Retail,1-50,7671971.36,296719.16,Referral,Closed Lost,61823.78,0,195,0
L01356,Retail,201-1000,29930619.87,264944.72,Outbound,Qualified,42902.66,0,347,1
L01357,Finance,1000+,33270486.33,105481.81,Outbound,Contacted,62197.08,0,267,1
L01358,Healthcare,51-200,21024800.55,228675.18,Outbound,Closed Won,34819.99,0,87,1
L01359,Manufacturing,1000+,35084769.61,399489.01,Paid Ads,Qualified,3857.62,0,252,0
L01360,Manufacturing,1000+,20595504.02,297260.92,Outbound,Contacted,40113.76,1,237,1
L01361,Manufacturing,51-200,25281400.67,52974.08,Organic Search,Closed Lost,93117.6,1,72,0
L01362,Finance,51-200,466916.92,276270.64,Event,Closed Won,63003.81,0,357,1
L01363,Retail,51-200,34616833.7,352855.46,Outbound,Closed Won,9311.61,0,354,1
L01364,Finance,51-200,33100999.68,397388.19,Event,Qualified,88614.37,1,160,1
L01365,Manufacturing,201-1000,2016203.78,316413.2,Paid Ads,Proposal,27618.61,0,57,0
L01366,Healthcare,201-1000,18475680.36,80565.79,Outbound,New,25133.18,0,290,0
L01367,Technology,201-1000,48953688.86,356535.77,Referral,Qualified,30412.01,0,339,1
L01368,Retail,201-1000,21094754.47,340284.21,Paid Ads,Closed Lost,58143.02,0,65,0
L01369,Retail,1-50,25147075.72,17091.31,Organic Search,Contacted,54924.12,1,25,0
L01370,Finance,201-1000,45505514.89,208815.1,Organic Search,Proposal,49649.96,0,297,0
L01371,Retail,51-200,35891367.61,169810.37,Event,Qualified,72036.15,0,76,0
L01372,Manufacturing,1000+,29145299.54,336358.97,Event,New,32337.24,0,285,1
L01373,Manufacturing,201-1000,39910453.6,111987.23,Referral,Proposal,78424.39,0,35,0
L01374,Finance,1-50,43231876.7,297481.6,Referral,New,18356.85,0,18,0
L01375,Manufacturing,51-200,22898714.78,457036.95,Organic Search,Proposal,78479.46,0,277,1
L01376,Healthcare,1000+,23807907.41,399912.17,Outbound,New,66717.2,0,320,0
L01377,Finance,1000+,19363941.69,461121.58,Organic Search,Closed Lost,68637.62,0,312,0
L01378,Healthcare,201-1000,48338636.39,489360.45,Organic Search,Contacted,48673.79,0,266,1
L01379,Technology,1000+,34888596.09,10281.71,Referral,Contacted,67033.15,0,281,0
L01380,Healthcare,201-1000,4252831.0,313256.93,Event,New,8899.91,0,18,0
L01381,Technology,201-1000,43161685.2,209355.5,Referral,Closed Lost,85303.56,0,338,0
L01382,Technology,51-200,24079941.05,430627.97,Referral,Proposal,6499.18,0,139,0
L01383,Healthcare,51-200,3530819.93,129648.28,Referral,Proposal,15725.41,0,66,1
L01384,Finance,1-50,27530891.03,490609.6,Organic Search,Qualified,58102.18,0,311,1
L01385,Manufacturing,51-200,20916497.52,308785.44,Outbound,Qualified,74201.73,1,17,0
L01386,Manufacturing,51-200,43899695.3,397801.01,Organic Search,New,8548.9,0,260,1
L01387,Technology,201-1000,10279330.72,47371.78,Paid Ads,Qualified,92155.72,0,111,0
L01388,Technology,51-200,41340584.01,95811.65,Referral,Contacted,97387.16,0,114,0
L01389,Finance,201-1000,27928665.69,380409.82,Referral,Closed Lost,60989.07,0,165,0
L01390,Retail,201-1000,2825054.13,15883.33,Paid Ads,Proposal,48643.1,0,66,1
L01391,Healthcare,51-200,48595080.54,409354.6,Referral,Qualified,74398.1,0,254,1
L01392,Technology,1-50,25679500.68,11904.76,Referral,New,33507.38,0,69,1
L01393,Manufacturing,1-50,14614755.03,330273.83,Referral,Proposal,49833.18,0,307,0
L01394,Finance,1000+,23523401.42,185721.49,Paid Ads,New,91698.95,0,202,0
L01395,Healthcare,1000+,42907103.4,307689.95,Organic Search,New,95609.89,0,126,0
L01396,Finance,51-200,15314665.91,349535.55,Referral,Contacted,92779.84,0,320,1
L01397,Healthcare,1-50,9714552.18,174525.23,Outbound,Qualified,26982.36,0,79,0
L01398,Healthcare,201-1000,6540655.22,58441.41,Paid Ads,Proposal,24014.43,1,175,1
L01399,Technology,1000+,14963183.98,39474.7,Event,Contacted,30468.79,1,112,1
L01400,Finance,201-1000,39024399.54,296523.33,Paid Ads,New,44689.8,0,110,1
L01401,Finance,1000+,23634155.62,262724.4,Organic Search,Qualified,32102.57,0,308,0
L01402,Manufacturing,51-200,11451332.02,372389.5,Paid Ads,Proposal,38047.07,0,136,0
L01403,Manufacturing,1-50,8392631.48,257319.08,Event,Contacted,62443.06,0,132,1
L01404,Technology,1000+,16703200.88,214110.67,Outbound,Contacted,76490.04,0,327,0
L01405,Technology,1-50,47002226.21,202053.15,Event,Closed Lost,73820.26,0,188,0
L01406,Retail,201-1000,17217032.96,18091.22,Paid Ads,Closed Lost,81627.93,0,276,0
L01407,Manufacturing,51-200,49407391.39,171100.81,Event,Closed Lost,4186.26,0,224,0
L01408,Healthcare,1-50,24312999.74,488129.98,Paid Ads,Closed Won,5725.65,0,102,1
L01409,Finance,51-200,9040279.52,437410.01,Outbound,New,79148.91,0,106,1
L01410,Technology,1-50,44567890.58,168042.14,Outbound,Contacted,53774.8,0,62,0
L01411,Finance,201-1000,23071733.12,295958.73,Organic Search,Contacted,58235.93,0,244,0
L01412,Finance,201-1000,35512600.04,424411.89,Outbound,Contacted,6206.1,0,172,0
L01413,Retail,51-200,49187208.0,223430.8,Referral,Closed Lost,26276.07,0,332,0
L01414,Manufacturing,201-1000,2603749.98,13889.14,Event,Proposal,64197.08,0,330,0
L01415,Technology,1000+,4925058.53,41882.68,Event,Proposal,86059.01,0,209,1
L01416,Finance,1-50,36050791.4,257644.4,Paid Ads,New,91781.36,0,190,0
L01417,Technology,201-1000,14163067.66,484872.49,Outbound,Closed Lost,50541.53,0,157,0
L01418,Healthcare,1000+,9296639.71,348138.72,Organic Search,Closed Won,55001.95,0,318,1
L01419,Retail,51-200,2064157.8,40103.51,Organic Search,New,83471.91,0,224,1
L01420,Healthcare,1000+,1190150.93,98733.63,Organic Search,Closed Won,54224.84,0,171,1
L01421,Technology,51-200,38746831.6,386804.96,Referral,Contacted,52168.99,0,322,0
L01422,Technology,51-200,6808228.03,421512.68,Outbound,New,90603.32,0,35,1
L01423,Manufacturing,1-50,23439258.74,310758.82,Organic Search,Proposal,79203.34,0,133,1
L01424,Finance,1-50,30334251.08,323989.47,Referral,Proposal,90998.18,0,36,0
L01425,Finance,1000+,21474754.85,19027.04,Event,New,22606.46,1,92,0
L01426,Healthcare,1-50,1452621.95,415122.48,Paid Ads,Contacted,52913.17,0,74,1
L01427,Retail,1-50,39196724.98,395196.23,Outbound,Closed Lost,84404.74,1,243,0
L01428,Finance,1-50,624609.9,133222.4,Outbound,Proposal,12003.63,0,182,0
L01429,Manufacturing,1000+,38118305.73,355794.98,Event,Proposal,79671.55,1,204,0
L01430,Healthcare,201-1000,44675894.24,111353.03,Outbound,Contacted,19114.36,0,186,0
L01431,Healthcare,1-50,21698712.06,24963.43,Outbound,New,81003.76,1,165,0
L01432,Manufacturing,1-50,26823569.41,104562.59,Outbound,Contacted,61588.09,0,114,1
L01433,Retail,1000+,23901471.29,93421.29,Outbound,Contacted,20130.36,0,206,0
L01434,Manufacturing,201-1000,19521510.07,172185.26,Referral,Contacted,47862.06,0,244,1
L01435,Retail,1-50,44382484.31,212132.5,Referral,New,68508.61,1,332,1
L01436,Manufacturing,51-200,44707282.18,256726.75,Paid Ads,Qualified,63751.44,0,160,0
L01437,Manufacturing,1000+,16857236.6,240993.17,Outbound,Contacted,43297.47,0,12,0
L01438,Technology,1-50,30791980.73,138983.93,Event,Closed Won,90037.29,0,293,1
L01439,Healthcare,1-50,46352687.35,19439.48,Organic Search,New,52407.08,0,235,0
L01440,Manufacturing,51-200,48106719.1,304525.3,Paid Ads,Qualified,51080.86,0,272,1
L01441,Manufacturing,51-200,25497056.12,200893.69,Organic Search,New,7162.81,0,113,0
L01442,Finance,1000+,22695957.78,152842.72,Organic Search,Qualified,92289.92,1,151,0
L01443,Healthcare,1000+,14006846.36,434135.82,Outbound,New,18534.54,1,25,1
L01444,Finance,51-200,47947706.47,374637.94,Event,Closed Lost,53306.12,0,167,0
L01445,Healthcare,1000+,7226433.79,429593.95,Organic Search,Proposal,80553.19,0,31,0
L01446,Finance,51-200,29033495.84,250016.48,Organic Search,Qualified,22329.87,0,220,0
L01447,Manufacturing,1-50,14199258.35,69810.97,Paid Ads,New,53209.96,0,205,1
L01448,Manufacturing,51-200,14022513.69,349629.61,Event,Qualified,24827.81,0,341,0
L01449,Technology,51-200,20307932.51,107006.52,Event,Proposal,76209.8,0,97,0
L01450,Finance,201-1000,49939767.5,223408.69,Organic Search,New,56869.78,0,90,0
L01451,Retail,51-200,2842818.71,37175.39,Event,Qualified,85741.61,1,213,0
L01452,Technology,51-200,28969236.73,413527.66,Paid Ads,Closed Won,89561.24,1,187,1
L01453,Finance,201-1000,4220350.69,67340.62,Paid Ads,Proposal,65224.61,0,56,1
L01454,Finance,1000+,7810589.42,452033.27,Paid Ads,Closed Won,72813.73,1,106,1
L01455,Technology,201-1000,22034190.79,432794.15,Outbound,Closed Won,55372.79,0,194,1
L01456,Manufacturing,1-50,25571960.55,234968.47,Organic Search,Closed Lost,39058.44,0,21,0
L01457,Finance,201-1000,13013741.18,373462.26,Event,Qualified,65163.67,0,185,0
L01458,Manufacturing,1-50,15891210.83,311625.31,Paid Ads,Qualified,90920.57,0,84,1
L01459,Technology,1000+,4439654.31,402522.44,Organic Search,Proposal,42251.36,0,79,1
L01460,Manufacturing,201-1000,15230667.21,218743.52,Organic Search,Proposal,32126.59,0,328,0
L01461,Healthcare,201-1000,48331266.13,393975.2,Outbound,Closed Lost,39455.26,0,76,0
L01462,Retail,1000+,47240898.35,233916.12,Event,New,44104.37,0,329,0
L01463,Finance,1-50,16810426.68,470778.06,Event,Contacted,8282.54,0,340,0
L01464,Retail,201-1000,28585611.42,245754.19,Paid Ads,Contacted,50345.74,0,176,0
L01465,Manufacturing,1-50,45488810.02,233996.54,Paid Ads,Contacted,49937.11,0,173,0
L01466,Finance,201-1000,408572.75,393610.57,Organic Search,Contacted,59255.94,0,81,0
L01467,Manufacturing,51-200,40553110.16,411680.96,Event,Proposal,36919.18,0,20,1
L01468,Healthcare,201-1000,47423640.68,279472.11,Event,New,61697.65,0,178,0
L01469,Technology,1000+,4657154.14,93999.92,Paid Ads,Proposal,87943.41,1,329,1
L01470,Finance,1000+,8156239.53,236540.32,Referral,Proposal,95591.63,0,224,0
L01471,Healthcare,1-50,48041240.51,484195.89,Organic Search,Contacted,58777.61,0,264,0
L01472,Healthcare,201-1000,26923253.17,377728.17,Event,Contacted,5216.5,0,268,1
L01473,Finance,1-50,808412.06,406525.49,Outbound,Proposal,96954.36,0,250,0
L01474,Manufacturing,1-50,12955836.74,21248.62,Outbound,Proposal,70880.34,0,272,1
L01475,Healthcare,51-200,22552189.35,236590.43,Referral,Closed Won,34260.4,0,342,1
L01476,Retail,51-200,34676154.66,325077.46,Paid Ads,Closed Won,15568.61,1,271,1
L01477,Healthcare,1000+,36684702.87,415866.18,Paid Ads,Closed Lost,15198.44,0,279,0
L01478,Manufacturing,1-50,49771533.49,29390.46,Paid Ads,Qualified,17606.7,0,222,0
L01479,Manufacturing,1000+,14446808.85,426957.25,Outbound,Closed Lost,5511.68,1,74,0
L01480,Retail,201-1000,26957183.08,276458.46,Paid Ads,Closed Won,90313.26,0,150,1
L01481,Healthcare,1-50,26712845.04,102670.42,Outbound,Closed Won,54536.06,1,358,1
L01482,Manufacturing,1-50,20341698.45,162041.33,Referral,New,70295.98,0,341,0
L01483,Finance,201-1000,8541178.5,144555.13,Organic Search,Closed Lost,82982.74,0,104,0
L01484,Technology,201-1000,48875082.5,267775.22,Event,Qualified,79362.56,0,41,1
L01485,Technology,1000+,42680527.61,30584.41,Referral,Proposal,88377.96,0,175,0
L01486,Technology,1000+,24966818.11,83475.4,Outbound,New,96758.21,0,244,0
L01487,Healthcare,201-1000,30201946.59,407283.06,Referral,Contacted,44467.99,0,252,1
L01488,Retail,1000+,11440326.57,70638.98,Event,Contacted,95083.21,0,273,1
L01489,Manufacturing,201-1000,27234974.81,120531.15,Organic Search,Contacted,72605.7,0,333,0
L01490,Finance,1-50,34779009.64,229418.45,Event,New,7996.15,0,91,0
L01491,Finance,1-50,25806834.72,260974.84,Outbound,Closed Won,68496.53,0,10,1
L01492,Healthcare,51-200,49515230.01,382987.19,Event,New,68984.95,1,151,0
L01493,Technology,1-50,30605948.65,226429.55,Referral,Contacted,90680.2,1,188,0
L01494,Healthcare,201-1000,18611588.26,395982.99,Paid Ads,New,37920.28,0,163,1
L01495,Retail,1000+,38630386.18,311081.42,Referral,Qualified,58906.24,0,125,0
L01496,Retail,51-200,8606079.33,60984.37,Outbound,Contacted,2206.57,0,210,1
L01497,Manufacturing,1000+,19287339.1,82384.06,Organic Search,Contacted,33875.45,0,96,1
L01498,Manufacturing,201-1000,17413251.62,221331.69,Event,Qualified,7162.13,1,308,0
L01499,Retail,1-50,21647174.05,201460.25,Organic Search,Proposal,52665.42,0,338,1
L01500,Retail,51-200,39110813.31,373054.41,Outbound,New,81927.32,1,46,1
L01501,Retail,201-1000,24260234.3,292464.88,Event,New,21437.83,0,307,0
L01502,Healthcare,51-200,39721321.07,197125.88,Referral,Contacted,53216.66,0,223,0
L01503,Retail,51-200,28866796.27,89526.34,Referral,Closed Lost,21196.86,1,56,0
L01504,Finance,1-50,17169264.79,117284.37,Outbound,Contacted,12948.16,0,74,1
L01505,Technology,201-1000,40517939.31,289873.0,Event,Qualified,51588.68,0,253,0
L01506,Retail,1000+,11990654.56,214602.21,Referral,Contacted,8835.71,0,150,1
L01507,Technology,51-200,11296710.69,259889.12,Outbound,Qualified,59148.11,0,58,0
L01508,Healthcare,51-200,25274695.91,89485.33,Outbound,New,4102.41,0,324,0
L01509,Technology,1000+,13116377.37,333138.59,Organic Search,New,11564.78,1,85,0
L01510,Healthcare,201-1000,553443.04,427006.68,Referral,Qualified,55449.75,0,169,0
L01511,Finance,51-200,32450046.61,132680.06,Event,Contacted,59549.33,1,145,0
L01512,Healthcare,51-200,25603581.69,248299.54,Referral,New,3869.71,0,326,0
L01513,Healthcare,51-200,22331338.94,487886.03,Referral,Proposal,57764.3,0,32,0
L01514,Manufacturing,201-1000,48351728.88,169954.66,Referral,Closed Lost,84011.75,1,2,0
L01515,Retail,201-1000,28602839.28,299547.94,Outbound,Contacted,72509.3,0,283,0
L01516,Retail,1000+,43185235.73,49646.87,Paid Ads,Proposal,13987.33,0,256,1
L01517,Finance,201-1000,7058566.79,304977.43,Paid Ads,Closed Lost,59654.99,0,125,0
L01518,Finance,201-1000,28503402.51,49367.73,Organic Search,Closed Won,67553.0,0,112,1
L01519,Retail,1-50,43412183.37,479821.54,Referral,Qualified,4685.89,0,302,0
L01520,Manufacturing,1000+,29196977.29,359253.01,Paid Ads,Proposal,85679.42,1,292,0
L01521,Retail,51-200,35928907.49,395139.1,Organic Search,New,90720.47,1,341,1
L01522,Manufacturing,201-1000,18664974.03,353531.66,Outbound,Qualified,85194.78,0,47,1
L01523,Finance,51-200,4713230.9,296915.87,Referral,Contacted,82638.52,0,363,0
L01524,Technology,51-200,22949224.73,227706.83,Event,New,74751.55,1,274,1
L01525,Finance,1-50,19784521.6,429894.82,Outbound,Qualified,63709.77,0,194,0
L01526,Finance,201-1000,43366303.1,478633.66,Organic Search,New,68184.07,0,338,0
L01527,Healthcare,1000+,12275365.59,252022.91,Outbound,Proposal,80833.13,0,224,0
L01528,Healthcare,201-1000,48340037.95,466109.85,Event,Qualified,66587.35,0,212,1
L01529,Healthcare,51-200,47911092.18,293749.79,Outbound,Qualified,33444.97,0,320,0
L01530,Healthcare,1000+,12456818.99,271500.17,Organic Search,New,38220.15,0,281,0
L01531,Manufacturing,201-1000,17467792.58,229968.95,Event,New,89808.69,0,137,0
L01532,Retail,51-200,44788231.47,108597.44,Event,Qualified,2695.09,0,354,1
L01533,Technology,51-200,48334448.82,6841.23,Outbound,Closed Lost,70183.24,0,332,0
L01534,Finance,1-50,22227611.23,124545.58,Event,New,95522.98,0,69,0
L01535,Manufacturing,1-50,16117752.58,257312.97,Outbound,Contacted,70916.59,0,298,0
L01536,Technology,1-50,26352091.26,193080.18,Referral,Closed Won,99397.29,0,69,1
L01537,Manufacturing,51-200,34419683.4,227000.19,Event,New,69066.95,0,207,0
L01538,Manufacturing,201-1000,13746378.32,490420.87,Outbound,Closed Won,4401.94,1,199,1
L01539,Finance,1-50,36850011.41,178384.82,Referral,Qualified,82873.98,1,58,1
L01540,Retail,201-1000,2677702.12,228830.55,Event,Qualified,29178.36,0,258,1
L01541,Healthcare,1-50,2559795.19,71090.2,Referral,Contacted,45159.67,0,340,1
L01542,Retail,1000+,19375756.49,28739.08,Event,Contacted,31897.1,1,350,1
L01543,Finance,1000+,17738312.28,388827.71,Organic Search,Contacted,27586.86,0,333,1
L01544,Finance,1-50,15850097.45,287488.17,Organic Search,Closed Won,43709.16,1,356,1
L01545,Finance,51-200,24601886.16,381548.88,Outbound,Proposal,38496.39,0,338,1
L01546,Technology,1-50,16104605.76,79182.09,Paid Ads,Proposal,63700.52,0,164,0
L01547,Retail,1-50,9693670.13,288055.24,Organic Search,Proposal,81501.97,0,244,0
L01548,Retail,51-200,15542530.5,130553.02,Paid Ads,Contacted,30411.78,0,83,0
L01549,Manufacturing,1000+,48747723.21,117890.6,Referral,Proposal,22158.39,0,308,1
L01550,Manufacturing,201-1000,20614559.51,10705.38,Referral,Qualified,67022.63,0,113,0
L01551,Manufacturing,1-50,22291167.57,69518.66,Paid Ads,Proposal,67361.69,0,233,0
L01552,Finance,51-200,28869595.0,158087.72,Outbound,Contacted,90211.99,0,261,0
L01553,Retail,1-50,49168704.34,62854.99,Event,Proposal,2578.62,0,171,1
L01554,Finance,51-200,12155903.69,492999.93,Paid Ads,Closed Won,85451.03,0,17,1
L01555,Technology,201-1000,34095977.32,157773.16,Paid Ads,Qualified,52579.22,0,234,0
L01556,Manufacturing,201-1000,35827636.21,69510.35,Paid Ads,New,62508.91,0,309,0
L01557,Finance,1000+,30405488.4,103545.74,Paid Ads,Qualified,10045.77,0,156,0
L01558,Finance,51-200,4520059.15,295913.1,Paid Ads,Contacted,43828.88,0,210,1
L01559,Technology,51-200,33875926.56,36701.54,Outbound,Proposal,23502.94,0,280,0
L01560,Healthcare,1000+,3298326.08,431904.89,Organic Search,Closed Lost,26168.28,0,318,0
L01561,Retail,1000+,29847518.21,480942.34,Event,Qualified,50905.42,1,195,1
L01562,Healthcare,51-200,37005100.74,127139.97,Organic Search,Qualified,81433.14,0,114,1
L01563,Manufacturing,1000+,10627397.54,227797.16,Paid Ads,Proposal,74634.31,0,159,0
L01564,Finance,201-1000,42096938.18,15956.55,Organic Search,New,59509.0,0,154,1
L01565,Technology,1-50,1614654.9,322151.56,Outbound,Contacted,54402.4,0,50,1
L01566,Technology,201-1000,42206261.9,209893.4,Referral,Closed Lost,43303.3,0,283,0
L01567,Retail,1000+,23070419.63,138678.94,Organic Search,Proposal,97298.29,1,72,0
L01568,Healthcare,51-200,10957638.2,107384.37,Event,New,56459.06,0,327,0
L01569,Retail,51-200,6775529.44,328741.42,Outbound,Contacted,26142.67,0,340,0
L01570,Finance,201-1000,47670027.66,211027.43,Referral,Proposal,23778.99,1,109,0
L01571,Retail,51-200,3726012.82,93931.35,Outbound,Proposal,61523.95,0,285,0
L01572,Technology,1000+,10034761.65,346109.0,Paid Ads,Closed Won,52759.93,0,220,1
L01573,Technology,201-1000,17456335.14,284710.78,Referral,Contacted,1762.08,0,8,0
L01574,Manufacturing,51-200,31049718.96,430042.67,Event,Closed Lost,83176.47,0,81,0
L01575,Manufacturing,1-50,27285574.16,63150.57,Referral,Qualified,70708.11,0,319,0
L01576,Finance,1-50,6369610.27,393904.97,Event,Proposal,66521.1,0,293,1
L01577,Healthcare,1000+,14557426.39,338390.81,Paid Ads,Qualified,7809.29,0,21,1
L01578,Retail,51-200,12013713.38,61930.41,Event,New,36843.53,0,98,1
L01579,Finance,1000+,10755788.44,348936.26,Outbound,Closed Lost,93602.84,1,169,0
L01580,Manufacturing,201-1000,20616102.39,223565.91,Organic Search,New,86396.33,0,189,0
L01581,Retail,1-50,35231169.48,472767.47,Outbound,Contacted,29268.75,0,105,0
L01582,Manufacturing,201-1000,10950901.32,75097.62,Outbound,Closed Won,16548.83,0,319,1
L01583,Retail,51-200,18397276.1,323202.53,Referral,Proposal,45459.71,0,264,1
L01584,Healthcare,1000+,19606779.6,194080.12,Paid Ads,Closed Won,36227.21,0,350,1
L01585,Finance,1000+,48825180.82,478623.26,Organic Search,Qualified,68540.41,0,167,1
L01586,Retail,1000+,47737851.21,168337.57,Event,Contacted,96677.05,0,343,0
L01587,Technology,201-1000,40026865.38,481282.03,Referral,Closed Lost,36937.14,0,112,0
L01588,Technology,1-50,12158780.15,451235.5,Paid Ads,New,7160.19,0,327,1
L01589,Retail,201-1000,3495061.97,138839.7,Organic Search,Closed Won,89863.79,1,305,1
L01590,Retail,201-1000,15913516.47,402753.18,Outbound,Contacted,4757.02,0,147,0
L01591,Retail,51-200,13413048.02,497824.08,Paid Ads,Closed Won,95323.82,0,336,1
L01592,Technology,51-200,25345697.43,130068.19,Paid Ads,New,66793.36,0,219,0
L01593,Technology,51-200,38908622.71,221204.7,Paid Ads,Qualified,94227.23,0,32,1
L01594,Retail,1-50,42930314.65,262489.46,Outbound,Closed Won,20766.31,0,219,1
L01595,Manufacturing,1-50,42258717.86,150990.91,Event,Qualified,5029.28,0,318,1
L01596,Manufacturing,51-200,18047810.51,12556.1,Referral,Proposal,49332.79,1,184,1
L01597,Healthcare,51-200,34392993.74,113963.98,Event,Closed Won,45611.72,0,192,1
L01598,Finance,1-50,15710426.46,144558.76,Organic Search,Proposal,33817.74,0,360,0
L01599,Manufacturing,1000+,3139186.61,224581.85,Referral,Closed Lost,95807.99,1,179,0
L01600,Technology,1-50,35108106.75,89695.73,Organic Search,Qualified,82435.79,1,354,0
L01601,Manufacturing,1-50,590394.87,437260.91,Outbound,New,66496.62,0,5,1
L01602,Healthcare,1-50,20518211.11,353931.01,Event,New,17122.97,0,8,0
L01603,Healthcare,51-200,16536025.54,47174.24,Paid Ads,Contacted,73698.02,0,356,0
L01604,Finance,1000+,34699539.17,326795.76,Referral,New,72974.23,0,60,0
L01605,Manufacturing,1-50,38335649.09,328559.96,Paid Ads,Qualified,43081.75,0,162,1
L01606,Technology,51-200,15274322.33,478329.48,Organic Search,New,92553.81,0,98,0
L01607,Technology,201-1000,40600188.02,6495.33,Paid Ads,New,17530.81,1,147,1
L01608,Retail,201-1000,14766446.35,127726.56,Paid Ads,New,27466.42,0,57,1
L01609,Technology,1-50,22371685.36,464256.78,Outbound,Closed Won,7259.21,1,214,1
L01610,Finance,201-1000,36378224.5,466406.29,Outbound,Qualified,79749.64,1,315,0
L01611,Finance,1000+,34676719.44,361690.28,Event,Contacted,62554.18,0,181,0
L01612,Technology,201-1000,49369686.77,384052.84,Organic Search,Closed Won,32179.09,0,34,1
L01613,Technology,201-1000,11335535.11,50284.06,Outbound,New,17217.55,0,302,0
L01614,Retail,1000+,33149663.89,259368.54,Outbound,Closed Lost,4974.63,0,45,0
L01615,Technology,1-50,30523127.22,119633.58,Event,Proposal,17507.81,0,86,0
L01616,Retail,1-50,45763412.88,94702.93,Referral,New,45875.18,0,3,0
L01617,Retail,1000+,7902470.87,406100.13,Event,Proposal,25470.52,0,265,1
L01618,Technology,1000+,37614728.36,71843.88,Paid Ads,Proposal,26639.24,1,106,1
L01619,Healthcare,1000+,28456603.95,236982.56,Paid Ads,Qualified,87682.06,0,74,0
L01620,Healthcare,201-1000,13805826.9,469596.23,Outbound,Closed Won,51998.63,0,39,1
L01621,Retail,1000+,23774302.22,96986.87,Outbound,New,73195.95,0,126,0
L01622,Technology,51-200,16755452.19,489106.74,Event,Contacted,4535.38,0,182,0
L01623,Healthcare,201-1000,29007738.8,497172.55,Event,New,37151.17,1,118,1
L01624,Technology,1-50,44461130.48,280030.49,Organic Search,Contacted,48437.77,1,72,0
L01625,Technology,1-50,28508318.72,89220.66,Paid Ads,Contacted,19455.27,0,39,1
L01626,Technology,1-50,31622948.67,161471.92,Event,Closed Lost,12898.96,0,203,0
L01627,Manufacturing,201-1000,25985517.57,215123.95,Referral,New,87160.07,0,95,1
L01628,Technology,51-200,2653158.77,158115.49,Organic Search,Qualified,94003.73,0,278,0
L01629,Manufacturing,1000+,11719641.99,143914.61,Event,Qualified,8801.86,0,142,0
L01630,Retail,1000+,24650886.3,486253.71,Outbound,Closed Won,35552.85,0,114,1
L01631,Healthcare,1-50,15580740.66,80915.59,Event,Closed Lost,95870.28,0,132,0
L01632,Healthcare,1-50,9170003.53,367997.31,Outbound,Proposal,9233.01,1,167,0
L01633,Healthcare,201-1000,25256228.81,5203.09,Outbound,Closed Lost,64720.5,0,244,0
L01634,Healthcare,51-200,16208208.69,300110.42,Paid Ads,Proposal,97249.92,0,276,1
L01635,Healthcare,1000+,12979571.39,458391.79,Paid Ads,Closed Lost,97844.14,0,258,0
L01636,Healthcare,201-1000,23252872.33,147527.38,Event,Proposal,47651.11,1,45,0
L01637,Healthcare,1000+,6750884.48,96835.36,Event,New,17112.16,0,345,0
L01638,Retail,1-50,46394512.08,327581.5,Referral,Qualified,21006.35,1,334,0
L01639,Technology,1000+,43398334.69,357737.7,Organic Search,Proposal,89070.54,0,236,1
L01640,Finance,51-200,35410267.23,345575.11,Organic Search,Contacted,91256.62,0,52,0
L01641,Manufacturing,51-200,5400070.0,163061.86,Event,Contacted,61180.08,0,147,0
L01642,Finance,1-50,38816275.0,129840.19,Paid Ads,Qualified,76851.46,0,186,1
L01643,Finance,51-200,40417070.67,478179.81,Referral,Closed Lost,74253.19,0,20,0
L01644,Technology,51-200,38411454.42,462033.26,Organic Search,New,66520.34,1,89,0
L01645,Technology,201-1000,5786897.77,231371.72,Event,Proposal,82900.42,0,232,0
L01646,Technology,1000+,32231007.06,423865.96,Paid Ads,Proposal,68855.26,0,214,0
L01647,Healthcare,1-50,41732807.31,228900.12,Paid Ads,Closed Lost,53866.23,0,50,0
L01648,Retail,1-50,28909934.72,215072.56,Paid Ads,Closed Lost,24458.68,0,152,0
L01649,Healthcare,1-50,32355728.02,82597.66,Outbound,Proposal,74644.93,0,323,1
L01650,Retail,1-50,22972337.62,216071.0,Paid Ads,Qualified,47870.35,0,115,0
L01651,Retail,1-50,26482495.26,271021.38,Event,Contacted,30184.38,0,213,1
L01652,Finance,51-200,1815405.23,16139.64,Referral,Qualified,80392.68,1,338,0
L01653,Finance,201-1000,31984254.8,224835.94,Event,Proposal,69974.65,0,350,1
L01654,Retail,1-50,4164215.92,391771.33,Paid Ads,Closed Won,93796.62,1,136,1
L01655,Retail,201-1000,21807228.26,341622.8,Referral,Proposal,17378.72,0,284,0
L01656,Healthcare,201-1000,14703489.37,319402.71,Organic Search,New,65269.74,1,70,0
L01657,Healthcare,51-200,27316854.72,455229.94,Organic Search,Qualified,25179.71,0,244,0
L01658,Finance,1-50,6757475.14,13925.84,Event,Contacted,90454.72,0,37,1
L01659,Technology,51-200,34613005.76,280738.56,Referral,New,10850.44,0,215,1
L01660,Retail,1-50,39771075.69,394737.68,Event,Contacted,65960.02,0,126,0
L01661,Healthcare,51-200,8251387.04,272961.01,Referral,New,79317.49,1,71,1
L01662,Finance,201-1000,5305223.06,165328.3,Referral,Closed Won,36136.87,0,225,1
L01663,Healthcare,1-50,7361222.59,72444.03,Event,Contacted,95459.67,1,314,1
L01664,Retail,1000+,43868665.34,444343.72,Referral,Contacted,85222.34,0,283,0
L01665,Retail,201-1000,26456644.16,238027.38,Paid Ads,Closed Lost,30167.21,0,301,0
L01666,Manufacturing,1000+,23416323.7,439667.02,Referral,Contacted,1746.57,1,245,1
L01667,Technology,201-1000,5424919.77,294996.8,Referral,New,30369.06,0,70,0
L01668,Manufacturing,51-200,32512844.74,338725.1,Event,Contacted,28849.74,0,194,0
L01669,Finance,1-50,43413179.64,403109.27,Organic Search,New,89106.5,0,37,1
L01670,Healthcare,201-1000,41426474.88,331281.99,Outbound,New,96745.0,1,116,1
L01671,Finance,51-200,31340129.98,202037.15,Referral,New,7973.56,0,237,0
L01672,Retail,1-50,3856407.96,259248.53,Outbound,Qualified,47658.19,0,363,1
L01673,Manufacturing,1-50,5708611.66,402507.53,Referral,New,55284.87,0,203,0
L01674,Manufacturing,201-1000,2560518.46,189956.9,Event,Contacted,10198.25,0,350,0
L01675,Manufacturing,1-50,12948212.9,197120.12,Event,Closed Won,38372.27,1,318,1
L01676,Finance,201-1000,6869507.21,52366.61,Referral,Qualified,32391.16,1,358,1
L01677,Retail,1-50,13076397.21,457719.3,Event,Closed Lost,54069.58,0,4,0
L01678,Healthcare,1000+,19314396.98,50062.98,Event,Qualified,66457.9,0,156,0
L01679,Healthcare,51-200,47154840.93,325863.54,Referral,Contacted,70645.03,0,106,1
L01680,Finance,1000+,30557765.38,209531.27,Organic Search,Proposal,14538.75,0,227,0
L01681,Manufacturing,201-1000,41765191.91,205781.6,Referral,New,81481.82,0,141,0
L01682,Technology,1000+,35546539.89,341378.16,Organic Search,New,68175.66,0,313,0
L01683,Finance,201-1000,5713906.21,38211.4,Event,Proposal,89018.42,0,171,0
L01684,Finance,1-50,36822428.28,298884.36,Organic Search,Qualified,45484.27,0,145,0
L01685,Retail,1-50,13827434.19,387155.73,Event,Proposal,89495.09,0,6,0
L01686,Healthcare,201-1000,31991481.57,414965.32,Organic Search,Closed Lost,86711.64,0,342,0
L01687,Finance,1000+,17114002.48,89412.54,Organic Search,Contacted,44402.52,1,352,0
L01688,Finance,1-50,49883845.94,449222.43,Referral,Qualified,38733.19,0,300,0
L01689,Manufacturing,51-200,13251218.83,329792.32,Organic Search,Qualified,93348.39,0,15,0
L01690,Manufacturing,1-50,14028610.49,441518.13,Event,Closed Lost,71801.31,0,319,0
L01691,Technology,51-200,46540545.55,245213.95,Referral,Closed Won,92896.29,0,36,1
L01692,Retail,1000+,1329755.79,273306.51,Organic Search,Closed Lost,79900.5,0,152,0
L01693,Technology,51-200,34864780.49,459923.95,Referral,Contacted,61320.45,0,264,0
L01694,Manufacturing,51-200,36293786.9,450455.22,Outbound,Proposal,12469.42,0,182,0
L01695,Healthcare,51-200,41835291.01,226839.63,Referral,Contacted,29856.59,0,155,0
L01696,Manufacturing,51-200,48724521.6,140834.25,Outbound,Contacted,96915.4,1,136,1
L01697,Retail,1-50,48782535.77,199619.37,Outbound,Closed Lost,32622.79,0,89,0
L01698,Manufacturing,51-200,3357310.2,196943.34,Referral,New,10232.23,1,217,1
L01699,Retail,1-50,41109782.21,146999.1,Event,Closed Lost,71047.78,0,329,0
L01700,Retail,51-200,32350865.69,137946.9,Event,New,73666.42,0,185,0
L01701,Retail,201-1000,32402372.51,431226.15,Event,Closed Won,29260.31,0,208,1
L01702,Retail,1000+,6504661.34,39581.65,Paid Ads,Contacted,30469.53,0,50,1
L01703,Retail,51-200,32544339.61,340417.54,Outbound,Contacted,47420.41,0,287,0
L01704,Healthcare,201-1000,49125880.77,90545.93,Referral,Contacted,3157.11,0,87,0
L01705,Technology,51-200,45599746.62,175530.42,Event,Qualified,79142.98,0,135,0
L01706,Finance,51-200,22012619.97,35463.8,Event,Contacted,32391.79,0,157,1
L01707,Technology,51-200,2093403.87,138636.95,Referral,Proposal,85522.55,0,281,1
L01708,Retail,201-1000,18178445.15,385368.43,Outbound,New,80460.41,0,154,0
L01709,Healthcare,1000+,41336876.55,443082.59,Referral,New,66478.8,0,219,0
L01710,Manufacturing,201-1000,35104805.16,114655.94,Paid Ads,New,33162.61,0,166,1
L01711,Healthcare,1000+,23021248.41,234456.18,Paid Ads,Qualified,52115.34,0,321,1
L01712,Retail,51-200,2849566.6,237810.4,Referral,Closed Won,45038.1,0,178,1
L01713,Healthcare,1-50,21402046.92,437419.78,Outbound,Closed Won,34549.31,0,328,1
L01714,Healthcare,51-200,23504344.49,382585.53,Event,Contacted,84965.49,0,49,0
L01715,Retail,1000+,46434921.09,258973.22,Paid Ads,Qualified,48867.2,0,300,0
L01716,Healthcare,201-1000,32090196.57,337019.86,Paid Ads,Proposal,83439.59,1,86,0
L01717,Finance,51-200,15651480.54,424440.75,Outbound,Contacted,11416.63,0,32,0
L01718,Finance,201-1000,26313381.4,9721.78,Paid Ads,Qualified,14961.45,0,274,0
L01719,Healthcare,201-1000,3396159.86,204430.57,Paid Ads,Qualified,97754.71,1,140,0
L01720,Manufacturing,201-1000,48631154.96,454085.37,Outbound,New,59189.08,0,205,0
L01721,Retail,51-200,18066989.11,371454.95,Referral,New,51467.2,0,223,1
L01722,Finance,201-1000,23945581.01,273706.48,Event,New,52792.45,0,112,1
L01723,Manufacturing,201-1000,17828670.31,267174.04,Event,Proposal,22311.61,0,277,0
L01724,Healthcare,51-200,34157335.33,177146.2,Paid Ads,New,72151.69,0,352,0
L01725,Manufacturing,201-1000,33145384.7,262657.66,Event,New,9393.28,0,4,1
L01726,Technology,51-200,35794583.3,329414.68,Referral,Contacted,57759.05,1,211,1
L01727,Finance,1000+,13480347.16,212089.7,Paid Ads,New,57506.11,0,255,0
L01728,Healthcare,1000+,15851857.21,358505.81,Event,New,91504.65,0,333,0
L01729,Retail,1000+,6350036.43,431309.95,Organic Search,Closed Lost,53092.1,0,29,0
L01730,Healthcare,201-1000,32809947.6,81569.0,Organic Search,New,14569.21,1,346,0
L01731,Retail,1-50,2085876.65,228515.78,Organic Search,Proposal,57702.57,0,81,0
L01732,Healthcare,1-50,29924348.54,206969.95,Organic Search,Contacted,10041.44,0,235,0
L01733,Manufacturing,201-1000,43497824.65,345295.08,Organic Search,Proposal,21175.59,0,343,0
L01734,Manufacturing,1-50,44552524.2,128684.4,Paid Ads,Qualified,4079.75,0,360,0
L01735,Manufacturing,51-200,22506984.24,321924.2,Outbound,Contacted,51816.06,0,322,0
L01736,Technology,1-50,23019254.04,439357.17,Outbound,Closed Won,9368.73,1,252,1
L01737,Retail,201-1000,3940762.23,211975.14,Paid Ads,Qualified,47470.04,0,117,0
L01738,Manufacturing,201-1000,33571174.77,455952.77,Paid Ads,Closed Won,93361.56,0,29,1
L01739,Technology,51-200,41080845.08,496616.05,Referral,Qualified,72256.38,1,110,0
L01740,Retail,1000+,12308287.22,57515.56,Outbound,Closed Lost,8663.76,0,253,0
L01741,Healthcare,201-1000,21122913.99,120361.33,Organic Search,Proposal,23196.77,0,198,1
L01742,Technology,51-200,41958082.9,475437.98,Paid Ads,Closed Lost,67692.58,0,294,0
L01743,Finance,1-50,43868311.34,479372.2,Organic Search,Qualified,89575.48,0,341,0
L01744,Technology,1-50,12234681.02,53365.1,Outbound,Qualified,4258.94,0,296,0
L01745,Technology,51-200,27573474.66,12424.26,Event,Proposal,81432.66,1,286,1
L01746,Retail,51-200,9705408.22,84744.51,Event,Closed Won,56619.57,0,243,1
L01747,Healthcare,201-1000,5183750.33,498026.33,Paid Ads,Closed Lost,55063.04,0,220,0
L01748,Finance,1-50,45564913.02,94099.81,Referral,Contacted,95823.51,0,155,0
L01749,Manufacturing,51-200,41043324.46,253761.07,Organic Search,Proposal,75016.82,0,235,0
L01750,Manufacturing,1-50,38025741.6,424966.77,Paid Ads,Contacted,85161.77,0,319,1
L01751,Technology,51-200,2533439.31,15098.8,Referral,Qualified,36045.56,0,18,0
L01752,Retail,1-50,42202066.76,304222.05,Organic Search,New,55882.04,0,214,1
L01753,Retail,1000+,21958399.39,142127.6,Outbound,Contacted,61925.16,0,113,0
L01754,Manufacturing,201-1000,17185516.65,431855.78,Event,Closed Lost,32836.81,0,199,0
L01755,Finance,1-50,27369170.42,145313.27,Referral,New,57454.56,0,24,1
L01756,Healthcare,1000+,4658526.81,344944.08,Organic Search,Proposal,24428.88,0,120,0
L01757,Finance,1-50,37856662.81,338738.72,Paid Ads,Qualified,15194.19,0,229,1
L01758,Healthcare,1-50,29163510.34,114639.31,Organic Search,New,38023.06,0,98,1
L01759,Manufacturing,1000+,9410845.83,22225.6,Paid Ads,Contacted,74189.67,0,345,1
L01760,Healthcare,1-50,9492786.77,207578.54,Event,Qualified,91702.53,0,2,1
L01761,Retail,1-50,9294007.71,148150.61,Event,New,46313.69,0,260,1
L01762,Technology,201-1000,2944419.14,405443.99,Organic Search,Closed Won,64639.55,0,253,1
L01763,Technology,1000+,29431142.62,401180.27,Organic Search,Closed Lost,11200.68,0,19,0
L01764,Manufacturing,1000+,42033374.06,231226.86,Paid Ads,Contacted,90541.91,0,203,1
L01765,Retail,51-200,973160.88,305223.55,Paid Ads,New,57291.82,0,293,1
L01766,Finance,1-50,2545331.78,304108.46,Referral,Qualified,78253.49,0,356,0
L01767,Retail,201-1000,28681236.81,414443.28,Referral,Proposal,79649.68,0,127,1
L01768,Technology,1-50,40992834.7,215376.19,Referral,Contacted,26391.57,0,357,0
L01769,Technology,1-50,16404270.64,141346.11,Organic Search,New,53388.27,0,291,0
L01770,Retail,51-200,17545758.5,136192.28,Referral,Qualified,96087.5,0,173,1
L01771,Retail,1-50,29857690.23,270415.18,Organic Search,Closed Lost,9873.82,0,220,0
L01772,Technology,201-1000,13783223.17,227328.36,Event,Contacted,68621.94,0,354,1
L01773,Finance,201-1000,1427757.47,222859.78,Outbound,Qualified,96264.14,0,36,1
L01774,Manufacturing,51-200,36787903.05,50112.98,Event,Closed Lost,30757.13,0,309,0
L01775,Manufacturing,1-50,31319930.66,360708.85,Organic Search,Proposal,86283.34,0,148,1
L01776,Retail,201-1000,29079724.35,110799.66,Organic Search,Proposal,93432.1,0,91,1
L01777,Manufacturing,1-50,37110038.04,102492.05,Outbound,Qualified,74961.53,0,69,0
L01778,Technology,1-50,33794018.79,209315.37,Paid Ads,Closed Lost,23901.5,0,83,0
L01779,Technology,1-50,10373511.21,117750.28,Paid Ads,Proposal,34066.07,1,204,0
L01780,Retail,51-200,17688804.24,294009.84,Paid Ads,Closed Won,4545.12,0,266,1
L01781,Retail,1-50,6392896.07,188874.35,Referral,Proposal,83313.87,1,87,1
L01782,Retail,201-1000,6579864.97,227211.3,Paid Ads,Proposal,85111.51,0,251,1
L01783,Finance,1-50,33842167.74,270898.81,Referral,Contacted,63638.32,0,210,0
L01784,Manufacturing,201-1000,42944145.34,105750.08,Referral,Contacted,35900.26,0,342,0
L01785,Retail,1-50,48140355.93,82097.05,Paid Ads,Proposal,8604.29,0,30,1
L01786,Healthcare,201-1000,31454521.17,440808.84,Paid Ads,Contacted,75552.7,0,356,0
L01787,Healthcare,201-1000,9286656.04,219693.23,Outbound,Qualified,72926.09,1,315,0
L01788,Technology,1-50,5371952.24,208986.34,Outbound,Contacted,91347.65,1,60,1
L01789,Manufacturing,1-50,40661263.48,22628.01,Referral,Closed Won,73322.67,0,66,1
L01790,Retail,201-1000,28979948.17,251498.27,Outbound,New,83040.8,0,225,1
L01791,Healthcare,1000+,30952422.55,279314.01,Referral,Closed Won,74849.51,1,334,1
L01792,Manufacturing,51-200,39094958.23,281626.23,Organic Search,Proposal,63438.03,1,326,1
L01793,Technology,1000+,35193533.66,354980.43,Referral,New,43269.67,0,66,0
L01794,Finance,1000+,41739466.82,92853.51,Referral,Qualified,90309.61,0,127,1
L01795,Manufacturing,1-50,2905073.88,129850.45,Outbound,Contacted,65445.89,0,110,1
L01796,Manufacturing,51-200,37401279.77,406311.58,Organic Search,Contacted,40437.18,0,271,0
L01797,Finance,1000+,42557552.59,473849.46,Event,Contacted,9263.46,0,300,0
L01798,Manufacturing,1-50,14378138.62,72286.71,Event,New,29779.78,0,33,0
L01799,Technology,1000+,32058318.97,251336.53,Event,Closed Lost,54828.95,0,211,0
L01800,Technology,1000+,15776686.99,111017.25,Organic Search,New,28287.9,0,299,1
L01801,Finance,1-50,47902756.22,34736.22,Paid Ads,Proposal,22902.3,0,124,1
L01802,Retail,1-50,1767836.26,166124.15,Organic Search,Contacted,53211.96,1,102,1
L01803,Healthcare,1-50,29031662.91,76125.37,Outbound,Proposal,17812.21,1,205,0
L01804,Retail,51-200,8408527.0,356416.87,Referral,Contacted,80240.6,0,119,0
L01805,Manufacturing,1000+,35639788.24,269194.08,Referral,Proposal,48952.45,0,169,0
L01806,Healthcare,1-50,8876925.14,76198.06,Outbound,Proposal,57812.41,0,34,0
L01807,Finance,201-1000,11845624.77,9574.59,Outbound,Proposal,15590.94,0,330,0
L01808,Finance,1000+,24769103.47,405037.74,Referral,New,33133.06,0,245,0
L01809,Healthcare,201-1000,45750264.0,92216.23,Paid Ads,Proposal,41598.88,0,339,0
L01810,Technology,51-200,10664547.17,305077.24,Paid Ads,Contacted,81013.07,0,308,1
L01811,Healthcare,1-50,7297577.05,171776.35,Paid Ads,New,77245.79,0,57,0
L01812,Manufacturing,201-1000,37972943.91,294815.54,Outbound,Qualified,23074.77,0,305,0
L01813,Technology,51-200,25080914.66,161248.55,Referral,Qualified,62001.73,1,140,0
L01814,Finance,1-50,45598077.11,48035.08,Referral,Qualified,25102.18,0,110,0
L01815,Healthcare,201-1000,7416066.4,115360.25,Referral,Proposal,98836.47,0,162,0
L01816,Retail,201-1000,32331801.86,98088.99,Organic Search,Contacted,95260.26,0,110,0
L01817,Retail,51-200,11720669.39,216869.58,Organic Search,Contacted,56763.21,0,151,0
L01818,Manufacturing,1-50,7922345.39,330850.47,Event,New,70191.35,0,64,0
L01819,Retail,1-50,34203127.82,135584.01,Organic Search,Proposal,80341.61,0,105,1
L01820,Healthcare,201-1000,29724862.53,10974.62,Paid Ads,Qualified,72378.84,0,215,1
L01821,Healthcare,201-1000,37765890.17,261874.0,Paid Ads,Contacted,70283.04,1,90,0
L01822,Retail,201-1000,15542182.56,304850.95,Paid Ads,Proposal,95896.85,0,25,1
L01823,Healthcare,1-50,22453785.65,481620.89,Paid Ads,Qualified,60049.15,0,156,1
L01824,Manufacturing,51-200,20333036.65,296788.05,Event,Qualified,63993.96,0,71,1
L01825,Technology,51-200,49206064.25,238230.42,Paid Ads,Qualified,85077.61,0,43,1
L01826,Manufacturing,1-50,14683222.94,288833.8,Outbound,Proposal,67319.2,0,89,1
L01827,Manufacturing,1000+,14811380.19,464310.81,Outbound,Proposal,73560.33,1,132,0
L01828,Healthcare,51-200,17791955.62,415047.18,Outbound,Contacted,24182.7,0,160,1
L01829,Technology,201-1000,28273244.66,164874.47,Organic Search,New,37755.43,0,231,0
L01830,Healthcare,1000+,12690904.94,122440.91,Referral,New,15582.83,1,260,1
L01831,Finance,1000+,45772968.02,135003.64,Event,Proposal,51070.78,0,110,0
L01832,Healthcare,51-200,13357709.69,254688.41,Outbound,Closed Won,46117.01,0,163,1
L01833,Healthcare,1000+,44801205.0,373304.48,Outbound,Qualified,99719.12,0,76,1
L01834,Healthcare,1000+,5263405.68,254093.51,Paid Ads,New,61509.66,0,208,1
L01835,Technology,51-200,32862478.85,38559.22,Outbound,Proposal,78858.04,0,12,0
L01836,Healthcare,51-200,45358577.37,363172.45,Paid Ads,Closed Won,34067.45,0,57,1
L01837,Technology,1000+,8520596.98,403955.21,Paid Ads,Closed Won,83322.99,0,343,1
L01838,Retail,201-1000,48419515.31,148301.44,Referral,Proposal,61893.41,0,35,0
L01839,Finance,1-50,22698879.68,333742.24,Organic Search,Closed Won,70002.24,0,24,1
L01840,Technology,1000+,47291183.91,216162.99,Paid Ads,New,30148.65,0,33,0
L01841,Retail,1000+,33873320.18,445114.08,Paid Ads,New,55315.2,0,139,0
L01842,Technology,201-1000,15149184.81,423386.65,Referral,New,63769.66,1,274,1
L01843,Technology,1000+,9496295.99,265088.84,Paid Ads,Proposal,59320.37,0,361,1
L01844,Finance,1000+,15256378.81,347295.25,Event,New,91604.18,0,221,0
L01845,Manufacturing,1-50,4741568.72,442258.1,Organic Search,Qualified,89928.99,0,36,0
L01846,Manufacturing,1-50,7279011.52,250379.92,Event,Qualified,97127.42,0,362,0
L01847,Technology,1-50,5322555.97,160059.12,Outbound,Contacted,67075.37,0,128,0
L01848,Healthcare,51-200,21204882.83,378064.74,Organic Search,Closed Won,97219.5,1,315,1
L01849,Retail,51-200,39799360.98,113932.8,Outbound,New,83415.32,0,322,0
L01850,Healthcare,1-50,7155039.36,197322.92,Paid Ads,Contacted,27812.38,1,217,0
L01851,Healthcare,1-50,6602989.62,433534.98,Referral,Proposal,43316.13,1,334,0
L01852,Technology,51-200,32207104.58,363589.06,Event,New,24600.85,0,247,0
L01853,Technology,201-1000,9939430.8,204886.45,Outbound,Proposal,1415.52,0,110,1
L01854,Technology,1000+,4970740.9,111298.53,Paid Ads,Closed Won,19616.83,0,303,1
L01855,Technology,1000+,8425744.05,181204.35,Event,Closed Lost,1402.0,0,219,0
L01856,Manufacturing,1-50,46194196.65,145631.55,Event,Closed Won,72264.01,0,195,1
L01857,Technology,201-1000,41091415.51,92164.2,Outbound,Contacted,43127.9,1,146,0
L01858,Manufacturing,51-200,17767821.66,372949.79,Paid Ads,Qualified,31944.9,0,343,0
L01859,Manufacturing,1-50,32825456.29,129774.59,Referral,New,76410.37,0,39,1
L01860,Technology,201-1000,26910056.12,229812.9,Outbound,Contacted,83416.19,0,133,1
L01861,Finance,201-1000,33888500.75,196000.43,Event,New,97554.65,1,351,1
L01862,Retail,201-1000,34165290.51,491128.3,Event,Contacted,64559.34,0,190,1
L01863,Healthcare,51-200,31473827.35,198590.66,Organic Search,Closed Won,46691.37,1,162,1
L01864,Manufacturing,51-200,13378458.29,44591.33,Paid Ads,Contacted,31221.17,1,60,0
L01865,Retail,1000+,2046420.4,49463.75,Organic Search,Qualified,23009.5,0,4,0
L01866,Finance,1000+,22832782.42,297423.09,Referral,Qualified,22079.67,0,36,0
L01867,Healthcare,201-1000,44559596.85,301684.96,Outbound,Qualified,41509.75,0,216,0
L01868,Healthcare,201-1000,28517913.2,212285.7,Event,Closed Lost,99186.85,0,224,0
L01869,Manufacturing,51-200,41636312.98,218762.63,Paid Ads,Contacted,1084.52,0,215,1
L01870,Technology,1000+,49582054.71,31696.63,Event,Proposal,20523.38,0,138,0
L01871,Finance,201-1000,8264448.59,260690.52,Organic Search,Qualified,19650.91,0,105,0
L01872,Manufacturing,1000+,34619704.19,254846.04,Organic Search,New,71994.83,0,98,0
L01873,Finance,1000+,33747249.33,79026.91,Outbound,Qualified,35895.99,0,167,1
L01874,Technology,201-1000,48999776.82,56400.5,Paid Ads,Closed Won,46268.82,0,263,1
L01875,Technology,51-200,49281476.62,66168.38,Paid Ads,New,15713.79,0,86,1
L01876,Manufacturing,201-1000,34365262.73,55008.98,Outbound,New,41094.71,1,83,0
L01877,Technology,201-1000,12256378.12,306805.56,Organic Search,New,11216.78,0,223,1
L01878,Retail,1000+,39947936.32,102258.91,Organic Search,Proposal,53771.29,0,10,1
L01879,Healthcare,201-1000,5440753.8,129457.93,Organic Search,Proposal,10695.9,0,326,0
L01880,Manufacturing,51-200,39056895.28,90918.21,Event,Qualified,79260.33,1,185,0
L01881,Finance,201-1000,45518786.59,479128.48,Referral,Qualified,57093.57,0,349,0
L01882,Retail,51-200,19203386.4,428035.64,Organic Search,Closed Won,72672.82,0,230,1
L01883,Manufacturing,51-200,31568701.22,119094.94,Referral,Proposal,42433.12,0,140,0
L01884,Technology,1000+,21564122.33,167145.32,Referral,Closed Won,38767.64,0,105,1
L01885,Technology,1-50,21944476.24,108896.96,Paid Ads,Closed Won,10722.68,1,252,1
L01886,Technology,1-50,15587507.37,248478.6,Outbound,Proposal,52861.71,0,48,1
L01887,Technology,1000+,38130268.06,14707.21,Event,Qualified,51935.71,0,262,1
L01888,Finance,201-1000,46815210.55,337327.16,Referral,Closed Won,47342.1,0,204,1
L01889,Retail,1000+,47043467.88,263963.28,Event,Closed Lost,74311.32,0,356,0
L01890,Healthcare,51-200,8821586.12,449826.27,Paid Ads,New,83417.94,0,50,0
L01891,Finance,1-50,43749708.12,86374.38,Organic Search,New,75328.18,0,174,0
L01892,Finance,1000+,36897828.93,403034.08,Referral,Closed Lost,15242.71,0,224,0
L01893,Healthcare,201-1000,12716586.29,397020.7,Outbound,Contacted,62583.89,0,260,1
L01894,Healthcare,1000+,3457502.18,67954.69,Paid Ads,Closed Won,8951.99,0,221,1
L01895,Technology,1-50,13473063.62,202286.82,Event,Contacted,69767.61,1,222,1
L01896,Finance,1000+,45619191.02,89225.56,Organic Search,New,38802.07,0,268,0
L01897,Manufacturing,1000+,31695615.88,131086.65,Event,New,14117.4,0,297,1
L01898,Healthcare,1-50,36080627.58,135306.86,Outbound,New,86343.03,0,317,0
L01899,Healthcare,51-200,12931902.32,280337.02,Referral,Contacted,61786.83,0,73,1
L01900,Retail,51-200,35997468.96,208648.41,Outbound,Qualified,36117.77,1,113,1
L01901,Manufacturing,1-50,1503263.16,474127.74,Event,Proposal,4041.99,0,218,0
L01902,Manufacturing,1000+,18828535.15,67553.22,Event,Closed Lost,54193.72,1,53,0
L01903,Healthcare,1-50,31374992.09,486977.61,Outbound,Qualified,92399.36,0,199,1
L01904,Technology,51-200,7390218.62,119166.13,Outbound,Qualified,60041.6,1,130,0
L01905,Retail,201-1000,41167878.36,387572.6,Outbound,Qualified,97193.41,0,338,0
L01906,Manufacturing,1000+,11828061.81,172790.11,Organic Search,Qualified,14508.66,0,191,1
L01907,Healthcare,51-200,32648827.53,75825.29,Event,Qualified,57262.21,0,178,0
L01908,Manufacturing,1000+,20319337.41,429655.15,Paid Ads,New,80014.38,0,304,0
L01909,Retail,1-50,29842575.41,157886.15,Organic Search,New,53028.53,0,286,0
L01910,Retail,201-1000,5461782.58,331133.43,Organic Search,New,10015.57,1,239,1
L01911,Finance,1-50,943948.72,285389.62,Organic Search,New,58705.71,0,244,0
L01912,Healthcare,201-1000,45487264.93,238519.37,Paid Ads,Proposal,61562.05,0,329,1
L01913,Retail,1000+,13554537.44,250430.64,Outbound,Contacted,73142.22,1,116,1
L01914,Finance,1000+,41001882.44,367457.77,Event,Closed Won,76359.94,0,207,1
L01915,Finance,1-50,49967579.99,48447.59,Referral,Closed Lost,77306.5,0,211,0
L01916,Manufacturing,201-1000,10650419.77,335749.43,Referral,Closed Lost,66680.99,0,258,0
L01917,Manufacturing,201-1000,13332019.99,448426.99,Event,Closed Lost,22365.31,0,162,0
L01918,Finance,1000+,33176703.4,33605.16,Paid Ads,Contacted,41019.34,1,225,1
L01919,Manufacturing,1-50,48275886.87,74623.4,Referral,Qualified,77836.87,1,340,0
L01920,Retail,201-1000,45799135.97,359732.81,Organic Search,New,95389.27,0,63,0
L01921,Technology,1000+,25193488.45,221454.42,Referral,Closed Won,8815.75,0,245,1
L01922,Retail,51-200,39776003.1,204756.57,Event,Closed Won,54018.13,0,17,1
L01923,Finance,1-50,6873718.07,72798.48,Organic Search,Closed Won,31939.7,1,33,1
L01924,Finance,51-200,48874165.39,255851.17,Referral,Qualified,23314.0,0,311,1
L01925,Retail,1-50,48221226.38,67639.93,Event,Proposal,51075.26,0,322,1
L01926,Manufacturing,1000+,8270075.0,240927.13,Paid Ads,New,61002.84,0,180,0
L01927,Manufacturing,201-1000,15041213.93,382989.57,Event,New,1967.45,0,346,1
L01928,Finance,201-1000,5097734.38,132840.86,Paid Ads,Proposal,78240.45,0,193,0
L01929,Healthcare,201-1000,13658708.19,242989.15,Organic Search,Qualified,82168.33,1,191,0
L01930,Manufacturing,1-50,40816193.89,496047.9,Event,Closed Lost,96585.57,0,66,0
L01931,Retail,1000+,18977948.8,344891.96,Outbound,New,18883.73,1,208,1
L01932,Manufacturing,51-200,4511008.66,421471.6,Outbound,Closed Won,59860.7,0,166,1
L01933,Retail,1000+,17177053.69,210349.57,Outbound,Qualified,43235.91,1,245,1
L01934,Finance,51-200,49071028.38,385091.16,Outbound,Closed Won,34147.96,0,244,1
L01935,Manufacturing,1-50,31521211.4,25052.04,Outbound,Closed Won,56997.71,0,165,1
L01936,Retail,1-50,20866431.23,65841.04,Paid Ads,Closed Lost,78455.93,0,295,0
L01937,Finance,51-200,8410271.82,105519.94,Event,Contacted,3282.23,0,210,0
L01938,Healthcare,51-200,49310222.18,203966.2,Organic Search,Closed Lost,96970.61,1,132,0
L01939,Retail,51-200,41060365.56,423643.71,Outbound,New,81178.28,0,196,0
L01940,Healthcare,1000+,14145717.39,176401.7,Outbound,New,75364.22,0,346,1
L01941,Healthcare,51-200,3596427.92,329037.49,Organic Search,Qualified,76278.35,1,48,0
L01942,Technology,1-50,2925615.31,356110.58,Organic Search,Closed Won,39517.01,1,63,1
L01943,Manufacturing,1-50,6106869.66,295160.27,Outbound,Qualified,75410.43,0,111,1
L01944,Retail,201-1000,29080352.32,181834.77,Paid Ads,Closed Won,39290.25,1,355,1
L01945,Healthcare,51-200,46445294.72,290641.4,Organic Search,Proposal,89971.98,0,184,0
L01946,Technology,1000+,24887497.06,174421.47,Event,Contacted,18545.02,0,103,0
L01947,Finance,1000+,42162979.57,46517.5,Event,Closed Lost,29942.39,0,212,0
L01948,Retail,1000+,22349742.33,496437.97,Paid Ads,New,55582.42,0,4,0
L01949,Healthcare,201-1000,35458318.93,67955.31,Referral,Closed Won,32601.89,0,118,1
L01950,Manufacturing,1-50,36620449.59,40812.45,Paid Ads,Contacted,42999.49,0,343,0
L01951,Technology,1000+,8780788.92,439872.72,Outbound,Qualified,49749.85,0,248,0
L01952,Healthcare,1-50,18124681.34,154408.16,Referral,Qualified,85778.98,1,166,1
L01953,Manufacturing,201-1000,31901377.61,326897.0,Outbound,New,52796.03,0,241,1
L01954,Healthcare,51-200,3627760.75,167857.84,Event,Contacted,36883.53,1,279,1
L01955,Retail,51-200,18140855.37,198769.86,Organic Search,New,25525.88,0,362,0
L01956,Retail,51-200,26786493.37,134745.92,Outbound,Contacted,41458.92,0,237,0
L01957,Retail,1000+,49811602.2,174806.78,Event,New,52057.87,0,305,1
L01958,Technology,51-200,23779224.77,208296.7,Paid Ads,Qualified,74865.37,0,204,0
L01959,Retail,1000+,40821232.18,361605.95,Outbound,Proposal,12983.83,1,313,1
L01960,Manufacturing,201-1000,21660157.52,258210.42,Event,Qualified,22939.31,0,0,0
L01961,Healthcare,201-1000,39839897.06,472064.78,Organic Search,Closed Won,38585.75,0,170,1
L01962,Finance,1000+,29811198.6,25730.79,Outbound,Proposal,36679.44,1,166,1
L01963,Manufacturing,1-50,44341112.53,254018.82,Event,Proposal,39783.06,0,257,0
L01964,Manufacturing,51-200,20606033.36,294191.27,Outbound,Proposal,79558.61,0,62,0
L01965,Retail,51-200,30254790.55,460497.51,Organic Search,Qualified,33091.29,0,271,0
L01966,Technology,51-200,31537932.16,29333.47,Outbound,Proposal,50687.92,1,36,1
L01967,Healthcare,1000+,20927408.8,288882.29,Outbound,New,62766.8,1,15,0
L01968,Technology,201-1000,7301170.98,427546.81,Event,Closed Won,23985.68,0,253,1
L01969,Healthcare,51-200,4768614.4,124754.23,Referral,Proposal,72150.84,0,342,0
L01970,Healthcare,201-1000,931910.37,438764.71,Outbound,Contacted,55164.02,1,345,1
L01971,Technology,51-200,43689359.79,14426.49,Referral,Proposal,45231.34,0,335,0
L01972,Manufacturing,51-200,11900098.12,367565.04,Paid Ads,New,81168.62,1,26,0
L01973,Healthcare,1000+,10654186.79,466891.04,Outbound,Contacted,25106.03,0,110,0
L01974,Technology,1-50,36828166.48,330312.84,Referral,New,88434.42,1,232,1
L01975,Healthcare,1000+,16068804.04,222319.48,Paid Ads,Proposal,56543.82,0,63,1
L01976,Finance,51-200,25351630.15,27216.1,Event,Proposal,61308.31,0,96,0
L01977,Manufacturing,51-200,8209302.16,460456.34,Outbound,Closed Won,87630.84,0,266,1
L01978,Retail,1-50,47991311.5,237796.63,Event,New,81940.69,0,325,1
L01979,Healthcare,201-1000,42593911.86,19353.39,Paid Ads,Qualified,60554.64,1,231,0
L01980,Finance,201-1000,43203102.19,346461.43,Event,Proposal,75565.58,0,47,1
L01981,Retail,51-200,20398010.05,243509.44,Event,New,43898.63,1,349,1
L01982,Retail,201-1000,38141824.56,66550.93,Organic Search,Proposal,55190.4,0,209,0
L01983,Healthcare,51-200,7279420.15,111064.55,Paid Ads,New,7144.94,0,75,1
L01984,Technology,1-50,530088.23,36922.89,Event,New,9895.93,0,246,1
L01985,Healthcare,1-50,1096649.34,289275.3,Referral,Qualified,83113.12,0,315,1
L01986,Finance,51-200,29371426.7,312904.59,Paid Ads,Proposal,6907.49,0,67,0
L01987,Retail,1-50,22824205.77,255342.44,Organic Search,New,17770.51,0,312,1
L01988,Healthcare,1000+,25948965.91,409465.56,Outbound,New,79787.43,0,63,0
L01989,Technology,1000+,472410.71,431199.37,Event,Contacted,1113.45,0,181,0
L01990,Healthcare,1-50,21192062.32,309734.08,Referral,Contacted,28958.03,1,79,0
L01991,Manufacturing,51-200,35931601.24,11314.46,Organic Search,Contacted,58819.83,0,342,0
L01992,Technology,51-200,22190415.73,349138.68,Paid Ads,Contacted,59949.54,0,202,0
L01993,Finance,1-50,36637738.39,211909.61,Event,Proposal,77938.14,0,181,1
L01994,Retail,201-1000,11727646.32,284950.95,Organic Search,Qualified,51086.7,1,213,0
L01995,Healthcare,1000+,40675786.02,326294.9,Organic Search,Proposal,51430.79,0,119,1
L01996,Technology,201-1000,29462718.9,178367.12,Referral,Proposal,72805.75,0,240,0
L01997,Manufacturing,51-200,10617078.66,458963.76,Outbound,New,50363.82,0,334,1
L01998,Technology,51-200,11912351.75,71317.56,Outbound,New,61240.62,0,201,0
L01999,Manufacturing,201-1000,31438720.18,337398.34,Outbound,Closed Won,89879.63,0,291,1
L02000,Finance,1-50,41513985.7,7157.99,Paid Ads,New,40743.65,1,53,1
L02001,Retail,201-1000,20839826.32,462702.3,Organic Search,New,39127.38,0,144,0
L02002,Finance,201-1000,12989191.41,60689.55,Paid Ads,New,1351.35,0,355,1
L02003,Healthcare,1000+,43363879.18,51967.69,Organic Search,Proposal,61729.2,0,85,0
L02004,Technology,1000+,33496487.76,169838.78,Referral,Qualified,3947.42,1,21,1
L02005,Manufacturing,201-1000,22459465.82,189915.31,Referral,Closed Lost,50910.7,0,330,0
L02006,Manufacturing,201-1000,24446219.74,111078.54,Paid Ads,Closed Won,80619.15,0,291,1
L02007,Technology,51-200,10292397.75,294635.22,Paid Ads,Qualified,55442.19,0,235,1
L02008,Technology,1000+,31377451.24,224242.48,Referral,Contacted,27693.98,0,28,0
L02009,Healthcare,1000+,18001251.28,21916.92,Event,Contacted,78830.67,0,182,1
L02010,Finance,51-200,49782694.32,163227.77,Outbound,New,27701.98,0,159,0
L02011,Manufacturing,1-50,24061157.41,406164.29,Outbound,New,73570.15,0,17,0
L02012,Healthcare,1000+,24345691.75,346402.26,Referral,New,61415.59,0,37,1
L02013,Finance,1000+,28336004.19,363811.07,Outbound,New,17829.63,0,100,0
L02014,Healthcare,1-50,45846124.56,350567.88,Event,Contacted,90608.25,0,289,0
L02015,Manufacturing,1000+,40060823.18,158931.65,Event,Contacted,20863.72,1,172,1
L02016,Technology,1000+,22611390.48,54333.64,Organic Search,Closed Lost,98969.12,0,342,0
L02017,Technology,1-50,35963093.37,139871.26,Paid Ads,Qualified,1723.74,0,66,1
L02018,Finance,1-50,29353151.39,416733.72,Outbound,Closed Lost,27084.85,0,190,0
L02019,Retail,201-1000,24669115.73,490333.04,Event,Contacted,20786.17,0,42,0
L02020,Finance,51-200,9696557.06,249454.27,Paid Ads,Qualified,2385.35,1,122,0
L02021,Retail,51-200,23250419.55,9801.68,Paid Ads,Contacted,73504.42,1,277,1
L02022,Healthcare,1-50,12366347.49,74322.18,Organic Search,New,69649.15,0,342,1
L02023,Healthcare,1-50,45750623.28,164429.88,Paid Ads,New,79442.75,0,195,1
L02024,Manufacturing,1000+,16836799.99,291399.75,Paid Ads,Closed Lost,26413.16,0,332,0
L02025,Retail,201-1000,47617974.33,42171.35,Referral,Closed Lost,44989.18,1,124,0
L02026,Manufacturing,201-1000,26699458.98,471961.86,Organic Search,New,66252.24,0,95,0
L02027,Technology,1-50,31614064.5,185716.42,Organic Search,New,44537.08,0,156,1
L02028,Retail,1000+,27192728.18,456729.19,Outbound,Qualified,70035.25,0,39,0
L02029,Finance,1000+,6556092.79,391358.29,Paid Ads,New,63763.37,1,359,1
L02030,Technology,51-200,18853478.83,378941.45,Outbound,Contacted,12350.13,0,172,1
L02031,Technology,51-200,5047391.0,305326.19,Event,New,78323.27,0,172,0
L02032,Finance,1000+,31185406.8,315257.99,Paid Ads,Qualified,72346.96,0,119,0
L02033,Technology,51-200,22399022.34,320811.6,Event,Contacted,65927.6,0,272,0
L02034,Retail,1-50,38921450.08,316217.09,Referral,Contacted,16354.27,0,357,1
L02035,Manufacturing,1000+,11101477.0,279095.47,Paid Ads,New,27531.65,1,363,0
L02036,Technology,51-200,8311846.32,493274.94,Outbound,Qualified,39924.53,1,345,0
L02037,Retail,201-1000,20375978.33,367483.83,Outbound,Closed Lost,28713.03,0,318,0
L02038,Healthcare,1000+,46336610.62,389588.46,Paid Ads,Contacted,23553.22,1,260,1
L02039,Retail,1000+,35550048.57,436869.09,Outbound,Closed Won,80730.41,0,280,1
L02040,Manufacturing,201-1000,21004288.88,111741.68,Paid Ads,Closed Won,64184.99,0,328,1
L02041,Retail,1-50,25911881.27,46483.06,Organic Search,Closed Lost,56981.74,1,123,0
L02042,Finance,201-1000,4302229.26,244032.75,Outbound,Proposal,23369.32,0,277,0
L02043,Manufacturing,1000+,49230337.23,259469.94,Paid Ads,Proposal,91889.58,0,92,0
L02044,Healthcare,1-50,33353724.5,415444.98,Paid Ads,Closed Won,19927.12,1,34,1
L02045,Finance,51-200,14341663.02,224672.87,Outbound,New,79700.14,0,310,0
L02046,Retail,51-200,29331838.87,287572.25,Organic Search,Qualified,96700.59,0,127,0
L02047,Manufacturing,51-200,5563170.07,265900.11,Outbound,Closed Lost,72982.18,1,19,0
L02048,Healthcare,1000+,48295249.77,23910.38,Paid Ads,Proposal,99293.02,0,260,1
L02049,Finance,201-1000,8821770.9,309531.37,Organic Search,Closed Lost,65454.06,0,166,0
L02050,Healthcare,1-50,32436712.87,414881.43,Event,Proposal,22528.57,0,318,1
L02051,Retail,51-200,12348177.68,82962.77,Referral,Closed Won,21178.13,0,235,1
L02052,Healthcare,1-50,35906312.99,299194.21,Outbound,Proposal,33131.86,0,31,0
L02053,Technology,1000+,38863386.23,298837.22,Paid Ads,Proposal,1705.87,0,230,1
L02054,Finance,51-200,33703644.47,86271.56,Organic Search,Qualified,68488.15,0,190,0
L02055,Healthcare,1000+,30763523.07,66114.47,Organic Search,Closed Lost,27598.11,0,329,0
L02056,Retail,201-1000,44634207.79,490125.71,Event,Closed Won,81703.14,0,144,1
L02057,Retail,1000+,4023472.88,199890.99,Outbound,Closed Won,36558.09,0,100,1
L02058,Healthcare,1000+,16612646.81,117573.76,Organic Search,Proposal,48515.69,1,78,0
L02059,Retail,201-1000,12489545.23,89805.65,Event,Contacted,96603.2,0,159,1
L02060,Manufacturing,1-50,49401896.71,335462.85,Paid Ads,New,24975.04,1,254,0
L02061,Manufacturing,201-1000,19530550.01,306675.42,Event,Closed Lost,72404.16,0,278,0
L02062,Manufacturing,201-1000,36657373.69,323558.3,Outbound,Qualified,75756.66,0,187,1
L02063,Technology,1000+,34267785.68,48562.98,Event,Contacted,22878.82,0,209,1
L02064,Healthcare,1-50,10682853.75,447299.62,Organic Search,New,50598.69,0,240,1
L02065,Technology,51-200,12025984.24,197686.87,Organic Search,Closed Won,35669.99,0,55,1
L02066,Retail,201-1000,14136099.72,160117.86,Referral,Closed Won,77418.72,0,136,1
L02067,Technology,1-50,20615251.19,233868.92,Event,Closed Won,62625.85,1,105,1
L02068,Retail,201-1000,11792820.78,198082.7,Paid Ads,Proposal,48122.32,0,68,1
L02069,Retail,201-1000,1080608.99,432470.62,Outbound,Contacted,78156.96,1,189,1
L02070,Finance,201-1000,43981713.53,464984.18,Referral,Contacted,24280.4,0,191,0
L02071,Manufacturing,201-1000,48283930.59,155209.34,Event,New,75608.57,0,277,0
L02072,Retail,1000+,17144362.31,432648.22,Paid Ads,Closed Won,86672.06,0,31,1
L02073,Finance,1-50,16991493.28,391853.95,Referral,New,87983.54,0,174,1
L02074,Manufacturing,1-50,453881.46,465749.8,Organic Search,Proposal,78583.69,1,257,0
L02075,Retail,1-50,34044509.35,126646.4,Outbound,Qualified,41393.4,0,122,0
L02076,Retail,201-1000,41289450.8,290594.78,Event,Qualified,98198.99,0,84,0
L02077,Technology,1000+,7415754.19,140899.57,Paid Ads,Closed Lost,38579.77,0,215,0
L02078,Technology,201-1000,8067350.83,412926.77,Organic Search,New,64223.91,0,215,0
L02079,Manufacturing,201-1000,39525154.17,7635.47,Referral,Proposal,16946.34,1,13,1
L02080,Retail,1-50,30852908.34,284585.49,Outbound,New,98064.44,0,36,0
L02081,Healthcare,201-1000,2338541.83,172905.7,Referral,New,70694.61,0,26,0
L02082,Technology,51-200,31165094.82,164728.44,Referral,Qualified,75584.38,0,151,0
L02083,Manufacturing,201-1000,15514994.37,324228.63,Paid Ads,New,7511.89,1,63,0
L02084,Retail,51-200,18499385.26,426484.8,Organic Search,Proposal,76578.36,0,69,0
L02085,Retail,201-1000,38509597.77,306551.72,Event,Qualified,77697.62,0,153,0
L02086,Healthcare,1000+,40565666.11,427320.62,Paid Ads,New,67505.5,0,252,0
L02087,Manufacturing,1000+,20077795.68,135975.57,Outbound,New,29899.05,1,270,0
L02088,Retail,1-50,47362931.51,262153.42,Referral,Proposal,49479.31,0,28,1
L02089,Technology,201-1000,20382489.63,228015.59,Outbound,Closed Won,11933.0,0,73,1
L02090,Healthcare,51-200,38614618.16,10764.23,Paid Ads,Qualified,47687.12,0,283,0
L02091,Manufacturing,51-200,24245475.5,280622.01,Paid Ads,Qualified,25138.56,0,58,0
L02092,Healthcare,201-1000,44886863.09,332454.54,Event,Proposal,35560.6,0,242,1
L02093,Technology,51-200,45397286.06,297997.63,Referral,Proposal,17097.44,0,328,1
L02094,Manufacturing,1000+,4462098.71,369458.55,Paid Ads,Contacted,23775.38,0,148,0
L02095,Healthcare,51-200,46831017.23,287813.07,Outbound,Proposal,8580.3,0,9,0
L02096,Finance,1-50,41294188.59,38041.38,Event,Proposal,92070.24,0,131,1
L02097,Technology,1000+,39586404.64,62640.53,Outbound,Proposal,53510.66,0,61,1
L02098,Technology,1000+,10125475.85,300254.92,Referral,Proposal,40277.46,1,261,0
L02099,Technology,1000+,40275448.52,141114.7,Event,Closed Lost,53967.89,1,217,0
L02100,Finance,201-1000,42521623.46,44424.34,Event,New,63201.03,0,231,0
L02101,Finance,201-1000,14528601.69,217653.36,Event,Closed Lost,92266.0,0,335,0
L02102,Retail,1000+,47617777.91,279389.69,Organic Search,Qualified,18690.6,1,71,0
L02103,Healthcare,201-1000,2588021.31,167729.26,Event,Proposal,30259.7,0,15,0
L02104,Retail,51-200,7580471.74,361614.68,Outbound,New,97603.14,0,37,0
L02105,Healthcare,201-1000,26925298.79,323666.45,Outbound,Contacted,37748.11,1,176,1
L02106,Finance,201-1000,28832044.31,169745.09,Referral,Proposal,3233.6,0,320,0
L02107,Finance,1000+,32292989.16,378661.9,Paid Ads,Proposal,15616.71,0,82,1
L02108,Retail,1-50,946759.55,326104.05,Paid Ads,New,3607.53,0,16,1
L02109,Manufacturing,1-50,48022302.05,320535.46,Organic Search,Qualified,99002.39,0,155,0
L02110,Retail,1-50,2324945.83,278946.71,Event,New,28608.21,0,171,1
L02111,Healthcare,51-200,7238791.44,10637.89,Organic Search,Closed Lost,92430.73,1,69,0
L02112,Retail,201-1000,799324.42,349771.06,Referral,Closed Won,99592.74,0,70,1
L02113,Technology,1-50,28386235.82,191140.69,Referral,New,60384.28,0,254,1
L02114,Healthcare,1000+,46620117.51,471591.81,Paid Ads,Closed Won,4286.44,1,130,1
L02115,Healthcare,1-50,33330763.59,409902.46,Referral,Closed Lost,9077.57,0,48,0
L02116,Manufacturing,1-50,41150607.68,295908.76,Event,Contacted,48677.32,0,20,0
L02117,Finance,201-1000,762732.05,129830.08,Outbound,Proposal,41211.03,0,319,0
L02118,Healthcare,201-1000,27146563.39,105840.11,Referral,Qualified,61011.55,1,219,0
L02119,Finance,201-1000,23032192.58,173490.49,Organic Search,Proposal,44445.93,0,186,1
L02120,Retail,51-200,24998500.42,240901.13,Event,Contacted,93473.61,0,31,0
L02121,Technology,51-200,3703437.95,151552.43,Referral,Contacted,53939.23,0,202,1
L02122,Manufacturing,1-50,34253324.52,259890.1,Referral,Qualified,69678.88,0,275,0
L02123,Finance,201-1000,25210698.7,86858.36,Event,New,89752.04,0,241,0
L02124,Healthcare,1-50,38280927.61,488967.84,Referral,Closed Won,15540.32,0,15,1
L02125,Finance,1000+,24316002.64,58422.65,Outbound,Contacted,23743.73,0,315,1
L02126,Healthcare,1000+,7554143.65,466312.35,Paid Ads,Qualified,11624.55,0,172,0
L02127,Finance,201-1000,32448022.01,457221.12,Event,Closed Won,14824.2,0,136,1
L02128,Healthcare,201-1000,8702079.47,265053.44,Organic Search,Qualified,51745.81,0,178,0
L02129,Retail,1000+,43632488.71,363830.58,Referral,Qualified,32796.75,0,358,0
L02130,Healthcare,201-1000,30694500.33,220843.91,Paid Ads,Closed Lost,42894.11,1,60,0
L02131,Healthcare,51-200,7944473.79,316867.12,Organic Search,Closed Won,98266.49,1,103,1
L02132,Technology,51-200,48120669.07,173585.09,Organic Search,New,16513.73,1,316,0
L02133,Healthcare,201-1000,25966436.62,154073.71,Outbound,Qualified,54540.4,0,194,0
L02134,Technology,1000+,3737632.75,291223.74,Paid Ads,Closed Lost,10788.24,0,255,0
L02135,Manufacturing,1-50,31378961.93,251574.19,Event,Contacted,32531.14,0,75,0
L02136,Technology,201-1000,12734625.46,291870.5,Paid Ads,Contacted,53225.07,0,270,1
L02137,Retail,201-1000,40204303.25,146896.99,Paid Ads,New,94716.54,0,180,0
L02138,Technology,1-50,40909321.47,186644.13,Organic Search,New,39731.59,0,131,0
L02139,Manufacturing,201-1000,48949473.06,46529.49,Outbound,Proposal,7425.76,0,150,1
L02140,Retail,1-50,25143289.6,30876.8,Outbound,Proposal,39427.98,0,154,0
L02141,Finance,1000+,22802348.3,130461.28,Paid Ads,Closed Lost,15428.38,0,358,0
L02142,Finance,51-200,37698432.71,41752.2,Paid Ads,Proposal,23768.97,0,234,1
L02143,Technology,1000+,6710285.75,56368.48,Referral,Contacted,62190.97,0,247,0
L02144,Technology,51-200,27391084.14,407399.56,Organic Search,New,7674.96,0,164,0
L02145,Manufacturing,1-50,27357755.25,24242.48,Event,Closed Lost,47007.65,1,204,0
L02146,Manufacturing,51-200,4564708.83,331176.68,Event,Contacted,61336.7,0,164,0
L02147,Healthcare,1000+,20957405.87,139916.09,Outbound,Contacted,42763.98,0,212,1
L02148,Manufacturing,51-200,42678911.45,436415.11,Organic Search,Closed Lost,2893.51,1,253,0
L02149,Healthcare,1-50,42822065.74,245071.18,Outbound,Qualified,98566.42,0,156,1
L02150,Retail,51-200,5051959.48,156260.35,Event,Contacted,37344.46,0,176,0
L02151,Technology,201-1000,4626972.05,261231.27,Paid Ads,Closed Won,78079.14,0,74,1
L02152,Retail,1000+,13208504.3,194069.22,Organic Search,Closed Lost,33239.0,0,177,0
L02153,Manufacturing,201-1000,43750826.52,284329.03,Organic Search,New,48026.66,0,283,1
L02154,Retail,1-50,6532239.0,61693.77,Referral,Closed Won,39457.9,0,329,1
L02155,Retail,51-200,36027840.45,498510.3,Paid Ads,Contacted,34911.38,0,132,0
L02156,Retail,201-1000,5148164.42,215650.16,Paid Ads,Qualified,3163.29,1,124,0
L02157,Manufacturing,201-1000,31194578.9,177374.17,Outbound,Closed Lost,36642.07,0,311,0
L02158,Retail,51-200,17867758.23,356553.87,Organic Search,Closed Lost,89059.51,0,319,0
L02159,Healthcare,51-200,39466806.75,185130.21,Outbound,Contacted,69348.94,0,126,0
L02160,Manufacturing,1000+,11761153.4,417470.78,Paid Ads,Contacted,15396.86,0,344,0
L02161,Retail,201-1000,31996171.29,229864.01,Referral,New,59524.35,1,224,1
L02162,Manufacturing,201-1000,11860558.48,361181.41,Organic Search,Qualified,89330.86,0,16,0
L02163,Finance,1-50,35711648.13,58189.34,Paid Ads,New,70303.37,1,352,1
L02164,Healthcare,1000+,43696533.92,423829.0,Referral,Qualified,15719.75,0,310,1
L02165,Retail,1-50,6427409.78,369180.4,Event,New,86915.42,1,245,0
L02166,Finance,201-1000,43343124.86,109799.81,Paid Ads,Qualified,30852.86,0,136,1
L02167,Finance,1-50,29719405.2,76916.57,Event,New,45953.54,0,216,1
L02168,Manufacturing,201-1000,6442813.49,161564.71,Outbound,Closed Won,53088.13,0,195,1
L02169,Finance,201-1000,21434338.58,488154.94,Event,Contacted,85200.15,0,200,0
L02170,Healthcare,1-50,8126928.64,132131.63,Paid Ads,Contacted,93229.14,0,206,0
L02171,Healthcare,1-50,35047359.65,230782.97,Event,Closed Won,93035.63,1,15,1
L02172,Technology,51-200,37967519.91,19860.01,Organic Search,Proposal,1787.46,0,12,0
L02173,Healthcare,51-200,5379246.36,201627.63,Paid Ads,Contacted,92266.96,0,77,0
L02174,Finance,51-200,25356378.65,287803.41,Referral,New,6384.31,0,213,0
L02175,Healthcare,201-1000,40749790.3,476796.68,Event,Proposal,27311.59,0,340,0
L02176,Manufacturing,1-50,46814535.77,260784.34,Organic Search,Contacted,51983.8,1,328,1
L02177,Technology,1000+,25724541.55,410458.13,Outbound,Proposal,48512.64,0,118,1
L02178,Finance,201-1000,47518933.26,275828.18,Outbound,Qualified,60866.27,0,180,1
L02179,Technology,1000+,26830879.63,25188.58,Event,Contacted,48465.18,0,323,1
L02180,Finance,1-50,19770105.68,160929.1,Outbound,Qualified,93503.19,0,329,0
L02181,Manufacturing,201-1000,42425336.11,289897.01,Referral,Proposal,24814.34,0,354,0
L02182,Technology,1000+,24699837.25,475544.01,Paid Ads,Closed Lost,28128.44,0,136,0
L02183,Retail,1000+,23647935.28,430269.53,Organic Search,New,92153.06,0,178,0
L02184,Finance,51-200,24566593.22,118036.03,Event,Qualified,8597.21,0,207,0
L02185,Retail,51-200,42354571.59,113954.37,Outbound,New,61346.52,0,53,0
L02186,Technology,51-200,41613882.93,104580.62,Paid Ads,Qualified,68491.86,0,78,1
L02187,Retail,201-1000,20235647.62,461636.95,Referral,Closed Won,51048.63,0,270,1
L02188,Retail,1-50,16731663.01,427069.75,Outbound,Contacted,69728.96,0,117,0
L02189,Technology,1-50,24647208.4,388567.3,Outbound,Closed Lost,18102.71,0,105,0
L02190,Manufacturing,51-200,28681348.24,199403.88,Organic Search,Proposal,85410.59,0,104,0
L02191,Retail,51-200,11993026.81,254668.45,Referral,Closed Lost,14862.54,0,302,0
L02192,Retail,51-200,39718358.73,234844.21,Referral,Proposal,40680.43,0,117,1
L02193,Manufacturing,1000+,24375490.01,130432.06,Event,New,8450.5,1,228,0
L02194,Retail,51-200,16768872.87,254988.88,Organic Search,Contacted,54975.9,0,147,1
L02195,Retail,1000+,5430367.55,20095.79,Event,Contacted,67304.83,0,353,1
L02196,Retail,1-50,12018373.5,70246.13,Organic Search,New,94180.94,0,149,0
L02197,Healthcare,201-1000,47469130.47,443861.85,Referral,Qualified,74194.28,0,303,1
L02198,Manufacturing,201-1000,15324474.37,377081.48,Organic Search,Qualified,54569.19,1,255,0
L02199,Retail,201-1000,8526078.54,214319.86,Organic Search,Closed Lost,93329.08,1,81,0
L02200,Manufacturing,201-1000,23087572.3,260989.43,Organic Search,Qualified,48365.25,0,15,0
L02201,Finance,1000+,15423678.39,188149.45,Paid Ads,Proposal,56559.36,0,192,1
L02202,Finance,1000+,1854446.59,371686.03,Paid Ads,Closed Lost,60013.75,0,210,0
L02203,Retail,51-200,16224946.34,393172.65,Referral,Closed Won,41587.99,0,73,1
L02204,Manufacturing,1000+,27251020.33,382826.17,Organic Search,Contacted,84009.79,0,276,1
L02205,Manufacturing,51-200,27630447.36,362692.8,Referral,Qualified,19332.42,1,60,1
L02206,Manufacturing,51-200,17892290.17,106229.65,Paid Ads,Contacted,55929.38,0,23,0
L02207,Healthcare,201-1000,22420407.54,172295.14,Organic Search,Contacted,72501.09,1,22,1
L02208,Finance,1000+,48279344.12,237573.49,Event,Contacted,90493.64,1,342,0
L02209,Manufacturing,1000+,18929689.01,168742.53,Paid Ads,Closed Won,88507.92,1,257,1
L02210,Manufacturing,51-200,12985517.98,378695.4,Paid Ads,Qualified,51365.29,0,197,1
L02211,Healthcare,51-200,12249005.5,168029.99,Paid Ads,Qualified,64672.98,0,52,0
L02212,Healthcare,1-50,22942454.17,73424.88,Organic Search,Closed Lost,40029.54,0,138,0
L02213,Manufacturing,1-50,38000055.42,202525.02,Outbound,New,47349.6,0,270,1
L02214,Technology,51-200,10378810.39,490057.64,Event,Qualified,90720.31,0,200,0
L02215,Manufacturing,1-50,35493876.74,116811.3,Event,Proposal,93139.7,0,163,1
L02216,Manufacturing,1-50,1155376.19,308018.54,Referral,New,89645.99,0,91,1
L02217,Healthcare,51-200,21004755.6,219321.66,Organic Search,Proposal,14698.72,0,22,1
L02218,Healthcare,51-200,38815666.75,40157.16,Paid Ads,Contacted,85158.32,0,87,0
L02219,Manufacturing,1000+,17002774.49,246498.92,Outbound,Closed Won,94888.01,0,181,1
L02220,Manufacturing,51-200,28230481.36,352571.34,Organic Search,Contacted,36763.72,0,354,1
L02221,Manufacturing,51-200,10328463.72,259043.89,Organic Search,Contacted,52345.98,0,282,0
L02222,Healthcare,201-1000,37125570.02,436692.5,Outbound,Qualified,78130.43,0,20,1
L02223,Manufacturing,1000+,2708727.25,148023.82,Paid Ads,New,56645.74,1,48,0
L02224,Manufacturing,1000+,42641877.98,47693.34,Organic Search,Contacted,99354.87,0,189,1
L02225,Retail,1000+,9989999.68,468599.98,Event,Qualified,46115.62,0,204,0
L02226,Technology,201-1000,43732461.78,192207.19,Event,Contacted,71680.33,0,43,1
L02227,Finance,51-200,17691209.14,290320.75,Outbound,Qualified,79466.52,0,299,1
L02228,Technology,1000+,36161910.37,397041.55,Paid Ads,Qualified,49915.94,0,127,0
L02229,Retail,1000+,16029342.36,165535.26,Outbound,Qualified,85841.4,1,188,0
L02230,Finance,1-50,45304992.39,359501.45,Organic Search,Proposal,55069.3,1,169,1
L02231,Manufacturing,1000+,6419192.56,72032.33,Event,Contacted,41753.43,0,278,0
L02232,Retail,51-200,9008137.48,149190.4,Referral,New,11674.54,0,200,0
L02233,Manufacturing,51-200,24702203.25,76631.76,Outbound,Proposal,39947.94,0,124,0
L02234,Healthcare,1-50,4188728.11,406559.13,Referral,Closed Won,73659.71,0,291,1
L02235,Retail,1000+,9879411.22,115211.37,Referral,Contacted,92207.35,0,310,0
L02236,Healthcare,1000+,47193942.47,360114.76,Event,Qualified,25916.26,0,15,0
L02237,Retail,1000+,48826834.09,471932.71,Outbound,Qualified,36168.32,0,344,1
L02238,Retail,201-1000,18875340.53,266247.24,Referral,Qualified,16242.14,0,273,0
L02239,Healthcare,1000+,46171972.45,272314.45,Organic Search,Proposal,69381.57,0,293,0
L02240,Finance,51-200,27286751.32,233211.62,Paid Ads,New,96058.65,0,19,0
L02241,Technology,51-200,13560149.05,166315.62,Paid Ads,Proposal,64454.27,0,18,0
L02242,Manufacturing,201-1000,35149696.18,240449.24,Event,New,62090.58,0,12,1
L02243,Retail,201-1000,32979200.15,303389.73,Outbound,Qualified,55795.5,0,16,1
L02244,Manufacturing,1000+,49457353.42,493065.83,Outbound,Closed Won,9757.12,0,205,1
L02245,Healthcare,1-50,13325859.64,469193.46,Paid Ads,Qualified,73220.88,0,29,1
L02246,Manufacturing,201-1000,33635769.18,431765.71,Organic Search,New,60602.9,0,298,0
L02247,Healthcare,201-1000,2695985.38,445119.62,Paid Ads,Closed Lost,66486.2,0,303,0
L02248,Manufacturing,1000+,5770937.33,236585.35,Paid Ads,Closed Won,89982.3,0,42,1
L02249,Technology,1000+,295526.91,330434.94,Outbound,Proposal,78612.12,0,92,0
L02250,Technology,201-1000,49973087.98,448058.03,Referral,Qualified,78310.61,0,65,1
L02251,Technology,1-50,40133457.49,199510.63,Organic Search,New,92791.19,0,118,1
L02252,Technology,201-1000,39357478.44,481072.43,Outbound,Closed Lost,99003.56,0,308,0
L02253,Technology,1000+,25535331.16,210814.1,Paid Ads,Qualified,58546.99,0,71,1
L02254,Technology,1000+,15073347.44,302535.92,Referral,Closed Won,11779.28,0,333,1
L02255,Healthcare,201-1000,7648087.79,356353.33,Organic Search,Contacted,46453.86,1,161,0
L02256,Retail,1-50,14305269.47,475543.05,Event,Contacted,78972.51,0,329,1
L02257,Manufacturing,201-1000,18860963.97,126085.06,Organic Search,Closed Lost,3744.81,0,327,0
L02258,Technology,201-1000,37839873.84,374334.83,Organic Search,Qualified,6631.86,0,268,1
L02259,Healthcare,1000+,27029123.27,262803.72,Paid Ads,New,7648.62,0,217,1
L02260,Healthcare,1-50,3966432.97,137935.78,Paid Ads,Contacted,73372.54,0,253,0
L02261,Healthcare,51-200,999647.55,389420.39,Event,Qualified,50615.5,1,58,1
L02262,Retail,1-50,5206375.76,278350.03,Event,New,37520.9,0,31,1
L02263,Manufacturing,201-1000,20583885.81,332182.04,Event,Qualified,11456.09,0,338,1
L02264,Retail,201-1000,46666326.56,164836.03,Outbound,Qualified,73491.78,0,119,1
L02265,Finance,201-1000,31906383.81,243230.61,Outbound,Proposal,32780.96,0,309,0
L02266,Healthcare,1-50,40111112.4,310590.35,Paid Ads,Contacted,27267.08,1,1,0
L02267,Finance,1000+,23372092.27,205430.85,Paid Ads,Closed Lost,65579.6,0,117,0
L02268,Technology,201-1000,18147137.55,103194.41,Event,New,56342.08,0,36,0
L02269,Technology,201-1000,5509178.6,481012.04,Outbound,Qualified,36878.65,1,96,0
L02270,Retail,1-50,43809057.81,258176.43,Referral,New,64507.26,0,358,1
L02271,Manufacturing,51-200,39179685.45,368290.58,Outbound,Proposal,27850.93,0,256,0
L02272,Finance,51-200,8489093.07,208468.36,Paid Ads,Closed Lost,79688.2,1,127,0
L02273,Manufacturing,1000+,25661802.14,180790.22,Outbound,Closed Won,23702.58,0,358,1
L02274,Retail,1000+,24420002.92,206546.33,Paid Ads,Qualified,16724.93,0,155,0
L02275,Technology,201-1000,31292068.48,207552.34,Event,Qualified,78461.5,0,144,0
L02276,Manufacturing,1-50,47314726.01,274369.16,Event,Closed Won,71081.31,0,56,1
L02277,Manufacturing,201-1000,29030594.94,274017.59,Event,Closed Lost,19081.26,0,69,0
L02278,Technology,1000+,27056841.61,251091.14,Referral,Closed Lost,12508.33,0,43,0
L02279,Finance,1-50,2611114.35,71718.96,Referral,Contacted,84001.51,1,211,1
L02280,Technology,1-50,3239083.05,250557.36,Paid Ads,Closed Lost,77883.25,1,174,0
L02281,Manufacturing,1000+,9448604.89,88706.43,Organic Search,New,33398.48,1,140,0
L02282,Finance,51-200,1720291.51,67437.21,Referral,Contacted,66161.54,0,75,0
L02283,Finance,51-200,37193309.49,466659.63,Paid Ads,New,13291.86,1,157,0
L02284,Technology,1-50,36194182.17,304450.26,Outbound,Contacted,51197.72,0,84,1
L02285,Manufacturing,201-1000,6889206.1,331447.58,Event,Proposal,2854.3,0,321,0
L02286,Retail,51-200,41820337.15,203887.87,Event,Closed Won,39768.59,0,308,1
L02287,Manufacturing,201-1000,7823823.14,454945.54,Event,Proposal,8409.44,0,17,0
L02288,Healthcare,51-200,15128661.79,320775.59,Paid Ads,Proposal,48039.57,0,283,1
L02289,Retail,51-200,12523947.27,385739.09,Event,Qualified,42746.48,1,41,0
L02290,Finance,201-1000,18678124.22,187438.42,Referral,Proposal,44994.12,0,133,1
L02291,Retail,1000+,12807721.92,480205.88,Outbound,Contacted,5487.8,0,101,1
L02292,Finance,51-200,24498651.23,411128.34,Event,Closed Won,36800.02,0,136,1
L02293,Finance,51-200,20429653.28,427704.49,Paid Ads,Proposal,75891.9,1,221,1
L02294,Retail,201-1000,49329817.59,90236.16,Outbound,Proposal,37522.52,0,228,0
L02295,Finance,1000+,2890724.87,139126.79,Event,Qualified,71802.02,0,293,1
L02296,Finance,51-200,7194850.68,146385.17,Organic Search,Closed Won,37578.39,0,305,1
L02297,Healthcare,51-200,2736012.11,139100.07,Event,Contacted,42900.7,0,315,0
L02298,Manufacturing,1000+,31329475.63,428427.04,Referral,Contacted,56825.32,1,118,0
L02299,Manufacturing,51-200,2820012.94,20782.97,Outbound,Proposal,95117.51,0,98,1
L02300,Healthcare,1000+,41838342.9,42669.49,Referral,Qualified,11777.18,0,349,1
L02301,Retail,1000+,25645737.67,140587.86,Organic Search,Closed Won,4258.46,0,323,1
L02302,Technology,201-1000,26397680.47,103937.12,Organic Search,Contacted,61187.76,1,158,1
L02303,Technology,1-50,28123565.93,119770.51,Referral,Contacted,94960.61,0,238,0
L02304,Technology,1000+,8623603.94,399981.88,Outbound,Closed Won,98982.59,0,319,1
L02305,Healthcare,201-1000,9964746.13,283747.66,Organic Search,Qualified,48932.26,0,334,0
L02306,Healthcare,1-50,16008984.41,7856.48,Organic Search,Qualified,47340.08,0,188,1
L02307,Finance,51-200,29715471.15,217514.77,Event,Contacted,64851.41,1,308,0
L02308,Technology,1-50,10584877.02,206903.04,Paid Ads,Contacted,56007.84,1,248,0
L02309,Retail,1000+,5904953.18,61402.91,Organic Search,Proposal,63774.72,1,25,1
L02310,Retail,1000+,48508832.63,339690.19,Outbound,New,87525.94,1,188,0
L02311,Technology,1000+,1196892.56,352538.11,Outbound,Closed Won,74884.31,1,139,1
L02312,Technology,1000+,40154600.53,361842.14,Event,Proposal,50190.86,0,180,0
L02313,Technology,1000+,39422953.96,365593.12,Outbound,New,46724.58,1,20,0
L02314,Healthcare,201-1000,14930984.28,5026.15,Event,Proposal,64320.57,0,162,0
L02315,Healthcare,1000+,6867768.14,477190.8,Organic Search,Proposal,46114.92,0,70,1
L02316,Healthcare,201-1000,7366869.47,408033.34,Organic Search,New,46320.16,0,81,0
L02317,Manufacturing,51-200,34901837.7,452470.94,Organic Search,Contacted,2614.28,1,154,0
L02318,Retail,1000+,32176048.9,12743.43,Organic Search,Qualified,18232.35,0,315,0
L02319,Retail,1000+,39159009.15,467260.1,Paid Ads,Proposal,49362.85,1,354,0
L02320,Finance,1-50,46880310.5,405845.32,Paid Ads,Proposal,82442.69,0,46,0
L02321,Healthcare,51-200,34627175.43,419423.48,Organic Search,Qualified,28593.97,0,193,0
L02322,Manufacturing,1000+,7876991.67,51177.26,Outbound,Proposal,52741.7,0,223,0
L02323,Manufacturing,1000+,12247786.58,370695.12,Event,Proposal,35151.25,0,236,0
L02324,Retail,51-200,42125467.17,480158.76,Referral,Proposal,11375.59,0,279,0
L02325,Healthcare,201-1000,10544373.18,340880.93,Event,Proposal,95871.55,0,9,0
L02326,Finance,1000+,3718863.62,287427.9,Referral,Contacted,85612.71,1,151,0
L02327,Healthcare,1-50,35193674.7,473086.69,Referral,Closed Won,8770.75,0,343,1
L02328,Technology,1000+,20186065.14,224253.88,Organic Search,Proposal,72258.94,0,103,0
L02329,Healthcare,1-50,46009998.62,301650.32,Referral,Closed Won,35410.41,0,123,1
L02330,Technology,1-50,32547728.05,240787.46,Organic Search,Qualified,99490.13,0,184,1
L02331,Technology,1000+,4611906.99,466758.88,Paid Ads,Contacted,30937.45,0,289,0
L02332,Finance,1000+,47398042.71,42661.94,Outbound,Qualified,24635.11,0,40,1
L02333,Retail,1-50,13002007.46,253054.25,Referral,Contacted,57221.16,0,10,0
L02334,Healthcare,51-200,16926903.27,345041.46,Outbound,Proposal,83677.49,0,217,0
L02335,Technology,51-200,20172794.64,396993.74,Organic Search,Qualified,20059.37,0,0,1
L02336,Healthcare,1000+,2656092.39,293594.23,Referral,Closed Won,71230.87,1,170,1
L02337,Retail,201-1000,24876119.57,454914.28,Event,Proposal,7079.25,0,337,0
L02338,Retail,51-200,6253592.7,471285.77,Paid Ads,Proposal,91974.54,0,281,1
L02339,Manufacturing,1000+,20108419.3,36838.02,Paid Ads,Contacted,9026.42,0,52,1
L02340,Retail,51-200,17600418.42,204173.42,Referral,Closed Lost,91508.91,0,124,0
L02341,Finance,201-1000,38664720.16,16612.22,Paid Ads,Closed Won,49589.92,0,174,1
L02342,Technology,1000+,40178208.53,168061.25,Event,Proposal,45361.02,0,264,0
L02343,Manufacturing,201-1000,7755302.83,270749.77,Outbound,Contacted,97357.4,0,264,0
L02344,Finance,1000+,18390904.25,455843.49,Event,Qualified,99048.03,0,198,0
L02345,Healthcare,201-1000,18730322.74,424044.39,Paid Ads,New,65367.63,1,255,0
L02346,Technology,51-200,7655381.15,68112.36,Outbound,Qualified,13584.81,1,171,0
L02347,Retail,51-200,39942829.9,51050.04,Event,New,51110.84,1,58,0
L02348,Technology,201-1000,35390693.58,296687.33,Organic Search,Qualified,53387.15,0,105,0
L02349,Healthcare,201-1000,9600051.14,268398.4,Organic Search,Proposal,51930.2,0,124,1
L02350,Manufacturing,201-1000,18399423.24,136856.93,Outbound,Contacted,57379.69,0,15,0
L02351,Manufacturing,1000+,5379670.74,450229.28,Outbound,Qualified,2853.75,0,37,0
L02352,Manufacturing,51-200,31447509.19,464046.37,Outbound,Closed Won,71411.5,0,242,1
L02353,Retail,1000+,6156459.03,204292.66,Organic Search,New,71527.04,0,209,1
L02354,Finance,51-200,49298115.01,445699.77,Event,Proposal,12431.51,0,314,0
L02355,Finance,1-50,39056035.53,195054.7,Outbound,New,57453.7,1,284,1
L02356,Technology,1000+,19572903.62,369724.33,Organic Search,New,57267.76,0,167,0
L02357,Retail,51-200,28970340.22,240591.4,Outbound,New,68562.59,0,263,0
L02358,Manufacturing,51-200,45575956.63,65678.66,Outbound,Proposal,9454.37,0,97,0
L02359,Manufacturing,1000+,27749554.09,464327.43,Outbound,Qualified,63023.83,0,133,1
L02360,Healthcare,1000+,8807474.47,229777.81,Organic Search,Closed Won,28794.44,0,364,1
L02361,Healthcare,51-200,18997297.44,368571.08,Event,Qualified,51193.3,0,180,1
L02362,Manufacturing,1000+,42172928.76,186751.04,Organic Search,New,77559.03,0,221,0
L02363,Manufacturing,201-1000,32246229.5,14346.03,Organic Search,Proposal,70858.95,0,363,0
L02364,Retail,1000+,32571146.78,54762.53,Outbound,New,12771.4,0,148,0
L02365,Finance,1000+,43354392.14,250628.64,Referral,Proposal,59527.29,0,243,0
L02366,Healthcare,1000+,44709255.57,346532.36,Referral,New,96942.54,0,312,0
L02367,Finance,51-200,45997649.33,170693.99,Referral,Contacted,16520.17,0,75,1
L02368,Retail,201-1000,4832974.74,349266.79,Organic Search,Proposal,85437.8,0,261,1
L02369,Manufacturing,1-50,27251887.5,350824.62,Outbound,Closed Lost,70552.26,1,230,0
L02370,Finance,1-50,37051425.11,353448.27,Referral,Contacted,77626.33,0,190,0
L02371,Manufacturing,201-1000,37870649.57,248798.32,Paid Ads,Closed Won,28913.87,0,133,1
L02372,Manufacturing,201-1000,30375138.48,457868.64,Paid Ads,New,29501.0,1,308,0
L02373,Technology,201-1000,8422688.03,247152.28,Paid Ads,Closed Won,90695.93,1,251,1
L02374,Finance,51-200,39891285.64,227881.27,Event,Proposal,36623.37,1,244,0
L02375,Finance,1-50,36033555.54,103693.51,Outbound,New,7238.52,0,264,1
L02376,Manufacturing,201-1000,4398175.0,157289.27,Organic Search,Contacted,60459.07,0,324,0
L02377,Retail,51-200,23244110.25,25955.57,Organic Search,New,13356.95,0,329,0
L02378,Technology,1-50,8781472.24,318599.97,Outbound,Contacted,79863.03,0,342,1
L02379,Manufacturing,1000+,16940104.58,128025.19,Event,Contacted,64532.9,1,3,1
L02380,Healthcare,51-200,1002246.5,155556.85,Outbound,Proposal,87597.92,0,36,1
L02381,Healthcare,1-50,20076460.43,386553.19,Event,Closed Lost,78698.89,1,70,0
L02382,Technology,51-200,27538858.37,166974.49,Referral,New,12099.25,0,261,1
L02383,Retail,1-50,31017171.38,124886.97,Referral,Qualified,38726.0,0,236,0
L02384,Manufacturing,1-50,33208168.22,88683.59,Event,Qualified,77681.46,1,306,1
L02385,Finance,1000+,41830936.52,388554.91,Outbound,Closed Lost,42316.81,0,354,0
L02386,Technology,51-200,10851599.07,69204.6,Referral,Qualified,97264.18,1,177,1
L02387,Retail,201-1000,6112042.94,229608.11,Outbound,Qualified,73838.3,0,95,1
L02388,Finance,1000+,42591704.88,255930.41,Referral,Qualified,2534.49,0,226,0
L02389,Healthcare,1000+,7914979.46,345258.01,Outbound,Contacted,88118.58,0,10,1
L02390,Healthcare,1-50,48740528.06,318475.32,Outbound,New,10979.67,1,265,0
L02391,Finance,201-1000,42142657.65,406306.73,Paid Ads,Qualified,14911.85,0,188,0
L02392,Technology,51-200,25093742.63,27151.96,Event,New,73714.75,0,208,1
L02393,Healthcare,201-1000,49072929.1,151738.16,Organic Search,Qualified,86631.89,0,12,0
L02394,Manufacturing,201-1000,4959098.78,143666.39,Event,Contacted,54098.61,0,161,1
L02395,Finance,201-1000,15222981.48,77278.37,Outbound,Qualified,29615.92,0,59,0
L02396,Finance,201-1000,31947398.31,148143.24,Outbound,New,35780.24,0,4,0
L02397,Healthcare,201-1000,17565342.74,158333.83,Event,Closed Lost,34946.04,0,201,0
L02398,Technology,1-50,46425790.34,263332.81,Outbound,Closed Won,33341.13,0,11,1
L02399,Manufacturing,1-50,3374741.8,333533.72,Referral,New,25048.06,1,340,0
L02400,Technology,1000+,27515650.42,193644.75,Outbound,Contacted,61277.84,0,239,0
L02401,Retail,1-50,29584226.74,361137.76,Event,Proposal,90140.13,1,224,0
L02402,Retail,1000+,32671133.38,171401.84,Event,New,31401.16,0,181,0
L02403,Healthcare,1000+,12857744.54,148690.42,Event,Contacted,19482.74,1,296,1
L02404,Healthcare,51-200,18291864.73,272888.09,Paid Ads,Contacted,84019.19,0,303,1
L02405,Healthcare,201-1000,42199658.43,16739.6,Paid Ads,Closed Lost,74436.55,0,306,0
L02406,Retail,1-50,9827644.17,44495.62,Paid Ads,Closed Won,93152.87,1,177,1
L02407,Technology,51-200,41360705.57,211894.92,Paid Ads,Qualified,17386.45,0,117,1
L02408,Technology,1-50,28176505.6,471741.79,Paid Ads,Qualified,15280.88,0,351,0
L02409,Healthcare,1000+,38133156.81,362148.33,Paid Ads,Closed Lost,54601.51,1,75,0
L02410,Manufacturing,1-50,35709007.58,48622.65,Paid Ads,Closed Lost,61828.93,0,45,0
L02411,Technology,201-1000,10454823.62,423927.42,Event,Closed Lost,48537.17,1,226,0
L02412,Retail,1000+,28483755.55,367488.88,Organic Search,New,60297.7,0,355,1
L02413,Finance,1000+,43399385.32,307418.53,Paid Ads,New,18857.6,0,293,0
L02414,Finance,51-200,21662600.22,411045.02,Event,Proposal,48481.76,0,239,0
L02415,Finance,201-1000,48332879.43,205034.37,Organic Search,Qualified,66151.16,0,347,1
L02416,Manufacturing,1000+,22665533.5,114643.02,Paid Ads,New,43837.94,0,140,0
L02417,Healthcare,201-1000,7225003.27,258451.58,Organic Search,New,68265.29,0,203,0
L02418,Retail,1-50,19532790.54,276676.67,Organic Search,Closed Won,45667.94,0,149,1
L02419,Manufacturing,201-1000,47589950.08,271471.55,Referral,Closed Won,34026.36,0,129,1
L02420,Retail,1000+,16054070.38,284711.53,Outbound,Contacted,31056.9,0,348,0
L02421,Retail,51-200,43418098.18,474608.93,Referral,Closed Won,41679.3,1,332,1
L02422,Healthcare,1000+,44074409.02,451611.58,Organic Search,Qualified,3285.87,0,268,0
L02423,Finance,201-1000,17574307.56,438479.93,Event,Closed Won,67183.99,0,312,1
L02424,Healthcare,201-1000,4254557.14,401701.32,Paid Ads,Qualified,84665.46,1,136,0
L02425,Manufacturing,1000+,36255439.67,471996.91,Outbound,New,36108.08,0,115,1
L02426,Manufacturing,201-1000,15644463.72,53754.85,Paid Ads,Qualified,5557.28,1,350,0
L02427,Manufacturing,1-50,39167888.35,136236.01,Event,Qualified,98690.78,0,160,0
L02428,Healthcare,1000+,22188476.93,250052.69,Outbound,Qualified,27106.13,0,154,1
L02429,Retail,51-200,24314810.44,424034.57,Referral,New,13535.49,0,172,1
L02430,Retail,1000+,38917679.4,255057.03,Organic Search,Closed Lost,37605.5,0,129,0
L02431,Technology,1-50,19179930.22,375277.2,Event,Contacted,74117.15,1,78,0
L02432,Manufacturing,1-50,22212054.53,73785.15,Organic Search,New,30097.74,0,56,0
L02433,Retail,1-50,18871904.39,129944.84,Organic Search,Qualified,57895.62,0,350,1
L02434,Technology,1-50,18430291.71,367229.17,Paid Ads,Qualified,42140.44,0,56,1
L02435,Retail,1-50,26344734.19,86543.33,Event,Qualified,12658.64,0,362,1
L02436,Manufacturing,51-200,40459092.28,178921.19,Organic Search,Proposal,33698.41,0,334,1
L02437,Finance,201-1000,18152238.76,136108.8,Referral,Qualified,72762.18,0,133,0
L02438,Manufacturing,1-50,26260310.55,178181.54,Outbound,Proposal,61588.39,1,13,1
L02439,Healthcare,1-50,33569293.54,355620.4,Event,Proposal,12858.06,1,282,0
L02440,Retail,1000+,13545028.37,187084.35,Paid Ads,New,17168.92,0,293,0
L02441,Retail,51-200,13948387.96,279855.34,Event,Qualified,64432.6,0,146,0
L02442,Healthcare,51-200,46677315.04,54466.28,Paid Ads,Closed Won,81528.13,0,126,1
L02443,Healthcare,201-1000,36204375.21,403483.76,Outbound,New,35597.98,0,259,0
L02444,Finance,51-200,28901615.14,188094.87,Referral,Qualified,59935.76,0,313,1
L02445,Retail,1000+,32421230.72,326024.41,Organic Search,Closed Lost,17893.72,0,217,0
L02446,Retail,1000+,1562042.21,364067.85,Event,Contacted,31826.26,0,232,0
L02447,Finance,201-1000,30943337.98,108782.16,Paid Ads,Qualified,3006.75,1,167,1
L02448,Technology,1000+,25524492.77,442914.12,Outbound,Closed Lost,77059.32,1,142,0
L02449,Finance,1-50,27332909.02,310031.0,Organic Search,New,40699.97,0,259,0
L02450,Manufacturing,1-50,18035248.96,217218.95,Outbound,New,81796.43,0,217,0
L02451,Retail,1000+,4165547.5,95255.92,Referral,Closed Won,71128.93,0,307,1
L02452,Healthcare,201-1000,9747627.76,471438.96,Organic Search,Closed Won,83045.68,0,145,1
L02453,Manufacturing,51-200,47542161.19,378758.76,Organic Search,Qualified,29280.21,0,98,0
L02454,Retail,201-1000,20494108.16,107972.16,Organic Search,Qualified,19325.76,0,181,1
L02455,Finance,51-200,23387489.48,172166.83,Paid Ads,Closed Won,97218.66,1,168,1
L02456,Manufacturing,1000+,2730218.51,405788.76,Organic Search,Proposal,72015.45,1,232,0
L02457,Retail,1000+,1974554.85,349360.44,Outbound,Contacted,83570.18,0,92,0
L02458,Technology,1-50,35887354.21,384063.22,Paid Ads,New,2300.2,0,116,1
L02459,Technology,51-200,26950923.74,223394.55,Organic Search,Qualified,36091.7,0,3,0
L02460,Healthcare,201-1000,25484428.61,359655.75,Outbound,Closed Won,74538.85,1,84,1
L02461,Retail,1000+,12231914.07,196314.39,Outbound,Closed Won,8720.3,1,166,1
L02462,Technology,201-1000,37263061.51,109575.14,Event,Closed Lost,57166.65,0,6,0
L02463,Finance,1-50,8495005.3,318175.13,Outbound,Closed Won,43478.2,0,231,1
L02464,Retail,51-200,9577743.71,488126.89,Referral,Qualified,2744.03,0,250,0
L02465,Finance,51-200,23089537.35,158747.48,Organic Search,Qualified,24361.58,0,84,0
L02466,Finance,1000+,14385365.12,233179.95,Organic Search,Proposal,29194.41,0,318,1
L02467,Technology,51-200,12448402.76,338630.68,Organic Search,Proposal,12074.13,0,192,0
L02468,Retail,1000+,32297358.46,273045.61,Outbound,Qualified,63522.15,0,122,0
L02469,Manufacturing,1-50,32583490.09,422496.76,Outbound,New,24997.39,0,88,0
L02470,Technology,51-200,41243401.78,382062.64,Organic Search,Closed Lost,28484.33,1,94,0
L02471,Technology,1000+,20943657.49,33857.12,Paid Ads,Qualified,89925.62,0,299,0
L02472,Retail,201-1000,3746946.04,499218.51,Paid Ads,Contacted,47245.19,0,357,1
L02473,Retail,1000+,13755952.61,377439.21,Referral,Proposal,39820.69,0,44,1
L02474,Finance,51-200,49002272.61,432632.14,Event,Proposal,72663.23,0,252,0
L02475,Retail,1-50,29853302.9,327342.87,Referral,Contacted,91051.77,0,50,0
L02476,Finance,51-200,35515880.53,428861.14,Organic Search,Closed Won,3478.6,0,64,1
L02477,Technology,51-200,467155.7,60629.57,Organic Search,Contacted,45375.65,1,53,0
L02478,Healthcare,1000+,25958466.04,177130.23,Organic Search,New,61467.35,0,221,1
L02479,Manufacturing,201-1000,1972680.01,438828.37,Event,Qualified,32537.75,0,71,0
L02480,Technology,51-200,28504587.58,104819.33,Outbound,Proposal,77468.36,0,167,0
L02481,Retail,201-1000,46046465.4,43729.84,Event,Closed Lost,97176.23,0,185,0
L02482,Manufacturing,1000+,48424114.61,395118.88,Referral,Closed Won,94399.31,1,142,1
L02483,Healthcare,201-1000,27073578.5,418565.65,Outbound,Closed Lost,27332.27,0,18,0
L02484,Healthcare,1000+,22964419.78,85512.85,Outbound,New,23407.49,0,9,1
L02485,Finance,1-50,47256353.0,427901.26,Referral,New,95791.56,0,271,0
L02486,Manufacturing,201-1000,33713130.62,344950.06,Outbound,Qualified,46404.22,0,170,0
L02487,Finance,201-1000,3338474.05,262440.93,Paid Ads,Contacted,21621.47,1,363,0
L02488,Technology,1-50,23339706.33,415973.85,Referral,Closed Won,70992.7,0,15,1
L02489,Manufacturing,201-1000,12088226.42,212528.38,Referral,Proposal,29157.61,0,79,1
L02490,Technology,1-50,23543235.64,101027.01,Paid Ads,Closed Lost,27457.45,1,283,0
L02491,Finance,51-200,22827732.04,146002.07,Event,Contacted,88045.66,0,189,1
L02492,Manufacturing,1000+,29149025.66,255056.19,Event,Qualified,17085.44,0,147,0
L02493,Finance,1-50,17902847.47,268008.74,Event,Qualified,7374.9,0,162,1
L02494,Manufacturing,201-1000,8297095.43,403762.51,Outbound,Contacted,27649.46,0,264,1
L02495,Finance,1-50,25235599.79,396719.6,Paid Ads,Qualified,61087.6,0,359,0
L02496,Healthcare,201-1000,41527123.93,292776.45,Referral,Qualified,13185.7,0,137,0
L02497,Finance,51-200,33234210.18,391488.81,Referral,Qualified,47687.87,0,300,1
L02498,Healthcare,1-50,16984556.51,99927.86,Referral,Contacted,63106.37,0,364,0
L02499,Finance,51-200,46782598.84,29781.94,Outbound,New,85024.96,0,29,0
L02500,Manufacturing,1000+,45619157.81,437448.74,Outbound,Qualified,23757.09,0,303,1
L02501,Manufacturing,201-1000,10546485.13,42399.47,Event,Contacted,81917.29,1,167,0
L02502,Manufacturing,201-1000,2066937.5,127110.77,Outbound,New,24255.72,0,90,0
L02503,Retail,51-200,37091304.55,349182.88,Event,Contacted,67999.89,1,90,0
L02504,Technology,1000+,41397752.04,207676.73,Event,Contacted,43636.68,0,210,0
L02505,Manufacturing,1-50,48396441.84,438775.42,Referral,Contacted,12353.44,0,329,0
L02506,Healthcare,1-50,44502836.07,152500.0,Outbound,New,71712.08,0,299,0
L02507,Manufacturing,201-1000,30066684.93,10876.32,Event,Qualified,22558.5,1,173,0
L02508,Retail,51-200,26549611.73,153824.54,Paid Ads,Proposal,18485.72,0,133,1
L02509,Healthcare,51-200,1489268.46,291147.15,Paid Ads,Proposal,36473.97,0,23,0
L02510,Retail,1-50,12408156.7,191089.5,Outbound,Closed Won,65675.73,1,200,1
L02511,Healthcare,1000+,23034776.11,269762.01,Referral,Qualified,24165.65,1,218,1
L02512,Finance,1000+,31462344.61,438916.07,Referral,Qualified,19182.49,0,6,1
L02513,Technology,1-50,27906866.48,456680.1,Event,Closed Won,1985.41,1,5,1
L02514,Technology,1-50,37157535.89,136657.16,Outbound,Qualified,47692.67,0,117,0
L02515,Retail,51-200,14060369.85,233759.53,Paid Ads,Proposal,43435.91,0,160,0
L02516,Technology,1000+,28291135.12,276826.29,Event,Qualified,24152.91,0,84,1
L02517,Retail,1-50,4498297.95,474810.67,Event,Qualified,6311.56,0,247,0
L02518,Retail,1-50,20741909.63,499315.57,Organic Search,Proposal,43496.33,0,165,1
L02519,Retail,201-1000,37533025.56,121526.59,Outbound,New,79032.31,0,144,0
L02520,Technology,1-50,34700702.59,364855.04,Event,Contacted,71812.93,0,30,0
L02521,Retail,1-50,49533072.58,192125.38,Paid Ads,Contacted,86218.69,0,219,0
L02522,Technology,1000+,13966767.19,9013.56,Organic Search,Contacted,1948.69,1,132,0
L02523,Retail,51-200,24959646.03,9580.0,Paid Ads,Contacted,96675.51,0,63,1
L02524,Manufacturing,1000+,16543567.65,232980.17,Referral,Qualified,34799.81,1,75,0
L02525,Retail,51-200,22086095.39,246725.78,Organic Search,Proposal,99049.38,1,130,1
L02526,Healthcare,201-1000,42861811.48,16172.0,Organic Search,Proposal,26009.33,1,311,0
L02527,Retail,1-50,34242032.85,345029.07,Event,Contacted,47682.1,1,318,1
L02528,Finance,201-1000,44133815.45,150531.68,Referral,Closed Lost,36038.84,0,360,0
L02529,Retail,51-200,10255204.31,282147.09,Event,Qualified,36220.31,0,37,0
L02530,Healthcare,1000+,43680719.78,153954.94,Outbound,Contacted,84385.93,0,53,0
L02531,Healthcare,1000+,3082137.48,87731.49,Paid Ads,Closed Won,74895.48,0,129,1
L02532,Technology,201-1000,44441104.09,206551.0,Paid Ads,Proposal,99222.99,0,217,0
L02533,Manufacturing,51-200,16520781.6,119975.32,Event,Proposal,61737.95,0,1,1
L02534,Retail,201-1000,15797922.91,269726.48,Paid Ads,New,46862.4,1,245,1
L02535,Technology,201-1000,25653219.98,103420.12,Paid Ads,Qualified,9917.31,1,139,0
L02536,Manufacturing,1-50,47040440.37,256660.96,Outbound,Closed Won,99659.58,0,295,1
L02537,Retail,201-1000,2484290.1,82902.36,Referral,Qualified,55601.53,0,257,1
L02538,Finance,1-50,17676325.66,337132.48,Organic Search,Proposal,70347.27,0,104,0
L02539,Retail,1-50,42842942.24,378199.15,Event,Qualified,41267.5,1,335,0
L02540,Healthcare,1000+,19863118.42,59645.15,Event,Closed Won,55223.86,0,184,1
L02541,Healthcare,1-50,10037929.19,236562.19,Outbound,Contacted,94315.2,0,302,1
L02542,Finance,1-50,21297229.65,40081.49,Outbound,Qualified,17475.52,0,243,1
L02543,Technology,1000+,19339069.82,301100.31,Organic Search,New,29944.89,0,163,0
L02544,Manufacturing,201-1000,45779268.45,135880.13,Referral,Proposal,16053.91,1,131,0
L02545,Retail,51-200,38120525.35,266174.11,Event,Proposal,79429.37,0,202,0
L02546,Healthcare,51-200,25305266.23,261143.2,Outbound,New,7142.48,0,209,0
L02547,Technology,51-200,49419691.28,462555.4,Event,Proposal,9081.53,1,346,1
L02548,Finance,201-1000,23317348.81,276796.2,Paid Ads,Qualified,30550.92,1,100,1
L02549,Healthcare,1-50,3006067.76,293584.25,Event,New,51904.63,1,270,1
L02550,Finance,51-200,13187488.66,203818.3,Referral,Qualified,41221.21,0,48,0
L02551,Retail,201-1000,21859916.96,474794.4,Referral,New,5436.81,0,238,0
L02552,Manufacturing,1-50,7929440.94,389707.03,Event,Qualified,95791.66,0,214,0
L02553,Healthcare,1000+,47383499.8,146275.62,Paid Ads,Contacted,95334.08,0,290,0
L02554,Healthcare,51-200,38365760.0,422883.74,Referral,Proposal,28656.28,0,349,0
L02555,Retail,1-50,13487531.3,219036.2,Outbound,Proposal,73421.04,0,279,0
L02556,Technology,51-200,29581146.22,415190.24,Event,Proposal,58278.97,0,315,0
L02557,Manufacturing,51-200,36100312.94,412329.59,Paid Ads,New,24510.19,1,76,1
L02558,Healthcare,51-200,47069818.55,98490.74,Outbound,Closed Lost,26954.98,0,303,0
L02559,Manufacturing,1-50,44093603.92,352064.86,Event,Proposal,49624.16,1,150,1
L02560,Healthcare,201-1000,25808092.08,148868.27,Paid Ads,New,42504.46,0,296,1
L02561,Manufacturing,1-50,38755165.73,152258.87,Outbound,Closed Won,29831.7,0,156,1
L02562,Finance,51-200,28151023.22,151692.3,Referral,Contacted,80943.65,0,197,1
L02563,Healthcare,1-50,27679924.11,364156.28,Event,Qualified,48664.83,0,286,0
L02564,Manufacturing,1000+,5825623.72,118763.89,Event,Qualified,65829.96,0,23,0
L02565,Technology,201-1000,6394269.14,5448.39,Referral,Qualified,19738.08,1,8,1
L02566,Finance,1-50,26523727.39,359042.24,Organic Search,Closed Won,53817.26,0,131,1
L02567,Finance,1000+,13516191.09,89736.45,Outbound,Qualified,32479.63,1,76,0
L02568,Technology,201-1000,1149741.43,56718.79,Referral,New,53114.95,0,225,0
L02569,Manufacturing,1000+,36169676.27,122570.48,Event,Closed Lost,78301.76,1,130,0
L02570,Retail,201-1000,1721081.17,193050.76,Outbound,Closed Lost,77122.41,0,89,0
L02571,Technology,1-50,29804314.37,240573.63,Outbound,Proposal,36067.85,1,116,1
L02572,Manufacturing,1000+,27005770.33,27062.17,Organic Search,Qualified,69733.43,0,109,0
L02573,Technology,51-200,48443853.06,485433.8,Event,New,94187.71,0,353,1
L02574,Technology,1000+,24262235.65,359451.21,Paid Ads,Proposal,62941.26,1,270,0
L02575,Healthcare,201-1000,3273711.68,164981.06,Organic Search,New,15692.6,0,226,1
L02576,Manufacturing,1-50,27629229.59,162755.14,Organic Search,New,68291.15,0,243,1
L02577,Retail,201-1000,42070698.91,227028.56,Paid Ads,Qualified,11385.53,1,307,1
L02578,Healthcare,1000+,49842779.29,314991.19,Paid Ads,New,87338.93,0,54,0
L02579,Technology,1000+,21574124.37,77454.67,Organic Search,New,52149.39,0,36,0
L02580,Technology,51-200,16082907.25,98520.26,Outbound,Qualified,39128.93,0,54,1
L02581,Technology,1-50,45341999.52,430420.12,Referral,New,6643.65,1,11,0
L02582,Manufacturing,1-50,9642982.24,131846.19,Referral,New,38697.59,0,184,0
L02583,Manufacturing,1000+,30809902.86,193196.52,Organic Search,New,90417.46,0,236,0
L02584,Healthcare,1-50,20345149.77,436279.57,Outbound,Contacted,3077.32,0,292,0
L02585,Retail,51-200,2150010.01,333258.18,Paid Ads,Proposal,47990.17,1,203,0
L02586,Healthcare,201-1000,17429694.87,174147.38,Organic Search,Closed Won,93184.65,1,210,1
L02587,Finance,1-50,13334903.27,343431.28,Event,Qualified,40089.26,0,225,1
L02588,Technology,1000+,34335948.58,14743.19,Outbound,Qualified,43389.39,0,6,1
L02589,Technology,201-1000,47444645.83,369143.12,Event,New,58277.45,0,219,1
L02590,Technology,201-1000,13475554.65,246072.94,Event,New,46830.8,0,310,0
L02591,Healthcare,51-200,40592150.36,407525.16,Organic Search,Contacted,17691.57,0,27,1
L02592,Healthcare,1000+,2862454.87,477545.64,Outbound,Qualified,2837.0,1,292,1
L02593,Technology,1-50,26952238.4,463265.33,Event,Proposal,61371.35,0,211,1
L02594,Healthcare,1000+,3620448.18,455086.2,Outbound,Proposal,92159.85,0,188,0
L02595,Manufacturing,201-1000,46708246.26,258524.13,Referral,Contacted,11530.05,0,74,1
L02596,Manufacturing,1000+,38340928.9,183270.35,Event,New,21884.32,0,241,0
L02597,Healthcare,1-50,32931700.57,235192.49,Event,Proposal,37652.72,0,113,1
L02598,Technology,1-50,41212429.44,346498.52,Outbound,Contacted,81065.48,0,166,0
L02599,Healthcare,51-200,32411237.8,442578.9,Referral,Proposal,27656.77,0,105,0
L02600,Healthcare,1-50,48450325.42,107458.22,Event,Qualified,88323.39,0,150,0
L02601,Healthcare,1-50,35726501.6,459505.61,Organic Search,Proposal,6440.83,1,83,0
L02602,Finance,1000+,46240464.62,408514.21,Outbound,Closed Lost,94154.71,0,211,0
L02603,Manufacturing,1000+,25904881.41,489533.73,Outbound,Closed Lost,56513.96,0,266,0
L02604,Retail,201-1000,5941514.21,440724.63,Event,Qualified,66218.99,0,321,0
L02605,Retail,51-200,26456068.3,143568.98,Referral,Qualified,37401.26,1,268,0
L02606,Finance,1000+,6430954.12,57448.18,Event,Contacted,78417.43,1,176,0
L02607,Healthcare,1-50,29665424.61,60559.33,Paid Ads,Closed Lost,17490.06,0,270,0
L02608,Finance,201-1000,24176403.72,149155.54,Event,Qualified,5842.27,0,311,0
L02609,Finance,1000+,31166512.35,309020.94,Paid Ads,New,40156.18,0,181,0
L02610,Technology,51-200,601344.35,403138.56,Organic Search,Qualified,85515.88,0,158,0
L02611,Manufacturing,51-200,9822540.53,450128.9,Outbound,New,75737.76,0,188,0
L02612,Retail,201-1000,24617388.55,313757.93,Outbound,Qualified,52198.44,0,185,0
L02613,Healthcare,201-1000,47530127.72,7787.5,Referral,Qualified,57641.64,0,308,1
L02614,Retail,201-1000,19242091.11,97226.8,Event,Contacted,13859.39,0,245,1
L02615,Retail,201-1000,21276164.1,54364.47,Organic Search,New,84227.47,0,316,1
L02616,Manufacturing,201-1000,35763334.84,184845.62,Paid Ads,Closed Lost,78909.01,0,41,0
L02617,Retail,1-50,30229258.59,253168.74,Referral,Proposal,65990.57,0,284,1
L02618,Retail,1-50,15016414.89,26481.6,Organic Search,Closed Won,47152.91,0,299,1
L02619,Finance,1000+,20599738.14,177496.6,Organic Search,Contacted,96481.47,0,361,0
L02620,Manufacturing,51-200,10963219.96,93693.94,Paid Ads,Proposal,88024.17,0,293,0
L02621,Technology,1-50,48304470.81,325299.73,Paid Ads,Qualified,64798.62,1,180,0
L02622,Healthcare,1-50,6618655.64,234814.82,Outbound,Contacted,37808.3,0,364,1
L02623,Retail,1-50,18654655.55,250182.24,Event,New,62184.21,1,181,0
L02624,Healthcare,1000+,1389364.71,216707.44,Referral,Contacted,57968.65,0,339,0
L02625,Technology,201-1000,11166796.65,478229.76,Event,New,40029.96,0,217,0
L02626,Healthcare,1000+,39045509.81,111293.89,Referral,Closed Lost,31360.72,0,162,0
L02627,Technology,51-200,10138644.09,260748.81,Organic Search,New,41294.07,1,45,1
L02628,Finance,51-200,4095163.79,369328.6,Paid Ads,Qualified,57817.23,0,91,1
L02629,Retail,51-200,23775213.67,280637.98,Paid Ads,Qualified,43385.35,0,104,0
L02630,Technology,51-200,597464.81,464865.34,Organic Search,Contacted,27093.87,0,206,1
L02631,Healthcare,1-50,4329831.11,192094.34,Organic Search,Qualified,76335.37,1,327,1
L02632,Retail,1-50,40400530.89,234519.52,Referral,New,53615.28,1,138,0
L02633,Finance,1000+,38596519.91,48818.55,Organic Search,Proposal,7699.84,0,28,1
L02634,Retail,201-1000,45765427.14,306454.56,Referral,Contacted,37463.33,0,250,0
L02635,Technology,51-200,42740320.25,147664.92,Event,Qualified,88606.43,0,190,1
L02636,Finance,1000+,34190460.61,84352.97,Paid Ads,Proposal,75768.42,1,46,0
L02637,Healthcare,1-50,2711409.58,274542.99,Paid Ads,Closed Won,33001.43,0,250,1
L02638,Finance,1-50,39164146.04,268493.58,Paid Ads,Closed Won,93880.13,1,262,1
L02639,Finance,201-1000,42290989.46,42556.46,Event,Proposal,8583.69,0,63,0
L02640,Manufacturing,201-1000,39974199.07,350616.65,Event,Contacted,96162.24,0,337,0
L02641,Finance,201-1000,25473103.86,313767.23,Outbound,Qualified,25324.8,1,319,1
L02642,Finance,1000+,11721801.75,98563.55,Referral,Proposal,1900.32,0,347,1
L02643,Retail,1-50,42281965.79,237370.26,Referral,Closed Won,43947.0,1,267,1
L02644,Healthcare,1-50,36385424.21,361559.84,Outbound,New,36538.07,0,11,0
L02645,Retail,201-1000,49039982.6,267070.69,Paid Ads,Contacted,54369.81,1,291,0
L02646,Retail,51-200,7869060.63,200767.09,Referral,Proposal,79880.51,0,28,0
L02647,Technology,201-1000,11360662.69,164557.54,Referral,Qualified,84400.65,0,138,0
L02648,Retail,1000+,10668727.68,307144.96,Paid Ads,Contacted,40721.77,0,84,0
L02649,Manufacturing,201-1000,39647734.4,469858.81,Organic Search,Qualified,43554.73,0,73,1
L02650,Manufacturing,201-1000,9426674.09,337513.7,Organic Search,Proposal,15669.6,0,250,0
L02651,Technology,1000+,3426325.51,41999.22,Outbound,Closed Lost,5707.21,1,223,0
L02652,Healthcare,201-1000,49928184.25,233039.06,Event,Qualified,64480.28,0,46,0
L02653,Healthcare,1-50,1338378.85,445957.95,Referral,Contacted,7379.32,0,80,1
L02654,Retail,51-200,41778678.6,51758.9,Referral,New,73649.18,1,120,1
L02655,Retail,201-1000,18331805.39,494493.48,Outbound,New,54369.92,0,42,1
L02656,Retail,1000+,42096611.44,474789.35,Outbound,Qualified,20659.71,0,145,0
L02657,Healthcare,51-200,27775562.51,43745.87,Referral,Qualified,54412.77,0,73,0
L02658,Finance,1000+,45091398.35,467039.59,Paid Ads,Contacted,19116.77,1,52,0
L02659,Manufacturing,51-200,46317030.02,184750.63,Paid Ads,Proposal,44434.98,0,232,0
L02660,Finance,51-200,553999.25,423131.04,Event,Proposal,80156.47,0,294,1
L02661,Finance,201-1000,3863067.58,212099.75,Referral,Contacted,46730.01,1,362,1
L02662,Healthcare,1-50,12592900.61,223223.28,Referral,Contacted,15721.23,1,199,0
L02663,Finance,201-1000,33498839.28,318950.33,Referral,Closed Lost,72659.04,0,161,0
L02664,Technology,1000+,44424782.61,388366.32,Referral,Contacted,19490.07,0,36,1
L02665,Retail,1000+,23051103.37,21725.63,Outbound,Proposal,74116.44,1,96,1
L02666,Technology,51-200,30387958.5,298612.22,Organic Search,Qualified,48455.88,0,48,1
L02667,Manufacturing,51-200,9506142.65,97432.83,Referral,Proposal,45920.43,1,9,0
L02668,Retail,1-50,40267845.01,176245.01,Organic Search,Proposal,85292.07,0,39,0
L02669,Finance,201-1000,48369672.76,177244.49,Paid Ads,Proposal,71151.75,0,152,0
L02670,Manufacturing,1000+,13503086.75,237184.87,Event,Closed Won,4258.17,0,105,1
L02671,Retail,51-200,24791814.98,170397.52,Paid Ads,Closed Lost,30321.26,0,40,0
L02672,Finance,1-50,4397193.91,58143.75,Referral,Qualified,87221.15,0,163,0
L02673,Technology,1000+,28000919.16,77086.23,Paid Ads,Contacted,2814.29,0,257,0
L02674,Retail,51-200,25188893.75,21551.8,Outbound,Contacted,54980.09,0,210,0
L02675,Finance,1000+,7307380.56,237773.3,Organic Search,Proposal,73054.74,0,201,1
L02676,Technology,1-50,22159104.03,477451.61,Referral,Proposal,62563.75,0,194,0
L02677,Manufacturing,1-50,16771822.14,62259.24,Outbound,New,76292.69,1,52,0
L02678,Manufacturing,1000+,26139360.68,473400.92,Organic Search,New,72843.49,0,146,0
L02679,Manufacturing,201-1000,29324151.34,368013.95,Outbound,Proposal,69511.04,0,281,0
L02680,Manufacturing,1000+,523929.37,320561.91,Paid Ads,Contacted,82332.45,0,309,1
L02681,Healthcare,51-200,38074198.55,324412.49,Referral,Qualified,64923.38,0,242,0
L02682,Retail,201-1000,35679413.16,414230.19,Paid Ads,Proposal,40839.43,0,50,0
L02683,Retail,51-200,18377690.67,57925.33,Event,Qualified,47719.0,0,113,0
L02684,Healthcare,1000+,2741503.18,254853.39,Referral,New,71955.75,0,272,0
L02685,Finance,201-1000,37771133.74,350060.11,Paid Ads,New,87754.3,0,119,0
L02686,Finance,51-200,47763240.51,295476.12,Referral,Contacted,27949.66,0,188,1
L02687,Manufacturing,1000+,12083564.64,417225.64,Organic Search,Contacted,34865.6,1,45,0
L02688,Technology,1000+,16243878.23,40774.5,Referral,Qualified,93143.2,0,242,0
L02689,Finance,201-1000,9272263.19,346897.01,Referral,Qualified,58272.67,0,310,0
L02690,Technology,1000+,28889112.55,269343.73,Organic Search,Contacted,18717.22,0,49,1
L02691,Retail,1-50,7826585.59,192684.63,Paid Ads,New,66705.82,0,330,1
L02692,Technology,51-200,17874077.78,173436.12,Referral,New,99085.45,0,10,0
L02693,Retail,51-200,34880949.4,312312.15,Outbound,Closed Lost,82521.9,1,47,0
L02694,Healthcare,1000+,28049787.55,446042.71,Referral,Qualified,74828.37,0,55,1
L02695,Healthcare,1000+,19384481.96,250607.08,Paid Ads,Closed Won,21596.62,0,7,1
L02696,Manufacturing,1-50,21070455.13,413237.97,Organic Search,Closed Won,87737.84,0,13,1
L02697,Finance,201-1000,28149333.04,204067.41,Paid Ads,Qualified,53053.1,0,214,0
L02698,Manufacturing,1000+,392649.92,55685.26,Event,Proposal,89039.71,0,244,0
L02699,Retail,1000+,4017642.44,35445.34,Referral,New,33652.96,0,53,0
L02700,Manufacturing,1000+,44074777.58,30410.51,Referral,Proposal,7143.05,1,272,1
L02701,Technology,1000+,3986161.56,193174.32,Organic Search,Contacted,48121.62,0,130,1
L02702,Retail,51-200,35369499.45,171932.69,Referral,Closed Won,27713.92,0,8,1
L02703,Healthcare,1000+,46009904.39,360378.83,Outbound,New,71807.7,0,211,0
L02704,Finance,51-200,13607111.85,372696.64,Outbound,Proposal,95753.55,0,121,0
L02705,Retail,1000+,18587522.71,30172.71,Paid Ads,New,69406.44,1,113,0
L02706,Retail,201-1000,28489178.15,114456.02,Organic Search,Closed Won,88806.46,1,19,1
L02707,Technology,1-50,44097277.58,140759.62,Event,Contacted,45849.38,0,338,0
L02708,Finance,201-1000,47101088.8,276067.93,Paid Ads,Proposal,77392.43,0,20,0
L02709,Healthcare,1000+,37004206.08,76535.04,Organic Search,Qualified,84461.3,0,207,1
L02710,Retail,1000+,4422326.07,71300.9,Organic Search,Contacted,71376.69,0,32,0
L02711,Retail,1000+,33490792.36,472175.5,Paid Ads,Proposal,51269.95,0,132,1
L02712,Technology,201-1000,20574155.72,403080.44,Paid Ads,Closed Lost,62960.74,1,190,0
L02713,Manufacturing,1000+,23587979.87,94424.18,Referral,New,70350.19,0,25,0
L02714,Healthcare,201-1000,2552504.68,206251.06,Event,Closed Lost,26055.36,0,363,0
L02715,Finance,51-200,9634000.75,181032.89,Outbound,Proposal,81148.35,0,88,0
L02716,Retail,1-50,39546629.02,396547.02,Referral,Closed Won,95082.13,0,91,1
L02717,Retail,1-50,22752545.77,257555.39,Organic Search,Contacted,47058.69,0,32,0
L02718,Healthcare,201-1000,15152945.86,68285.62,Event,Qualified,70405.65,0,237,1
L02719,Manufacturing,51-200,19262551.79,370801.07,Event,Closed Won,73965.56,0,17,1
L02720,Retail,201-1000,42734535.71,201459.55,Paid Ads,Qualified,66562.51,0,273,0
L02721,Healthcare,51-200,37475050.97,135147.5,Event,Qualified,55164.4,0,288,0
L02722,Technology,1000+,13688538.32,190871.82,Event,New,88283.15,0,26,1
L02723,Manufacturing,51-200,5963341.83,251389.5,Organic Search,New,45443.74,1,304,0
L02724,Finance,51-200,12674711.26,174842.18,Referral,Proposal,7049.19,1,107,0
L02725,Retail,51-200,46045746.91,124743.36,Event,Proposal,84611.08,1,225,1
L02726,Healthcare,1-50,29121283.01,202258.5,Paid Ads,Qualified,67724.15,0,323,0
L02727,Technology,51-200,26720662.42,14490.59,Referral,New,85076.6,0,354,1
L02728,Finance,1000+,29860040.62,387386.43,Paid Ads,Qualified,14716.2,0,18,0
L02729,Healthcare,1000+,18364810.46,89617.72,Event,Contacted,4044.54,1,222,1
L02730,Healthcare,1000+,40374640.31,26732.78,Referral,Qualified,93503.08,0,280,0
L02731,Finance,51-200,26211983.84,328580.85,Event,Closed Won,15625.1,0,103,1
L02732,Technology,201-1000,5925720.35,388098.38,Organic Search,Proposal,81155.58,0,331,0
L02733,Technology,201-1000,6540349.73,407845.42,Referral,New,82497.78,0,331,0
L02734,Manufacturing,1000+,26889271.41,249287.05,Paid Ads,Closed Won,71161.81,0,361,1
L02735,Retail,1-50,46834853.88,106657.25,Organic Search,Qualified,13994.96,0,288,0
L02736,Finance,201-1000,15486770.87,369927.7,Outbound,Proposal,67072.46,0,36,1
L02737,Finance,51-200,43490104.33,351357.97,Paid Ads,New,89019.57,1,347,0
L02738,Finance,201-1000,38228369.77,126904.01,Event,Proposal,43127.63,0,243,0
L02739,Technology,1000+,12465840.9,452186.84,Paid Ads,Contacted,41938.17,1,42,0
L02740,Retail,1-50,1913403.34,56663.87,Outbound,Qualified,44842.97,0,125,0
L02741,Manufacturing,201-1000,5182178.53,491430.68,Paid Ads,New,9144.92,0,8,0
L02742,Healthcare,201-1000,36451847.3,430822.67,Organic Search,New,89310.53,0,13,1
L02743,Healthcare,1000+,10063519.93,345509.83,Paid Ads,New,87049.1,0,130,1
L02744,Finance,1-50,18626418.93,469681.19,Referral,Contacted,99793.02,0,324,0
L02745,Retail,1-50,25134788.38,362544.03,Outbound,New,58933.13,0,183,1
L02746,Technology,1000+,36300861.61,99276.21,Paid Ads,Proposal,75367.97,0,281,0
L02747,Retail,51-200,5750238.04,223867.29,Outbound,New,21064.52,0,52,0
L02748,Retail,201-1000,20377683.62,40394.0,Organic Search,Proposal,67085.35,0,40,1
L02749,Technology,51-200,24305138.17,197880.42,Referral,New,65323.55,0,337,0
L02750,Finance,201-1000,27087270.49,372093.49,Event,Closed Lost,90219.66,0,357,0
L02751,Retail,201-1000,40936196.01,196289.46,Paid Ads,Closed Lost,83248.48,0,20,0
L02752,Healthcare,51-200,8666741.93,168495.62,Organic Search,Contacted,93908.18,0,294,0
L02753,Technology,1000+,40410789.45,299701.08,Outbound,Proposal,87014.51,0,207,0
L02754,Manufacturing,1000+,34674633.54,436741.24,Outbound,New,87000.7,0,150,1
L02755,Finance,201-1000,27837953.63,28553.68,Organic Search,Closed Lost,7308.61,0,68,0
L02756,Technology,1000+,35006440.73,195807.87,Paid Ads,Qualified,84750.23,0,330,0
L02757,Manufacturing,201-1000,20659685.17,83329.17,Event,New,61140.36,0,317,1
L02758,Manufacturing,1000+,7006039.54,349200.35,Paid Ads,Contacted,38664.0,0,300,1
L02759,Retail,201-1000,33321685.49,57333.66,Referral,New,6594.95,0,26,1
L02760,Retail,1000+,26281148.1,334079.84,Paid Ads,Contacted,68089.7,0,115,1
L02761,Retail,1-50,32004802.55,146659.53,Referral,Proposal,33491.97,1,141,0
L02762,Technology,51-200,16966139.17,103463.82,Outbound,Qualified,47309.85,0,40,0
L02763,Technology,1-50,45352642.21,468494.52,Referral,Contacted,68491.12,0,105,1
L02764,Finance,51-200,29409756.44,14169.67,Event,New,91265.68,1,73,1
L02765,Retail,51-200,4361583.97,221699.75,Organic Search,Contacted,82718.25,0,59,0
L02766,Manufacturing,201-1000,22545219.14,15705.36,Referral,New,45609.12,0,297,0
L02767,Healthcare,51-200,37842167.13,244378.56,Paid Ads,Closed Won,39390.53,1,121,1
L02768,Finance,1-50,39727314.63,253018.45,Referral,New,24738.19,1,202,1
L02769,Technology,1-50,24780392.93,164222.92,Outbound,Qualified,37870.25,0,10,0
L02770,Finance,1000+,44747903.78,70420.08,Referral,Contacted,11993.59,0,146,1
L02771,Finance,1-50,13456655.02,191311.83,Event,Contacted,97139.45,0,215,0
L02772,Finance,1000+,20588874.99,337770.16,Referral,Proposal,57817.83,0,320,0
L02773,Finance,51-200,44939985.84,392285.93,Event,Qualified,13652.78,0,302,1
L02774,Healthcare,1-50,44823210.15,267721.55,Paid Ads,Qualified,35927.79,0,13,0
L02775,Retail,51-200,34317067.16,296968.03,Outbound,Qualified,55156.88,1,66,0
L02776,Manufacturing,1-50,42963129.3,104305.1,Organic Search,Qualified,53755.68,0,179,1
L02777,Finance,1-50,4529786.02,147228.51,Paid Ads,Contacted,4514.83,0,364,0
L02778,Finance,1000+,43263249.31,85138.33,Paid Ads,Qualified,95133.26,0,241,0
L02779,Finance,51-200,16098933.34,128401.2,Organic Search,Proposal,28262.19,0,159,0
L02780,Retail,1-50,8998742.47,116318.96,Referral,New,2602.28,0,9,1
L02781,Technology,201-1000,12044554.83,262127.15,Referral,Qualified,8567.96,0,123,0
L02782,Technology,51-200,20956628.55,283530.93,Referral,New,58439.3,0,272,1
L02783,Healthcare,51-200,12634481.03,472748.97,Outbound,New,14640.77,0,240,0
L02784,Technology,51-200,16096322.54,101807.47,Paid Ads,Qualified,5130.75,0,142,1
L02785,Finance,1000+,6835426.45,322629.48,Event,Closed Won,38583.02,0,352,1
L02786,Finance,201-1000,14879220.6,409543.34,Organic Search,Closed Won,62653.36,0,166,1
L02787,Finance,51-200,28656962.35,282319.52,Paid Ads,New,12072.14,0,56,0
L02788,Healthcare,1-50,22148500.03,131226.81,Referral,Qualified,32019.46,0,137,0
L02789,Finance,1-50,17401266.19,134962.36,Organic Search,Qualified,42358.31,0,326,1
L02790,Technology,1000+,37347961.23,24430.26,Event,New,16786.55,0,352,0
L02791,Retail,1-50,44686147.57,156194.89,Paid Ads,Proposal,51101.32,1,16,0
L02792,Retail,51-200,37863782.22,373578.82,Paid Ads,Proposal,9436.19,0,331,1
L02793,Manufacturing,1-50,16666835.04,28521.29,Outbound,Closed Lost,5605.33,0,272,0
L02794,Technology,51-200,37247664.18,113551.16,Paid Ads,New,52463.7,0,333,0
L02795,Finance,1-50,7683811.11,354585.09,Paid Ads,Contacted,25541.8,0,2,1
L02796,Retail,201-1000,6602867.61,392412.52,Event,Closed Won,10442.01,0,242,1
L02797,Technology,1000+,17346789.15,230382.61,Event,Proposal,42967.35,0,107,0
L02798,Retail,1000+,40404348.22,350546.8,Organic Search,Closed Won,91598.93,1,50,1
L02799,Finance,201-1000,12392777.54,197036.32,Referral,New,72695.05,0,349,0
L02800,Retail,201-1000,3256345.1,84157.06,Event,Qualified,81745.98,0,173,0
L02801,Manufacturing,1000+,6672305.81,202084.0,Organic Search,Qualified,87319.48,0,115,1
L02802,Manufacturing,201-1000,42951373.93,292084.07,Paid Ads,New,97290.15,0,182,0
L02803,Retail,51-200,31725785.91,474286.37,Organic Search,Qualified,76561.41,0,360,0
L02804,Technology,1-50,12734738.05,39031.72,Organic Search,Proposal,61232.38,0,354,0
L02805,Technology,1000+,27809261.68,256160.08,Organic Search,New,37177.16,1,153,0
L02806,Technology,201-1000,26426223.16,167815.29,Organic Search,Contacted,18982.68,1,246,0
L02807,Retail,51-200,32806255.32,256614.29,Event,Proposal,68979.33,0,75,0
L02808,Technology,1000+,11736058.97,16867.85,Referral,Qualified,99500.05,0,243,1
L02809,Finance,201-1000,43233709.06,159947.55,Organic Search,Closed Won,47268.51,0,80,1
L02810,Manufacturing,1000+,15537491.25,410834.73,Outbound,Contacted,72644.26,0,228,1
L02811,Finance,201-1000,34737169.53,279201.16,Paid Ads,Contacted,50014.15,1,71,1
L02812,Technology,1000+,904619.85,228038.33,Paid Ads,Closed Lost,43761.41,0,217,0
L02813,Finance,51-200,18695590.78,146334.91,Paid Ads,Closed Lost,41620.26,0,242,0
L02814,Technology,51-200,17650319.92,152531.05,Paid Ads,New,50957.84,0,313,0
L02815,Retail,1-50,27219872.99,194635.21,Paid Ads,Proposal,37322.67,0,77,0
L02816,Finance,1000+,3729539.46,418607.5,Organic Search,New,75128.56,0,157,1
L02817,Retail,1-50,39527555.55,483770.54,Referral,New,87552.93,1,47,0
L02818,Retail,1000+,10967262.01,222134.41,Outbound,Contacted,88405.65,0,311,0
L02819,Healthcare,201-1000,33884186.96,199709.66,Event,Contacted,23542.17,0,297,1
L02820,Technology,201-1000,40180284.95,424042.63,Outbound,Closed Won,89695.0,0,23,1
L02821,Manufacturing,1-50,28137660.12,216318.13,Event,Proposal,34813.57,0,109,0
L02822,Technology,1000+,37070072.02,278249.0,Event,Closed Lost,31621.46,0,51,0
L02823,Manufacturing,1-50,33126829.58,119316.12,Outbound,Proposal,72948.85,0,289,1
L02824,Technology,51-200,17840936.88,373033.76,Organic Search,Qualified,31164.94,0,258,1
L02825,Retail,1-50,40462041.1,268334.22,Paid Ads,Proposal,6243.67,0,323,0
L02826,Finance,1-50,14805598.36,405472.1,Organic Search,Closed Lost,37988.16,0,138,0
L02827,Finance,201-1000,28603524.6,391462.7,Paid Ads,Proposal,72425.09,0,305,1
L02828,Healthcare,1-50,37295347.18,111427.36,Referral,Proposal,33368.88,0,337,0
L02829,Manufacturing,1000+,19009899.9,359239.6,Event,Closed Lost,63326.35,1,274,0
L02830,Manufacturing,201-1000,15208103.62,401026.93,Outbound,New,66351.82,0,43,0
L02831,Manufacturing,1-50,23021365.91,176323.08,Referral,Proposal,73639.87,0,258,0
L02832,Retail,51-200,40916378.37,90441.51,Paid Ads,Closed Won,89815.92,1,112,1
L02833,Manufacturing,1-50,46503095.98,6302.92,Organic Search,Closed Lost,43823.89,0,226,0
L02834,Finance,1-50,27299662.3,228197.31,Outbound,Contacted,17476.78,0,64,0
L02835,Retail,1-50,33107163.65,179454.2,Event,Qualified,32573.65,0,162,0
L02836,Technology,201-1000,45173353.75,279680.37,Referral,Proposal,43784.56,0,163,0
L02837,Manufacturing,1000+,5017487.89,98080.34,Event,Contacted,71675.26,0,165,0
L02838,Manufacturing,51-200,11680721.04,430534.45,Paid Ads,Proposal,2299.09,0,38,0
L02839,Technology,1-50,35474110.31,132588.83,Event,Contacted,32262.75,1,152,1
L02840,Manufacturing,1000+,41204848.65,117082.65,Organic Search,Contacted,78204.42,0,319,0
L02841,Technology,1000+,42865748.51,242953.46,Referral,Qualified,67414.91,0,359,0
L02842,Retail,201-1000,20813848.13,251931.26,Referral,Qualified,73442.26,0,268,1
L02843,Finance,51-200,4558061.12,111467.19,Organic Search,Qualified,81369.27,0,323,1
L02844,Technology,201-1000,21945295.72,139571.06,Event,Qualified,78540.34,0,325,1
L02845,Healthcare,1000+,11613656.05,89004.09,Organic Search,Contacted,68536.13,0,74,0
L02846,Technology,1000+,14630703.1,360637.79,Outbound,New,44526.49,0,256,1
L02847,Manufacturing,1000+,38636151.09,386194.07,Organic Search,New,98376.23,0,199,0
L02848,Retail,201-1000,3868801.59,233852.61,Event,New,57338.25,0,97,0
L02849,Retail,51-200,41396302.75,358473.08,Organic Search,Qualified,21074.15,1,103,0
L02850,Technology,1-50,21440687.38,369288.02,Paid Ads,Proposal,29988.47,0,163,1
L02851,Finance,201-1000,29843590.16,73446.39,Organic Search,New,69662.68,1,112,0
L02852,Healthcare,1000+,4573646.34,483258.12,Organic Search,New,92549.22,0,102,0
L02853,Retail,201-1000,16934218.01,411410.81,Event,Proposal,18693.29,0,36,1
L02854,Manufacturing,1000+,4576075.86,106219.31,Outbound,Contacted,9152.3,0,105,1
L02855,Manufacturing,1-50,48081031.77,97151.69,Outbound,Closed Lost,88271.57,1,186,0
L02856,Finance,1-50,40382356.3,67202.27,Event,Proposal,91612.52,0,363,1
L02857,Retail,51-200,23035674.44,73497.39,Event,Contacted,28361.56,0,20,0
L02858,Technology,1000+,11257767.16,375340.09,Event,Contacted,38351.29,0,147,0
L02859,Manufacturing,51-200,46679409.75,237478.86,Paid Ads,Qualified,66358.61,0,128,0
L02860,Finance,51-200,17295370.13,392552.42,Referral,New,33663.07,0,186,0
L02861,Retail,1-50,8133123.14,374396.17,Organic Search,New,87838.71,0,283,0
L02862,Retail,201-1000,28201902.98,304283.29,Event,New,11650.29,1,198,1
L02863,Retail,201-1000,47194328.61,344751.47,Event,Proposal,4760.24,0,234,1
L02864,Retail,51-200,291131.5,14086.08,Event,Qualified,21640.13,0,107,0
L02865,Retail,1-50,11982429.68,159329.94,Outbound,New,29322.69,0,8,0
L02866,Manufacturing,1000+,46928537.26,320721.98,Event,Proposal,12179.73,0,225,1
L02867,Finance,201-1000,8637189.75,9625.75,Organic Search,Qualified,7503.35,0,208,1
L02868,Retail,51-200,5750848.24,21323.59,Event,Qualified,75805.16,0,244,0
L02869,Healthcare,201-1000,28552342.07,426684.55,Organic Search,Contacted,17263.38,0,287,0
L02870,Healthcare,201-1000,43106006.78,343592.31,Paid Ads,Qualified,91478.3,1,65,1
L02871,Finance,1000+,23907779.9,136358.02,Referral,Closed Lost,37431.97,0,355,0
L02872,Technology,1-50,49728756.41,345541.61,Outbound,New,67389.98,0,152,1
L02873,Technology,1000+,33990667.81,397266.05,Organic Search,Contacted,23314.81,0,190,1
L02874,Technology,1-50,3796337.87,156863.17,Paid Ads,Contacted,24791.95,0,217,1
L02875,Healthcare,201-1000,49642323.37,22838.5,Referral,Contacted,57896.21,1,153,0
L02876,Technology,51-200,20453922.42,466725.67,Referral,Contacted,56503.65,0,276,1
L02877,Manufacturing,1000+,14441386.44,175864.02,Referral,Closed Won,77104.19,1,81,1
L02878,Retail,1-50,27938171.26,57708.47,Organic Search,Closed Lost,76023.52,0,220,0
L02879,Healthcare,201-1000,15284948.83,248469.15,Paid Ads,Contacted,67398.09,0,279,0
L02880,Finance,1-50,4414229.61,385391.56,Event,Qualified,45463.93,0,110,0
L02881,Finance,1-50,171274.32,114715.42,Paid Ads,Proposal,89173.4,0,91,0
L02882,Retail,1-50,22534209.31,138397.57,Paid Ads,Qualified,62635.27,0,11,1
L02883,Healthcare,201-1000,41859484.77,125143.92,Paid Ads,Qualified,99029.65,1,138,0
L02884,Technology,51-200,28658527.76,495878.16,Organic Search,New,82117.61,0,154,0
L02885,Technology,51-200,49960444.22,102714.85,Organic Search,Qualified,5386.67,0,22,0
L02886,Manufacturing,51-200,14413647.62,289882.51,Organic Search,Qualified,32738.8,0,219,1
L02887,Manufacturing,1-50,14094707.73,463006.0,Paid Ads,Proposal,57615.7,0,347,1
L02888,Technology,201-1000,8071498.07,77713.8,Organic Search,Proposal,72425.48,0,236,0
L02889,Finance,1-50,8286773.05,485572.83,Referral,New,55483.31,0,252,0
L02890,Finance,51-200,14330811.14,474001.23,Organic Search,New,78826.91,0,182,1
L02891,Manufacturing,51-200,39662718.26,442863.13,Outbound,Closed Lost,28982.91,0,197,0
L02892,Retail,201-1000,45297263.85,111205.48,Organic Search,Qualified,19207.29,0,169,0
L02893,Technology,1-50,48756849.77,318857.25,Organic Search,Closed Won,6337.75,0,122,1
L02894,Manufacturing,1000+,11691253.74,381641.28,Organic Search,New,57758.06,1,33,1
L02895,Manufacturing,1000+,44076747.53,493083.82,Organic Search,Qualified,69171.35,0,312,1
L02896,Technology,51-200,16479928.95,94309.79,Outbound,Qualified,33288.82,0,2,0
L02897,Technology,201-1000,5730743.17,384182.82,Event,Closed Won,61744.83,0,5,1
L02898,Finance,1-50,43514243.78,172706.58,Organic Search,New,6163.57,1,303,1
L02899,Retail,1-50,31841671.17,91935.1,Referral,Contacted,10830.04,1,101,0
L02900,Retail,51-200,8320071.71,213581.59,Outbound,Qualified,70473.72,1,191,0
L02901,Technology,51-200,21548579.75,397948.78,Event,Closed Won,37438.9,0,12,1
L02902,Healthcare,1-50,14434158.97,235100.65,Organic Search,Closed Lost,67462.07,0,35,0
L02903,Manufacturing,1-50,36866048.98,271073.93,Event,Closed Lost,83340.39,1,69,0
L02904,Manufacturing,51-200,22725469.91,497603.91,Referral,Closed Lost,85409.62,0,288,0
L02905,Technology,1-50,49465069.26,202559.1,Outbound,New,18044.6,0,104,1
L02906,Healthcare,1000+,2831774.61,309623.37,Outbound,New,49142.27,1,203,0
L02907,Finance,51-200,17815261.78,185795.88,Event,New,73658.75,0,312,1
L02908,Technology,1-50,24146818.34,199428.89,Organic Search,Contacted,77624.08,0,54,1
L02909,Technology,51-200,25206364.38,349342.17,Paid Ads,Closed Won,78682.92,0,106,1
L02910,Manufacturing,201-1000,15865197.54,469254.05,Outbound,Closed Won,23588.57,0,140,1
L02911,Technology,51-200,36489088.43,273467.68,Paid Ads,New,20060.95,0,224,1
L02912,Technology,51-200,43749878.97,385357.96,Outbound,Proposal,59411.23,0,306,0
L02913,Technology,201-1000,46942093.17,49157.25,Organic Search,Closed Lost,74367.49,0,347,0
L02914,Manufacturing,1000+,40274159.5,109523.23,Organic Search,Qualified,32594.81,0,308,1
L02915,Finance,1-50,42543951.85,253555.16,Outbound,New,11365.81,0,35,0
L02916,Finance,201-1000,27572210.5,14905.8,Event,Qualified,71957.89,0,132,0
L02917,Technology,51-200,41311822.5,130163.21,Organic Search,Contacted,30670.09,0,24,1
L02918,Manufacturing,1-50,15244845.07,261113.64,Organic Search,Qualified,17469.91,0,336,1
L02919,Finance,201-1000,19984090.23,12405.79,Referral,Qualified,15624.63,0,36,0
L02920,Finance,1-50,15913959.39,135950.41,Organic Search,New,32176.05,0,18,1
L02921,Finance,1-50,23422628.04,259445.26,Referral,Closed Lost,59675.13,1,34,0
L02922,Manufacturing,201-1000,14350422.85,288708.88,Organic Search,Qualified,36481.82,0,362,0
L02923,Manufacturing,1-50,48084410.97,463247.09,Organic Search,Qualified,3045.52,0,309,1
L02924,Technology,1000+,15710946.94,324446.08,Event,Closed Lost,10593.94,0,5,0
L02925,Retail,201-1000,4992422.45,210294.22,Event,New,29759.82,0,198,0
L02926,Finance,1000+,26388176.59,465523.83,Organic Search,New,66310.74,1,33,0
L02927,Retail,51-200,2949244.01,393517.08,Outbound,Closed Won,10752.99,1,55,1
L02928,Manufacturing,1-50,5616104.0,104004.42,Outbound,Contacted,56505.03,0,255,0
L02929,Manufacturing,51-200,11047530.52,69766.97,Organic Search,Proposal,12868.7,0,210,0
L02930,Manufacturing,51-200,23271077.47,339526.76,Outbound,Contacted,21949.92,0,96,0
L02931,Retail,1-50,21719221.52,282142.17,Organic Search,New,18046.66,0,281,0
L02932,Manufacturing,201-1000,40004623.91,395888.44,Event,Qualified,7655.63,0,240,0
L02933,Technology,1-50,36999785.23,370708.5,Paid Ads,New,67461.65,0,169,1
L02934,Manufacturing,51-200,21373282.87,314479.71,Referral,Proposal,46876.95,0,346,0
L02935,Healthcare,51-200,16751839.96,493259.17,Outbound,Proposal,83274.29,0,293,0
L02936,Retail,201-1000,15891792.32,269126.92,Outbound,Closed Lost,10790.19,0,226,0
L02937,Healthcare,1-50,38722354.86,60987.35,Event,Proposal,15328.56,0,314,1
L02938,Manufacturing,51-200,2698413.07,414995.41,Outbound,New,31339.32,0,126,0
L02939,Technology,1000+,739800.31,129667.41,Organic Search,Closed Won,76820.73,0,279,1
L02940,Finance,51-200,39797665.16,389764.56,Organic Search,Proposal,31270.12,1,20,1
L02941,Manufacturing,51-200,23909604.16,478768.01,Paid Ads,Proposal,41433.45,0,315,0
L02942,Technology,201-1000,6630968.81,349913.78,Paid Ads,Closed Won,30858.75,0,245,1
L02943,Retail,1000+,11854740.14,300034.93,Paid Ads,Qualified,8942.2,1,89,1
L02944,Healthcare,51-200,46631947.26,232891.16,Organic Search,Qualified,94003.93,1,5,1
L02945,Healthcare,51-200,42989198.48,185382.88,Paid Ads,Proposal,55305.36,0,265,0
L02946,Healthcare,1000+,35518274.01,179737.35,Paid Ads,Contacted,78995.49,0,96,1
L02947,Retail,1-50,24163038.99,320004.49,Organic Search,New,66177.35,0,149,1
L02948,Technology,1-50,26064148.95,376880.19,Event,Proposal,51911.17,0,79,1
L02949,Retail,51-200,48764702.31,340865.95,Outbound,Contacted,9878.15,1,16,1
L02950,Healthcare,51-200,48291945.15,103213.0,Referral,New,64630.62,0,137,1
L02951,Manufacturing,1-50,10841925.38,249523.65,Organic Search,New,16381.67,0,139,0
L02952,Finance,201-1000,40574117.86,396861.84,Organic Search,Proposal,42023.93,0,338,0
L02953,Retail,1000+,9942409.04,240473.52,Referral,Contacted,63282.2,0,39,0
L02954,Retail,1000+,10755520.15,270628.52,Referral,Proposal,78440.67,0,167,1
L02955,Technology,201-1000,33837042.4,386712.34,Paid Ads,Contacted,68819.47,0,73,1
L02956,Technology,201-1000,20309554.82,332326.33,Referral,Qualified,67481.82,0,73,0
L02957,Retail,201-1000,46584065.91,207625.74,Outbound,Qualified,15755.18,0,49,1
L02958,Healthcare,201-1000,4541585.77,448229.29,Outbound,Proposal,35266.73,0,9,0
L02959,Finance,201-1000,25625129.48,85470.7,Outbound,Contacted,5248.31,0,102,0
L02960,Technology,201-1000,45934224.37,497780.64,Outbound,Closed Lost,72228.21,0,349,0
L02961,Healthcare,1000+,45215271.66,63832.03,Outbound,Closed Lost,95306.01,0,298,0
L02962,Manufacturing,201-1000,7910807.75,12400.24,Paid Ads,Closed Won,27146.93,0,338,1
L02963,Technology,1-50,18395221.23,445559.36,Organic Search,Closed Lost,9681.97,0,103,0
L02964,Healthcare,201-1000,30994157.86,126251.99,Referral,Qualified,48081.44,1,289,0
L02965,Healthcare,201-1000,8053804.75,366201.32,Organic Search,Qualified,85813.12,0,279,0
L02966,Finance,1000+,48404306.39,406452.61,Referral,Proposal,55645.45,1,141,1
L02967,Finance,1000+,45745991.5,430198.26,Paid Ads,Proposal,5630.94,0,296,1
L02968,Manufacturing,201-1000,8430813.93,495839.15,Paid Ads,Closed Won,97452.95,0,169,1
L02969,Healthcare,1000+,6145657.52,150549.66,Event,Proposal,83036.34,0,12,0
L02970,Healthcare,51-200,4361883.29,356570.45,Event,Closed Lost,14027.81,0,156,0
L02971,Finance,1000+,45481238.84,62122.93,Paid Ads,Contacted,92257.98,1,173,0
L02972,Technology,1000+,9761828.11,206370.6,Paid Ads,Closed Won,45618.14,0,161,1
L02973,Technology,1000+,20872617.93,424745.99,Referral,Proposal,37817.9,0,131,0
L02974,Retail,1000+,22497683.15,186990.73,Paid Ads,Proposal,46644.28,0,27,1
L02975,Finance,1-50,29990651.11,297592.21,Organic Search,Contacted,83622.62,1,82,0
L02976,Retail,1-50,3679593.65,254367.85,Referral,Proposal,66288.49,0,362,0
L02977,Finance,1-50,11415255.01,324746.01,Paid Ads,Closed Lost,6865.6,0,268,0
L02978,Manufacturing,201-1000,46581370.31,486582.72,Referral,Contacted,95802.83,0,250,1
L02979,Healthcare,201-1000,45429664.35,32589.09,Referral,Proposal,15630.63,0,105,1
L02980,Manufacturing,51-200,39086403.31,289110.95,Outbound,Contacted,74811.23,0,260,1
L02981,Finance,1-50,1068122.16,432199.25,Event,Closed Lost,63977.52,0,352,0
L02982,Healthcare,201-1000,16417637.75,243284.44,Referral,Qualified,19565.28,1,13,0
L02983,Technology,1000+,31435140.89,43870.96,Referral,Contacted,17902.48,1,79,0
L02984,Technology,1000+,13831991.57,282466.98,Outbound,Contacted,87162.43,0,159,1
L02985,Retail,1-50,45488376.08,169376.58,Paid Ads,Proposal,42549.8,0,177,0
L02986,Finance,51-200,31731084.15,81696.18,Referral,New,65803.07,0,154,0
L02987,Finance,51-200,3688145.19,425272.08,Outbound,Proposal,50903.03,0,34,0
L02988,Technology,1000+,45459378.88,263191.76,Organic Search,Closed Lost,73008.0,0,258,0
L02989,Manufacturing,51-200,47892556.24,466971.82,Outbound,Closed Won,48445.0,1,259,1
L02990,Healthcare,1-50,3977849.68,403978.17,Event,New,29450.61,1,134,0
L02991,Manufacturing,1000+,26664775.72,348021.04,Event,Closed Lost,36974.95,0,130,0
L02992,Manufacturing,201-1000,15237877.68,7487.62,Paid Ads,Proposal,86048.69,1,80,0
L02993,Technology,201-1000,19702669.92,216772.61,Paid Ads,New,47335.43,1,58,0
L02994,Technology,51-200,9064595.78,102755.71,Event,New,22131.48,0,73,1
L02995,Technology,1000+,28945797.89,455844.97,Event,New,93525.93,0,238,1
L02996,Retail,1000+,47903169.73,91419.07,Referral,Closed Won,79863.45,0,128,1
L02997,Manufacturing,201-1000,25203322.75,146599.73,Event,New,6510.95,0,314,0
L02998,Finance,1000+,4237437.61,260834.2,Paid Ads,Contacted,99895.35,0,137,1
L02999,Healthcare,1000+,31038066.54,135364.99,Event,Proposal,69797.74,0,102,0
L03000,Retail,1000+,17077127.42,108883.02,Paid Ads,Qualified,16866.39,0,8,0
