lead_id,annual_revenue,budget,deal_value,previous_purchase,days_since_last_contact,industry_Finance,industry_Healthcare,industry_Manufacturing,industry_Retail,industry_Technology,company_size_1-50,company_size_1000+,company_size_201-1000,company_size_51-200,lead_source_Event,lead_source_Organic Search,lead_source_Outbound,lead_source_Paid Ads,lead_source_Referral,opportunity_stage_Contacted,opportunity_stage_New,opportunity_stage_Proposal,opportunity_stage_Qualified,email_opened,email_clicked,call_made,web_visit,pricing_page_visit,demo_requested,total_web_duration,total_interactions,converted
L00001,2191569.31,428682.97,78490.84,0,131,0,0,0,1,0,0,0,1,0,0,0,0,1,0,0,0,0,1,0,2,1,2,0,2,692,7,0
L00002,21017225.51,220165.68,74868.9,0,98,0,0,1,0,0,1,0,0,0,0,0,1,0,0,0,0,0,0,3,2,1,1,1,0,512,8,0
L00003,8493362.42,100455.61,6009.54,0,52,1,0,0,0,0,0,0,1,0,1,0,0,0,0,0,1,0,0,4,2,2,3,2,1,1348,14,0
L00004,43978577.76,99597.28,89358.63,0,228,0,0,1,0,0,1,0,0,0,0,1,0,0,0,0,0,0,1,1,1,1,0,0,2,21,5,1
L00005,27896321.61,385538.27,23476.15,0,127,0,0,1,0,0,1,0,0,0,0,0,1,0,0,1,0,0,0,2,3,1,8,2,3,1505,19,1
L00006,11645893.76,136465.86,55785.85,0,211,0,1,0,0,0,0,0,0,1,0,0,0,1,0,0,0,1,0,0,2,0,0,1,1,265,4,1
L00007,25171121.63,384780.53,64784.53,0,284,1,0,0,0,0,0,0,0,1,0,0,0,0,1,0,0,1,0,4,4,0,1,1,1,263,11,1
L00008,36601169.35,106914.22,17694.19,0,278,1,0,0,0,0,0,0,0,1,0,1,0,0,0,0,1,0,0,1,1,0,0,0,0,0,2,0
L00009,47910088.65,164234.75,97646.89,0,340,1,0,0,0,0,0,1,0,0,0,0,0,1,0,0,0,0,0,0,0,0,0,0,0,0,0,0
L00010,11100255.61,235416.05,49327.44,0,158,0,0,1,0,0,0,1,0,0,0,1,0,0,0,0,1,0,0,2,2,1,1,0,1,498,7,0
L00011,44320470.43,471881.95,6706.63,0,351,0,0,0,1,0,0,0,0,1,0,0,0,1,0,0,0,1,0,7,5,1,2,2,2,681,19,1
L00012,46721775.3,466207.06,93788.94,0,232,1,0,0,0,0,0,1,0,0,1,0,0,0,0,0,0,0,0,2,0,2,0,1,1,422,6,0
L00013,45829385.17,107401.58,59040.52,0,70,0,0,1,0,0,0,0,1,0,0,0,0,0,1,0,0,0,0,0,0,0,0,0,0,0,0,1
L00014,31807176.41,182318.43,70220.13,0,204,0,1,0,0,0,0,0,1,0,1,0,0,0,0,0,0,0,0,2,0,1,2,1,1,482,7,0
L00015,31528050.66,78952.7,52992.4,0,188,0,0,0,1,0,0,1,0,0,0,0,0,1,0,1,0,0,0,6,1,3,3,1,2,1201,16,1
L00016,20220210.6,257442.61,83639.06,1,150,0,1,0,0,0,0,1,0,0,0,0,1,0,0,0,1,0,0,3,4,0,0,3,4,602,14,1
L00017,37644654.33,232988.36,4280.21,0,7,0,0,0,1,0,0,0,1,0,1,0,0,0,0,0,1,0,0,3,2,1,1,2,1,686,10,0
L00018,26611571.52,450876.28,27569.46,0,331,0,0,1,0,0,1,0,0,0,0,0,1,0,0,0,0,0,1,5,4,2,3,1,2,842,17,0
L00019,33904159.75,465352.66,47495.19,0,99,0,0,0,0,1,0,0,1,0,0,0,0,1,0,0,0,1,0,2,0,1,1,1,0,375,5,0
L00020,21480049.4,194865.86,8583.76,0,15,0,0,0,1,0,0,0,1,0,0,0,0,0,1,0,1,0,0,2,7,1,2,2,2,800,16,1
L00021,36601673.56,248410.28,70884.76,0,153,0,1,0,0,0,0,1,0,0,0,0,1,0,0,0,0,1,0,5,5,1,5,2,1,1368,19,1
L00022,41241128.73,448636.94,39972.68,0,156,0,0,1,0,0,0,0,1,0,0,0,0,1,0,1,0,0,0,6,1,0,6,3,0,1541,16,0
L00023,7407169.2,404320.36,27994.13,1,92,0,0,0,1,0,0,1,0,0,0,0,1,0,0,1,0,0,0,2,2,1,3,0,1,569,9,0
L00024,41663192.81,6809.87,1334.51,0,261,0,0,0,0,1,0,1,0,0,1,0,0,0,0,0,0,1,0,4,2,1,5,2,0,1187,14,0
L00025,27060796.94,163429.48,72263.2,0,36,0,0,0,0,1,0,0,0,1,0,0,0,1,0,0,0,0,1,2,1,0,1,0,1,18,5,0
L00026,42248828.86,213778.25,83547.12,1,160,1,0,0,0,0,0,0,1,0,1,0,0,0,0,0,0,0,0,1,1,0,1,0,0,127,3,1
L00027,21621955.15,118709.56,40109.01,0,350,1,0,0,0,0,1,0,0,0,0,1,0,0,0,0,1,0,0,2,1,2,1,1,1,602,8,1
L00028,19014120.22,103787.95,56857.58,0,173,0,1,0,0,0,0,0,0,1,0,0,0,1,0,0,0,1,0,8,5,0,1,4,1,444,19,1
L00029,45761530.55,23703.33,23540.98,1,316,0,0,0,1,0,0,1,0,0,0,0,1,0,0,0,1,0,0,2,3,0,0,1,1,101,7,0
L00030,12633346.45,323468.01,62597.57,0,17,0,0,0,1,0,0,1,0,0,0,1,0,0,0,0,1,0,0,4,3,3,0,0,1,377,11,0
L00031,42226195.03,134942.59,2201.61,0,350,1,0,0,0,0,1,0,0,0,1,0,0,0,0,0,0,1,0,3,0,0,3,0,1,596,7,0
L00032,24252626.57,30911.85,49375.75,1,15,0,0,0,1,0,0,1,0,0,1,0,0,0,0,0,0,0,0,3,0,0,1,0,0,230,4,1
L00033,25753362.58,119334.76,64776.34,0,359,0,0,0,1,0,0,0,1,0,0,0,1,0,0,1,0,0,0,2,3,0,3,0,0,652,8,0
L00034,15492567.25,401947.41,91900.99,1,269,0,0,0,0,1,0,0,0,1,0,1,0,0,0,1,0,0,0,4,2,2,0,0,0,353,8,0
L00035,28694805.81,426487.14,38752.25,0,358,1,0,0,0,0,0,1,0,0,0,0,0,0,1,0,0,0,1,9,2,1,2,1,4,557,19,1
L00036,16328038.69,244117.79,76753.83,0,67,0,0,1,0,0,0,1,0,0,0,0,1,0,0,1,0,0,0,7,1,2,2,1,4,843,17,1
L00037,2059543.77,210954.98,60171.02,0,29,1,0,0,0,0,1,0,0,0,1,0,0,0,0,0,0,0,0,4,0,1,1,0,0,237,6,1
L00038,13672730.41,489037.58,92774.2,0,315,0,0,1,0,0,0,0,1,0,0,0,0,1,0,0,0,1,0,0,1,0,3,2,1,679,7,1
L00039,418314.27,104279.51,40439.39,0,308,0,0,0,0,1,0,1,0,0,0,1,0,0,0,0,1,0,0,0,0,0,2,0,0,219,2,0
L00040,48919903.87,111602.85,32590.44,0,224,0,1,0,0,0,1,0,0,0,0,0,0,0,1,0,0,0,1,5,1,0,1,2,0,419,9,0
L00041,48290785.77,149474.25,88827.06,0,163,0,0,0,1,0,0,1,0,0,0,0,0,1,0,0,0,1,0,3,9,1,1,0,5,289,19,1
L00042,19818249.34,90514.87,5875.2,0,319,0,0,0,0,1,1,0,0,0,0,1,0,0,0,1,0,0,0,4,1,1,1,1,1,623,9,1
L00043,36445705.63,192785.97,14502.15,0,13,0,0,0,1,0,1,0,0,0,0,0,1,0,0,0,0,1,0,1,5,0,2,0,1,239,9,0
L00044,17355724.31,455862.94,9158.04,0,278,0,1,0,0,0,0,0,1,0,0,0,1,0,0,0,1,0,0,2,0,2,0,1,0,442,5,0
L00045,33587548.54,309597.18,84467.89,0,155,0,1,0,0,0,0,1,0,0,0,1,0,0,0,0,0,1,0,3,2,1,7,1,2,1199,16,1
L00046,40290959.15,208913.54,2050.13,0,121,0,0,0,0,1,0,0,1,0,0,0,0,0,1,0,1,0,0,2,1,0,3,1,0,492,7,0
L00047,47343136.61,467533.34,86304.06,1,262,0,1,0,0,0,1,0,0,0,0,1,0,0,0,0,0,0,0,2,1,0,2,1,0,498,6,1
L00048,20070592.56,28989.8,45675.51,0,169,0,0,1,0,0,0,0,0,1,0,0,0,1,0,1,0,0,0,0,1,0,1,0,0,282,2,0
L00049,39186569.35,109086.71,1398.5,0,9,0,1,0,0,0,0,1,0,0,0,0,0,1,0,1,0,0,0,2,0,1,0,1,1,243,5,1
L00050,13369829.69,285114.86,40762.87,1,171,0,0,0,1,0,0,0,0,1,0,0,1,0,0,0,0,0,0,4,1,1,1,1,1,399,9,1
L00051,49517581.96,309698.55,19493.28,0,357,0,0,0,1,0,0,1,0,0,0,1,0,0,0,0,1,0,0,11,4,0,2,0,1,373,18,0
L00052,1385902.98,24580.97,62815.65,0,12,0,0,0,1,0,0,0,1,0,0,0,1,0,0,1,0,0,0,2,4,5,2,3,1,1058,17,0
L00053,30216087.44,204504.19,68256.52,0,212,0,0,0,1,0,0,0,1,0,0,0,0,0,1,1,0,0,0,4,0,0,1,1,1,429,7,0
L00054,33009348.48,326331.21,49265.23,1,160,0,0,1,0,0,0,0,1,0,0,0,0,1,0,1,0,0,0,2,1,0,2,3,4,507,12,1
L00055,34433473.3,350544.92,5011.43,0,231,1,0,0,0,0,0,0,1,0,1,0,0,0,0,0,0,0,0,0,3,0,1,1,1,416,6,0
L00056,6107340.18,320879.25,65956.75,1,159,0,0,0,0,1,0,0,1,0,1,0,0,0,0,0,0,1,0,4,1,0,0,0,1,0,6,0
L00057,46932636.2,163678.8,84361.84,1,126,0,0,0,1,0,0,0,0,1,0,1,0,0,0,0,1,0,0,4,7,3,1,3,1,1282,19,1
L00058,9141045.62,51292.46,72312.1,0,47,0,1,0,0,0,0,0,1,0,0,1,0,0,0,0,0,1,0,1,1,2,2,1,0,711,7,0
L00059,31175394.82,216420.66,83165.83,0,260,0,0,0,1,0,1,0,0,0,1,0,0,0,0,0,0,0,1,4,4,3,1,0,1,837,13,0
L00060,11211536.35,68733.45,20850.44,0,60,0,1,0,0,0,1,0,0,0,0,1,0,0,0,0,0,0,0,6,3,1,4,2,1,1086,17,0
L00061,15430099.21,474073.71,88999.91,0,121,0,1,0,0,0,0,0,0,1,0,0,0,1,0,1,0,0,0,4,2,2,5,2,2,1535,17,1
L00062,27368281.23,240209.58,32897.15,0,89,0,0,0,1,0,0,1,0,0,0,0,0,0,1,0,0,0,1,2,5,1,3,1,2,720,14,1
L00063,20917951.59,162043.29,2327.08,1,358,0,0,1,0,0,1,0,0,0,0,0,0,0,1,0,0,0,1,4,4,2,4,3,2,1185,19,1
L00064,8095257.49,384320.52,84495.77,0,254,0,1,0,0,0,0,1,0,0,0,0,1,0,0,0,0,0,1,2,0,0,0,1,0,204,3,0
L00065,8629726.48,251484.55,94240.31,0,89,0,1,0,0,0,0,0,0,1,0,0,0,1,0,0,0,0,1,3,2,1,2,0,1,157,9,1
L00066,20965424.93,158466.84,65900.26,0,2,0,0,0,1,0,0,1,0,0,0,1,0,0,0,1,0,0,0,2,4,1,1,1,0,644,9,1
L00067,37888420.62,406924.03,23912.23,0,279,0,1,0,0,0,0,1,0,0,0,1,0,0,0,0,0,1,0,1,0,1,2,0,0,600,4,0
L00068,44908435.88,434240.31,25922.7,0,116,0,1,0,0,0,0,1,0,0,0,0,1,0,0,0,0,0,1,2,1,2,1,2,1,567,9,1
L00069,4297970.35,338139.04,47192.69,0,97,0,0,0,1,0,0,1,0,0,0,0,1,0,0,0,0,0,0,4,1,1,0,1,1,492,8,0
L00070,19715884.99,28247.39,89885.28,0,161,0,0,0,1,0,0,0,0,1,0,1,0,0,0,1,0,0,0,6,1,0,3,1,0,513,11,0
L00071,5102253.63,285329.83,15810.17,0,339,0,0,0,0,1,1,0,0,0,0,1,0,0,0,0,0,1,0,3,2,2,0,2,0,348,9,0
L00072,927964.78,382830.98,82771.39,1,297,0,0,1,0,0,0,0,1,0,0,0,0,1,0,0,0,0,0,1,1,1,1,1,0,519,5,0
L00073,33119762.26,72568.99,29838.98,0,296,0,0,1,0,0,0,1,0,0,0,0,1,0,0,0,0,1,0,1,0,0,0,0,0,0,1,1
L00074,30162227.15,118192.02,81050.03,0,81,0,1,0,0,0,1,0,0,0,0,0,0,1,0,0,0,0,0,3,3,1,3,2,1,977,13,1
L00075,8234653.78,441835.08,92106.85,0,357,0,0,1,0,0,1,0,0,0,0,1,0,0,0,0,0,0,0,5,4,2,2,2,0,895,15,1
L00076,11767260.37,14960.25,43321.89,0,147,0,1,0,0,0,0,0,0,1,1,0,0,0,0,1,0,0,0,3,3,1,4,0,0,670,11,0
L00077,1283016.91,377599.93,37140.01,0,5,0,0,0,0,1,1,0,0,0,1,0,0,0,0,0,0,1,0,3,3,1,0,2,0,506,9,0
L00078,41763865.56,239517.78,80419.91,0,184,0,0,0,1,0,0,0,0,1,0,1,0,0,0,0,1,0,0,0,1,0,2,0,0,393,3,0
L00079,48737060.74,226152.22,53418.81,1,251,0,0,0,1,0,0,1,0,0,0,0,1,0,0,0,0,0,1,4,0,0,1,0,1,13,6,1
L00080,6859430.89,8512.78,68760.46,0,24,0,0,0,1,0,0,1,0,0,1,0,0,0,0,1,0,0,0,8,5,1,2,1,2,416,19,1
L00081,11650613.17,410602.12,62660.09,0,40,0,0,1,0,0,0,0,1,0,0,0,1,0,0,0,0,1,0,3,4,2,3,4,3,1657,19,1
L00082,43433635.24,183113.33,16136.0,0,168,0,0,0,0,1,0,0,1,0,1,0,0,0,0,0,0,0,1,4,6,0,3,2,3,796,18,1
L00083,46330543.52,272678.99,84634.25,1,2,0,0,1,0,0,0,0,1,0,0,0,1,0,0,0,0,0,1,2,2,2,2,1,0,946,9,1
L00084,21039406.4,340263.84,20381.74,0,363,0,0,1,0,0,1,0,0,0,1,0,0,0,0,1,0,0,0,5,4,3,4,1,1,1126,18,0
L00085,2626061.37,352801.64,93295.93,0,170,0,0,0,0,1,0,1,0,0,0,0,1,0,0,0,0,0,0,1,1,0,1,0,0,247,3,0
L00086,2065652.5,478210.13,25806.56,0,56,0,0,0,0,1,0,0,0,1,0,0,0,1,0,0,1,0,0,4,5,0,5,1,4,707,19,1
L00087,28740098.32,268013.28,73654.22,1,82,0,0,0,0,1,0,0,1,0,0,0,1,0,0,0,1,0,0,2,2,0,1,0,3,258,8,1
L00088,19705465.93,202861.18,29180.88,1,329,0,0,0,0,1,0,0,0,1,0,0,0,1,0,1,0,0,0,1,0,0,0,0,0,0,1,0
L00089,1529756.14,477083.3,32460.76,0,178,0,0,0,1,0,0,0,0,1,0,0,0,1,0,0,0,0,0,6,5,1,2,2,1,527,17,0
L00090,29204294.38,322844.57,31690.18,0,132,1,0,0,0,0,0,0,1,0,0,1,0,0,0,0,0,0,0,3,1,1,3,2,1,742,11,0
L00091,663996.58,152584.43,75041.33,0,85,1,0,0,0,0,0,1,0,0,0,0,0,1,0,0,0,1,0,1,1,1,0,0,2,202,5,0
L00092,39389860.71,67599.8,56124.7,1,352,0,0,0,0,1,0,0,1,0,0,0,0,0,1,0,0,0,0,2,2,1,3,2,0,721,10,1
L00093,15390997.85,422064.48,88412.29,1,270,1,0,0,0,0,0,0,0,1,0,0,0,1,0,1,0,0,0,1,1,1,1,2,0,669,6,0
L00094,2108874.35,184279.89,31429.9,1,343,1,0,0,0,0,0,0,1,0,0,0,1,0,0,0,0,0,0,5,5,1,2,1,3,620,17,0
L00095,29458775.83,331932.51,69507.26,1,93,0,0,0,0,1,0,0,0,1,0,0,0,1,0,0,1,0,0,3,4,3,1,1,2,718,14,1
L00096,19944452.28,238054.13,75541.91,1,355,1,0,0,0,0,0,0,0,1,0,0,1,0,0,0,1,0,0,1,2,0,0,1,0,263,4,0
L00097,48692640.63,103470.24,15996.73,0,249,0,0,1,0,0,0,0,1,0,0,0,1,0,0,0,1,0,0,2,3,0,3,0,2,429,10,0
L00098,27255513.26,302834.87,40658.35,1,294,0,1,0,0,0,1,0,0,0,0,0,0,0,1,0,0,0,1,7,7,1,2,0,1,244,18,0
L00099,13834435.13,35038.12,48798.93,0,197,0,1,0,0,0,0,0,1,0,0,0,0,1,0,0,0,1,0,4,4,0,2,0,2,277,12,1
L00100,35500999.35,209604.52,36213.05,1,78,0,0,0,0,1,1,0,0,0,0,0,0,1,0,1,0,0,0,2,0,0,4,1,0,380,7,0
L00101,13647450.93,275574.4,32889.15,0,165,0,0,0,1,0,0,0,0,1,1,0,0,0,0,0,0,0,0,2,6,1,4,3,1,1820,17,0
L00102,45221740.24,220843.25,68955.57,0,38,0,0,0,0,1,0,0,0,1,1,0,0,0,0,0,0,0,1,0,0,0,0,0,1,0,1,0
L00103,18798626.33,375592.73,22370.77,0,307,0,0,0,1,0,1,0,0,0,0,1,0,0,0,0,1,0,0,1,1,0,2,0,0,541,4,0
L00104,27538441.28,414822.85,71229.68,0,213,0,1,0,0,0,0,0,0,1,0,0,1,0,0,0,0,0,1,0,0,0,0,0,0,0,0,0
L00105,2623597.88,386765.32,93569.38,0,130,0,0,0,0,1,1,0,0,0,0,0,0,0,1,0,0,1,0,0,0,0,0,0,0,0,0,0
L00106,21363449.77,24212.41,56954.55,0,156,0,0,1,0,0,1,0,0,0,1,0,0,0,0,0,0,0,0,6,2,3,2,0,1,639,14,1
L00107,41634940.63,101093.74,61531.99,0,158,1,0,0,0,0,0,0,0,1,0,0,0,1,0,0,0,0,1,3,7,0,2,2,3,427,17,1
L00108,40301875.39,270620.72,7824.34,0,321,0,0,0,1,0,0,1,0,0,0,1,0,0,0,0,0,0,1,0,0,0,1,1,0,429,2,0
L00109,11293496.09,467736.91,86583.21,0,226,1,0,0,0,0,1,0,0,0,0,0,0,0,1,1,0,0,0,0,1,2,4,1,1,632,9,1
L00110,11381345.64,418303.6,29259.33,0,44,1,0,0,0,0,0,0,1,0,0,0,0,1,0,0,0,1,0,2,3,0,0,1,1,210,7,0
L00111,40883535.08,422054.58,61890.07,1,200,0,0,0,0,1,0,0,1,0,0,0,0,1,0,0,0,0,0,6,3,1,5,1,1,1100,17,0
L00112,46526881.17,155088.06,97932.1,0,21,1,0,0,0,0,0,0,0,1,0,0,1,0,0,0,1,0,0,7,2,2,3,1,0,1167,15,0
L00113,4858509.97,217576.71,59954.76,0,338,0,0,1,0,0,0,1,0,0,0,0,1,0,0,0,0,0,0,5,2,0,4,3,0,1219,14,1
L00114,22557926.11,237999.44,72746.24,0,241,1,0,0,0,0,0,0,0,1,1,0,0,0,0,0,0,0,1,0,3,0,2,1,0,176,6,0
L00115,16938968.52,82898.93,45086.64,0,228,0,0,0,0,1,0,1,0,0,1,0,0,0,0,1,0,0,0,0,2,1,2,1,2,825,8,0
L00116,43547353.93,20378.72,6976.22,0,237,0,0,1,0,0,1,0,0,0,0,0,0,1,0,0,0,0,0,6,6,0,3,1,3,343,19,0
L00117,4267893.24,473716.94,79962.34,0,148,0,1,0,0,0,1,0,0,0,0,0,0,1,0,0,0,0,1,4,6,0,3,1,4,760,18,1
L00118,10635184.53,124152.73,4464.89,0,272,1,0,0,0,0,1,0,0,0,1,0,0,0,0,1,0,0,0,1,4,0,3,1,2,573,11,0
L00119,37648170.05,123774.71,70365.13,0,66,0,0,0,0,1,1,0,0,0,1,0,0,0,0,0,1,0,0,4,4,0,2,2,3,561,15,1
L00120,2659563.06,46272.63,3269.24,0,6,0,1,0,0,0,0,0,1,0,0,0,0,1,0,1,0,0,0,5,3,1,2,1,3,479,15,1
L00121,24677515.5,464611.34,86368.22,0,232,0,1,0,0,0,0,0,1,0,0,0,0,0,1,0,0,0,0,7,3,1,3,4,1,1276,19,1
L00122,22161141.03,291969.87,16605.97,0,356,0,0,0,1,0,0,0,0,1,0,0,0,1,0,0,0,1,0,6,5,2,0,2,2,574,17,1
L00123,16786618.83,335183.24,51912.88,1,291,0,0,1,0,0,0,1,0,0,0,0,0,0,1,0,0,0,0,3,4,2,4,2,4,1226,19,0
L00124,19789158.53,456230.56,60117.92,0,255,1,0,0,0,0,1,0,0,0,0,0,0,0,1,1,0,0,0,0,0,0,0,0,0,0,0,0
L00125,26544035.29,176081.98,46297.0,0,66,0,0,0,0,1,1,0,0,0,0,0,0,1,0,0,1,0,0,1,3,2,0,0,0,76,6,0
L00126,8152231.18,312646.12,34735.59,0,249,0,0,0,1,0,0,1,0,0,0,1,0,0,0,0,1,0,0,3,1,1,3,0,1,588,9,0
L00127,28642594.33,24205.73,47313.62,0,76,0,0,1,0,0,0,1,0,0,1,0,0,0,0,0,0,0,1,0,0,0,0,0,0,0,0,0
L00128,40291073.23,97452.4,31830.16,0,86,0,0,0,1,0,0,0,0,1,0,0,1,0,0,0,0,0,0,6,0,5,1,2,0,901,14,0
L00129,38032030.4,416466.67,44374.11,0,251,0,0,1,0,0,0,1,0,0,0,0,0,1,0,0,0,1,0,4,0,0,1,0,0,92,5,0
L00130,7779605.24,384550.34,36532.39,0,221,0,0,1,0,0,1,0,0,0,0,0,0,0,1,1,0,0,0,1,2,0,0,0,1,0,4,0
L00131,7547548.54,178568.13,57054.28,0,71,1,0,0,0,0,1,0,0,0,0,0,0,1,0,0,0,0,0,4,0,2,5,2,0,1601,13,1
L00132,13481900.95,191521.26,24554.49,0,201,0,0,1,0,0,1,0,0,0,1,0,0,0,0,0,0,1,0,4,1,0,1,0,0,157,6,0
L00133,18117628.84,269109.44,98877.0,0,58,0,0,0,1,0,1,0,0,0,0,0,0,0,1,0,1,0,0,1,3,1,6,3,0,1645,14,0
L00134,20481933.51,5119.3,50586.13,0,275,0,0,1,0,0,1,0,0,0,0,0,1,0,0,0,0,0,0,6,3,2,3,0,0,827,14,1
L00135,34016891.12,124415.95,20222.05,1,220,1,0,0,0,0,0,0,0,1,0,0,1,0,0,1,0,0,0,8,2,1,6,0,1,953,18,0
L00136,2928353.57,108074.75,48229.61,0,156,1,0,0,0,0,1,0,0,0,0,0,1,0,0,0,1,0,0,0,1,1,1,1,0,400,4,0
L00137,1830167.94,128989.06,86775.1,0,180,0,0,0,1,0,0,0,0,1,0,1,0,0,0,1,0,0,0,3,0,0,0,1,0,278,4,0
L00138,19656337.09,403923.39,3158.87,0,212,0,1,0,0,0,1,0,0,0,0,0,0,0,1,0,0,0,1,3,3,1,0,1,0,319,8,0
L00139,34888468.24,143438.56,68275.86,0,128,0,1,0,0,0,0,0,1,0,0,0,0,0,1,0,0,0,1,2,1,1,4,2,0,1387,10,0
L00140,9752423.61,99803.05,55248.81,0,242,0,0,1,0,0,0,0,1,0,0,1,0,0,0,1,0,0,0,1,0,0,1,1,0,178,3,0
L00141,32111073.61,254610.41,17786.24,0,171,0,0,0,0,1,0,0,1,0,0,0,0,0,1,0,1,0,0,4,3,3,3,2,0,922,15,1
L00142,13065424.08,433494.29,81930.17,1,364,0,0,1,0,0,0,0,1,0,0,1,0,0,0,0,0,1,0,8,2,2,3,1,0,940,16,0
L00143,44315696.83,124468.1,37519.58,0,269,0,0,0,1,0,0,0,0,1,0,0,0,1,0,0,0,0,0,3,5,2,5,0,2,1113,17,0
L00144,44794928.22,43875.44,30086.4,0,162,0,0,0,1,0,0,0,0,1,1,0,0,0,0,0,0,1,0,2,2,2,0,3,0,849,9,0
L00145,14934631.49,181420.34,82984.39,0,23,0,0,0,1,0,0,1,0,0,0,0,1,0,0,1,0,0,0,3,0,1,2,1,0,307,7,0
L00146,11576688.32,375087.65,64213.98,1,192,0,0,0,1,0,1,0,0,0,0,1,0,0,0,1,0,0,0,4,1,3,4,1,3,1157,16,1
L00147,20624068.21,277591.82,89927.65,0,293,0,0,0,1,0,0,0,1,0,0,1,0,0,0,1,0,0,0,3,6,0,2,2,2,519,15,1
L00148,12102526.1,409312.72,63358.49,0,128,1,0,0,0,0,0,0,0,1,0,1,0,0,0,0,1,0,0,0,0,0,1,0,1,61,2,0
L00149,33651953.78,479998.11,74340.95,0,40,0,1,0,0,0,1,0,0,0,0,0,0,1,0,0,0,0,1,5,1,0,4,0,0,807,10,0
L00150,41320627.76,397367.93,83808.14,0,30,0,0,0,1,0,1,0,0,0,0,1,0,0,0,0,0,1,0,2,0,0,3,3,2,758,10,1
L00151,33687297.33,303882.52,6419.22,0,35,0,0,0,0,1,0,0,0,1,1,0,0,0,0,0,0,1,0,4,0,0,2,0,1,285,7,1
L00152,41235087.32,249204.09,77828.85,1,360,0,0,0,0,1,0,0,1,0,1,0,0,0,0,0,0,1,0,4,6,1,3,2,1,1114,17,1
L00153,19909908.89,24834.2,61756.94,0,252,0,0,0,0,1,0,1,0,0,0,0,1,0,0,1,0,0,0,0,2,1,5,0,0,675,8,0
L00154,7900216.84,492239.38,7881.27,0,364,0,0,0,0,1,1,0,0,0,0,0,0,1,0,1,0,0,0,3,3,1,3,1,0,772,11,0
L00155,36923752.28,194823.16,51349.21,1,214,1,0,0,0,0,0,1,0,0,1,0,0,0,0,0,0,1,0,1,1,1,2,0,2,576,7,1
L00156,18087677.81,80352.97,9163.35,0,286,0,0,0,0,1,0,0,1,0,0,0,0,0,1,1,0,0,0,4,2,3,6,2,0,1801,17,0
L00157,33596414.18,335020.88,73858.77,0,255,0,0,0,1,0,0,0,1,0,0,0,0,0,1,1,0,0,0,3,4,3,6,1,1,1551,18,1
L00158,13605132.7,145722.7,55103.67,0,185,0,0,1,0,0,0,1,0,0,0,0,0,0,1,1,0,0,0,7,3,2,1,2,4,938,19,1
L00159,4153358.78,294960.24,95403.78,0,60,0,0,0,0,1,0,0,1,0,0,1,0,0,0,1,0,0,0,3,2,0,2,0,0,345,7,0
L00160,49629831.59,295450.11,19130.4,0,261,1,0,0,0,0,1,0,0,0,0,1,0,0,0,0,1,0,0,1,0,0,2,1,0,511,4,0
L00161,7894455.25,225636.26,60997.31,0,275,1,0,0,0,0,0,1,0,0,0,0,0,0,1,0,0,0,0,4,4,1,6,1,0,1304,16,1
L00162,49422207.6,418878.71,21946.63,1,110,0,0,0,0,1,0,0,1,0,0,0,1,0,0,0,0,0,0,0,0,1,0,1,0,504,2,1
L00163,48866268.64,136158.7,61792.43,1,316,0,0,1,0,0,0,1,0,0,0,0,1,0,0,1,0,0,0,7,3,2,3,2,1,1198,18,1
L00164,39711523.39,227073.13,72542.32,0,140,0,0,0,0,1,1,0,0,0,0,1,0,0,0,0,1,0,0,4,2,1,4,2,2,684,15,1
L00165,33005205.81,271157.6,72508.13,0,232,1,0,0,0,0,0,0,1,0,0,0,0,0,1,0,0,1,0,5,5,2,3,0,2,811,17,0
L00166,28932571.81,333494.24,81692.33,0,22,0,1,0,0,0,1,0,0,0,0,0,1,0,0,1,0,0,0,0,0,0,1,0,1,121,2,1
L00167,43318467.11,393066.07,85501.47,0,78,0,0,0,1,0,0,0,1,0,0,1,0,0,0,1,0,0,0,3,1,1,3,0,1,409,9,1
L00168,14543032.13,200429.61,8649.9,0,30,1,0,0,0,0,0,0,0,1,0,0,0,0,1,0,1,0,0,2,3,1,3,4,1,1474,14,1
L00169,23437292.5,324793.24,34983.45,0,3,0,0,0,0,1,0,0,1,0,0,0,0,1,0,1,0,0,0,2,1,2,2,1,1,1037,9,1
L00170,31007559.47,79552.42,69025.13,0,117,0,0,0,1,0,0,1,0,0,0,0,0,0,1,0,0,1,0,5,5,3,2,2,2,1008,19,0
L00171,20618404.75,466660.81,50360.04,1,65,0,0,0,0,1,0,0,1,0,0,0,0,0,1,0,0,0,0,4,0,0,3,2,1,716,10,1
L00172,21431574.06,194614.11,19876.92,0,286,0,0,0,0,1,1,0,0,0,1,0,0,0,0,1,0,0,0,0,3,1,2,0,1,641,7,0
L00173,16581204.91,366113.1,55718.25,0,175,0,1,0,0,0,1,0,0,0,1,0,0,0,0,1,0,0,0,6,4,0,3,1,1,708,15,0
L00174,28255167.65,15068.84,41336.13,0,122,0,0,0,1,0,0,0,1,0,0,0,0,1,0,0,1,0,0,3,3,2,1,3,1,391,13,1
L00175,42543668.95,106567.64,39613.79,0,230,0,0,0,1,0,0,1,0,0,0,0,0,1,0,0,1,0,0,1,1,1,2,0,1,484,6,1
L00176,10156266.06,246105.86,81165.62,1,42,0,1,0,0,0,0,0,0,1,0,0,0,0,1,0,0,0,0,3,5,2,3,1,0,1034,14,0
L00177,46728208.63,439734.97,41352.24,1,3,1,0,0,0,0,0,1,0,0,0,0,1,0,0,0,0,1,0,2,2,0,1,0,1,20,6,0
L00178,34485473.92,265991.3,3619.0,0,189,0,0,0,0,1,0,0,0,1,0,0,0,1,0,0,0,0,1,3,3,1,3,1,0,331,11,0
L00179,41181333.31,465285.89,6748.27,0,303,0,0,1,0,0,1,0,0,0,0,0,0,0,1,0,0,1,0,3,3,2,3,1,3,1326,15,1
L00180,27853915.56,244479.46,85768.16,0,249,0,0,0,0,1,0,1,0,0,0,1,0,0,0,0,0,0,0,1,0,0,3,1,0,686,5,1
L00181,38997883.4,247772.3,96099.48,0,143,0,0,0,0,1,0,0,0,1,1,0,0,0,0,0,0,0,0,1,1,2,2,0,1,622,7,1
L00182,908399.83,64274.66,69152.52,0,344,1,0,0,0,0,0,0,1,0,0,0,1,0,0,0,1,0,0,1,0,0,0,0,0,0,1,0
L00183,40937183.2,402314.84,37072.46,0,332,0,0,0,0,1,1,0,0,0,0,0,0,0,1,0,1,0,0,1,3,2,0,1,0,741,7,0
L00184,2102929.07,127247.88,93921.43,0,157,0,1,0,0,0,0,0,1,0,0,1,0,0,0,0,0,1,0,0,0,0,0,0,0,0,0,0
L00185,44506677.48,450308.18,66617.51,0,64,0,1,0,0,0,1,0,0,0,1,0,0,0,0,1,0,0,0,0,0,1,1,0,0,354,2,0
L00186,49598941.09,455857.99,84589.02,0,324,0,0,0,1,0,0,1,0,0,0,1,0,0,0,0,0,0,0,1,2,0,0,1,0,241,4,0
L00187,14773966.36,471938.51,76819.38,0,269,0,0,1,0,0,0,1,0,0,0,0,0,0,1,0,0,1,0,5,3,0,1,1,2,340,12,0
L00188,10594895.96,262514.09,38534.79,0,74,0,0,0,0,1,1,0,0,0,0,0,0,1,0,0,0,0,0,4,2,0,7,1,0,1003,14,0
L00189,38291631.86,340161.42,48391.52,0,28,0,0,0,0,1,1,0,0,0,1,0,0,0,0,1,0,0,0,2,1,0,4,0,0,515,7,0
L00190,12726014.41,390365.36,19427.08,0,334,1,0,0,0,0,1,0,0,0,0,1,0,0,0,0,0,0,0,0,1,0,1,1,0,211,3,1
L00191,43291562.92,69852.24,29909.4,0,237,0,1,0,0,0,0,1,0,0,0,0,0,1,0,1,0,0,0,4,4,2,5,0,1,1066,16,0
L00192,5231845.35,302473.81,78034.44,0,152,0,0,1,0,0,0,0,0,1,0,0,1,0,0,0,0,0,0,7,0,2,2,0,4,671,15,0
L00193,6385164.3,21977.46,89503.86,1,93,0,0,0,1,0,0,0,1,0,0,0,0,0,1,0,1,0,0,3,1,0,6,0,2,1087,12,1
L00194,48959662.6,251295.21,72721.58,1,236,0,1,0,0,0,0,0,1,0,0,0,0,0,1,0,0,0,1,2,5,0,3,0,0,683,10,0
L00195,33724561.02,81647.13,47052.2,1,321,0,0,0,1,0,0,1,0,0,1,0,0,0,0,0,0,1,0,3,2,1,1,0,2,454,9,1
L00196,42359672.5,95546.85,9564.42,0,114,1,0,0,0,0,0,0,1,0,0,1,0,0,0,0,0,0,1,2,2,1,0,1,0,103,6,0
L00197,16284035.93,185698.55,6637.85,0,295,1,0,0,0,0,1,0,0,0,0,0,1,0,0,0,0,0,1,0,0,0,0,0,0,0,0,1
L00198,33856539.1,219056.4,38058.23,0,218,0,0,0,0,1,0,0,0,1,1,0,0,0,0,0,0,0,0,5,0,0,1,0,1,27,7,0
L00199,29752667.18,313470.35,46918.35,0,245,0,0,1,0,0,0,0,1,0,1,0,0,0,0,0,0,0,1,6,2,0,3,0,0,103,11,0
L00200,30197190.99,41842.07,61302.94,0,31,0,0,0,1,0,0,0,0,1,0,1,0,0,0,0,0,1,0,2,1,0,0,0,0,0,3,0
L00201,34158369.73,254327.42,1642.46,0,19,0,1,0,0,0,1,0,0,0,0,0,1,0,0,0,1,0,0,3,1,0,3,3,1,931,11,0
L00202,28810422.74,95399.44,98982.57,0,52,1,0,0,0,0,0,0,1,0,0,1,0,0,0,0,0,0,0,1,0,0,1,1,1,323,4,1
L00203,21510212.23,289117.71,37029.95,0,205,0,0,0,0,1,0,1,0,0,0,0,0,0,1,0,0,1,0,1,1,0,0,0,0,0,2,0
L00204,13868542.45,320515.28,84961.37,1,218,0,0,0,0,1,0,0,0,1,0,0,0,1,0,0,0,0,1,0,1,0,1,0,0,38,2,0
L00205,38452208.41,280571.08,53961.7,0,194,0,0,0,1,0,1,0,0,0,0,0,0,0,1,0,1,0,0,0,0,1,0,0,0,85,1,0
L00206,11390994.26,370456.28,13913.51,1,304,1,0,0,0,0,0,0,0,1,0,0,0,0,1,0,0,0,1,6,3,2,4,2,1,1107,18,1
L00207,34648479.88,171126.58,79958.99,0,194,0,0,1,0,0,0,0,1,0,1,0,0,0,0,0,1,0,0,3,1,3,2,0,2,742,11,1
L00208,11743307.85,383727.76,71272.88,0,344,1,0,0,0,0,0,0,1,0,0,0,0,0,1,0,1,0,0,0,0,0,0,0,0,0,0,0
L00209,31303975.48,219219.71,53216.17,0,81,0,0,0,1,0,0,1,0,0,0,0,1,0,0,0,0,1,0,1,0,0,0,3,0,450,4,1
L00210,37379205.53,244671.33,51940.76,0,0,0,0,0,1,0,1,0,0,0,0,0,0,0,1,0,1,0,0,2,0,0,1,1,1,346,5,1
L00211,11013823.06,325810.55,9660.48,0,166,1,0,0,0,0,1,0,0,0,0,0,1,0,0,0,1,0,0,4,2,1,4,0,1,983,12,0
L00212,3091170.71,14087.4,65929.05,0,316,0,0,0,1,0,0,1,0,0,0,1,0,0,0,0,0,1,0,4,1,1,2,0,2,392,10,0
L00213,6635589.78,328727.14,91213.27,0,182,1,0,0,0,0,0,1,0,0,1,0,0,0,0,0,1,0,0,0,0,0,0,0,0,0,0,0
L00214,30339248.67,311199.65,10231.25,0,349,0,1,0,0,0,1,0,0,0,0,0,1,0,0,1,0,0,0,6,4,0,1,0,2,165,13,1
L00215,42487375.67,158374.32,27087.63,0,272,1,0,0,0,0,0,0,0,1,0,0,0,0,1,0,1,0,0,0,1,0,0,0,0,0,1,0
L00216,2345341.38,47468.17,90328.49,0,156,1,0,0,0,0,0,0,0,1,1,0,0,0,0,0,0,0,1,4,3,3,0,1,2,511,13,1
L00217,36734147.83,50013.05,29150.05,0,361,0,0,0,1,0,0,1,0,0,1,0,0,0,0,0,0,1,0,3,1,1,1,0,1,127,7,0
L00218,17131800.43,461995.75,65740.42,1,200,0,0,0,1,0,0,0,0,1,0,0,1,0,0,0,0,1,0,3,2,2,4,1,0,1245,12,0
L00219,23978565.66,346193.26,53947.0,0,191,0,0,0,0,1,1,0,0,0,0,0,1,0,0,1,0,0,0,1,0,0,0,1,1,275,3,1
L00220,46450091.54,67915.79,60036.43,0,340,0,0,0,0,1,0,0,1,0,0,0,0,1,0,0,1,0,0,1,1,1,3,2,2,863,10,1
L00221,16665378.09,181577.97,42163.1,0,298,0,1,0,0,0,0,0,1,0,0,0,0,1,0,0,1,0,0,2,3,0,3,2,3,615,13,1
L00222,23320313.0,298279.08,30699.16,1,75,0,0,0,0,1,0,0,0,1,1,0,0,0,0,0,0,0,1,1,2,0,3,4,1,840,11,1
L00223,782752.5,418607.99,5804.81,0,139,1,0,0,0,0,0,1,0,0,0,0,0,1,0,0,0,0,0,4,0,0,1,0,0,69,5,0
L00224,4171776.13,26612.16,74683.81,0,305,0,0,0,1,0,0,1,0,0,0,0,0,0,1,1,0,0,0,3,0,5,4,2,0,1487,14,1
L00225,13003720.4,122133.4,74863.25,0,195,0,0,0,0,1,0,1,0,0,0,1,0,0,0,1,0,0,0,3,1,1,4,1,0,1070,10,0
L00226,1489826.82,445425.75,67401.85,0,60,0,0,0,0,1,0,1,0,0,1,0,0,0,0,0,1,0,0,3,3,3,2,1,1,745,13,0
L00227,31605628.77,9536.95,64719.75,0,359,0,1,0,0,0,0,1,0,0,0,1,0,0,0,0,0,1,0,5,2,0,2,0,1,279,10,0
L00228,21377278.0,104692.56,25128.0,0,306,0,1,0,0,0,0,0,0,1,0,0,0,1,0,0,0,1,0,2,0,0,0,1,0,29,3,0
L00229,27452445.62,479716.97,3212.15,1,332,1,0,0,0,0,0,0,1,0,0,0,1,0,0,0,0,1,0,3,4,1,2,3,3,601,16,1
L00230,8814894.58,308633.91,81062.82,0,353,0,0,0,1,0,0,0,1,0,1,0,0,0,0,0,0,0,0,2,2,1,3,1,0,525,9,1
L00231,14867008.27,134527.33,49622.72,1,82,0,1,0,0,0,0,0,0,1,0,0,0,1,0,0,0,0,1,1,0,0,0,0,0,0,1,0
L00232,33224841.3,38160.59,31376.97,1,333,0,0,0,0,1,0,1,0,0,0,0,0,0,1,0,1,0,0,4,4,1,1,1,0,347,11,0
L00233,48268605.91,18954.71,11091.26,0,4,0,0,0,1,0,0,0,0,1,1,0,0,0,0,1,0,0,0,2,2,2,1,0,2,700,9,1
L00234,2615797.0,126148.81,7209.44,0,218,0,0,0,1,0,0,0,1,0,1,0,0,0,0,0,0,1,0,6,4,1,5,3,0,1471,19,0
L00235,44530177.61,441335.48,35537.81,0,253,0,0,0,0,1,1,0,0,0,0,0,1,0,0,0,0,1,0,3,2,0,4,1,0,880,10,0
L00236,28886371.95,210877.26,80668.97,1,87,0,1,0,0,0,0,0,0,1,1,0,0,0,0,0,0,0,1,0,0,0,0,0,0,0,0,0
L00237,28239586.38,361565.02,91953.65,0,208,0,0,0,0,1,0,1,0,0,0,0,1,0,0,0,0,1,0,0,0,0,0,0,0,0,0,1
L00238,25063898.91,459551.09,89778.39,0,179,0,0,0,1,0,0,0,1,0,0,0,0,1,0,0,0,1,0,4,1,1,3,1,1,1000,11,0
L00239,3562764.89,206980.03,92080.08,0,207,0,0,1,0,0,0,0,1,0,0,0,0,0,1,0,0,0,0,3,6,3,3,0,4,908,19,1
L00240,4584854.9,99682.3,90864.81,1,272,0,0,1,0,0,0,0,1,0,0,0,0,0,1,0,0,0,1,3,0,0,0,1,2,239,6,1
L00241,30085509.08,260973.38,53195.25,0,64,1,0,0,0,0,0,0,1,0,1,0,0,0,0,0,0,1,0,4,4,0,1,1,2,460,12,0
L00242,17113832.71,454501.43,22722.15,0,20,0,0,0,0,1,0,1,0,0,1,0,0,0,0,1,0,0,0,2,4,0,0,0,1,0,7,1
L00243,45871676.52,403165.33,80006.61,0,176,0,0,0,0,1,1,0,0,0,0,0,0,1,0,0,0,1,0,2,6,2,1,2,3,1296,16,1
L00244,20388867.81,37585.77,22157.58,0,362,1,0,0,0,0,0,0,1,0,0,0,1,0,0,0,0,0,0,5,2,1,2,2,3,908,15,0
L00245,7249744.79,347823.54,27453.52,0,21,1,0,0,0,0,0,0,0,1,0,0,0,0,1,1,0,0,0,6,4,2,1,0,2,453,15,1
L00246,35764469.79,288089.27,24092.18,1,324,1,0,0,0,0,1,0,0,0,0,0,1,0,0,0,0,1,0,4,2,1,3,1,1,483,12,1
L00247,14738335.73,454194.27,51983.26,0,35,0,0,0,1,0,0,0,1,0,0,0,0,1,0,0,0,1,0,1,0,0,0,1,0,109,2,0
L00248,26320968.34,65628.3,32860.92,0,249,0,0,0,0,1,1,0,0,0,0,0,0,0,1,0,1,0,0,5,1,0,3,1,1,253,11,1
L00249,34921856.0,269347.88,16261.45,0,148,0,0,0,1,0,0,0,0,1,0,0,0,0,1,0,0,0,1,5,0,2,4,2,2,1437,15,1
L00250,45023179.15,440334.03,45864.17,0,72,1,0,0,0,0,0,0,1,0,0,1,0,0,0,0,1,0,0,3,0,0,7,3,1,1616,14,1
L00251,39630340.62,207961.77,87516.82,0,90,0,0,0,0,1,0,0,0,1,0,0,0,1,0,0,0,0,0,3,3,4,2,4,0,1560,16,0
L00252,33850417.29,243587.48,57484.73,0,175,0,0,0,1,0,0,1,0,0,0,0,0,1,0,0,0,0,0,6,3,0,1,0,1,249,11,1
L00253,34013695.8,39878.04,87955.22,0,125,0,0,0,1,0,0,0,1,0,0,1,0,0,0,0,1,0,0,4,2,3,6,2,2,1798,19,0
L00254,47301639.74,142681.1,20391.35,0,203,1,0,0,0,0,0,0,1,0,0,0,1,0,0,0,1,0,0,1,1,0,0,1,0,88,3,0
L00255,14861622.47,165630.79,17530.41,0,245,0,0,0,0,1,0,0,1,0,0,1,0,0,0,0,0,0,1,2,1,1,0,0,3,172,7,0
L00256,155493.5,472835.61,57982.14,0,98,1,0,0,0,0,0,0,1,0,0,0,0,1,0,1,0,0,0,3,3,2,6,0,0,1470,14,0
L00257,13670532.51,144920.34,46869.56,0,270,0,0,0,0,1,0,1,0,0,0,0,1,0,0,0,1,0,0,5,1,2,0,1,2,385,11,1
L00258,10972779.84,233130.02,66357.09,0,43,0,0,1,0,0,0,0,1,0,0,0,0,0,1,0,0,0,1,0,1,0,0,0,0,0,1,0
L00259,33125545.8,337295.69,79668.05,0,221,0,1,0,0,0,1,0,0,0,0,1,0,0,0,1,0,0,0,3,1,0,2,1,3,355,10,1
L00260,31722208.83,85280.77,75379.42,0,96,0,1,0,0,0,0,0,1,0,0,0,1,0,0,0,1,0,0,3,3,2,4,1,1,834,14,0
L00261,29713723.0,245788.98,94283.86,0,35,0,1,0,0,0,0,1,0,0,0,0,1,0,0,0,0,0,0,0,0,0,1,0,0,40,1,1
L00262,910547.82,370576.82,40427.38,0,167,1,0,0,0,0,0,0,1,0,0,0,1,0,0,0,0,0,0,4,3,0,4,2,1,1077,14,0
L00263,36466024.92,434093.33,21432.29,0,29,0,0,1,0,0,1,0,0,0,0,1,0,0,0,0,0,1,0,1,2,1,4,2,1,1411,11,1
L00264,16244167.58,314998.34,55540.35,1,281,0,0,0,0,1,0,1,0,0,0,0,0,0,1,0,0,0,0,5,4,3,5,0,2,1277,19,1
L00265,33286293.85,336181.49,11963.57,0,84,0,0,0,1,0,0,1,0,0,0,0,1,0,0,1,0,0,0,9,1,2,1,2,0,1277,15,0
L00266,27873263.58,67510.32,29596.26,0,356,0,0,0,0,1,1,0,0,0,0,1,0,0,0,1,0,0,0,1,2,1,1,0,0,368,5,0
L00267,17202273.18,473159.37,21580.92,0,120,0,0,0,1,0,1,0,0,0,0,0,0,1,0,1,0,0,0,2,1,1,2,1,2,661,9,0
L00268,6815355.73,70624.17,40259.81,0,286,0,0,0,0,1,1,0,0,0,0,1,0,0,0,0,0,1,0,1,0,1,0,0,0,171,2,0
L00269,4811502.99,388463.1,12010.44,0,247,0,0,1,0,0,1,0,0,0,0,1,0,0,0,0,0,0,0,2,6,1,2,2,1,751,14,0
L00270,41592764.82,136084.08,4152.33,0,183,0,0,0,1,0,1,0,0,0,0,1,0,0,0,0,0,1,0,3,3,1,2,2,3,518,14,1
L00271,45928037.35,467128.61,66022.61,0,252,1,0,0,0,0,0,1,0,0,0,0,1,0,0,0,0,0,0,7,1,1,2,0,0,386,11,1
L00272,32524423.53,361379.97,61414.65,0,272,0,0,0,0,1,0,1,0,0,0,1,0,0,0,0,0,1,0,2,5,2,2,1,1,813,13,1
L00273,5261362.33,378137.79,71127.53,0,208,0,0,0,0,1,0,0,1,0,0,0,0,1,0,1,0,0,0,1,8,0,2,1,1,724,13,0
L00274,20161158.12,113434.29,66378.26,0,353,0,0,0,1,0,0,0,1,0,0,0,1,0,0,0,0,0,1,4,0,2,1,0,0,406,7,0
L00275,36474066.09,224304.79,12315.17,0,23,1,0,0,0,0,0,0,0,1,0,0,0,1,0,0,1,0,0,3,4,0,1,2,2,250,12,1
L00276,39013062.11,310817.53,29816.81,1,121,1,0,0,0,0,0,0,1,0,1,0,0,0,0,0,1,0,0,3,1,0,5,0,0,436,9,0
L00277,5999109.25,386136.94,13823.13,0,224,0,0,1,0,0,0,0,1,0,0,1,0,0,0,0,0,1,0,5,0,1,3,2,2,1012,13,1
L00278,101532.87,56459.89,84454.27,0,122,1,0,0,0,0,1,0,0,0,0,0,1,0,0,0,0,0,1,3,1,1,3,4,0,1455,12,1
L00279,35635638.59,481370.83,74943.46,0,293,1,0,0,0,0,1,0,0,0,0,0,1,0,0,0,0,0,1,0,0,0,0,0,0,0,0,0
L00280,17894149.18,445659.23,20951.17,0,172,1,0,0,0,0,0,0,1,0,0,1,0,0,0,0,0,0,1,6,3,2,3,0,1,862,15,0
L00281,12798618.45,138822.55,34789.61,0,142,0,1,0,0,0,0,0,0,1,0,0,0,0,1,1,0,0,0,1,2,0,2,0,0,114,5,0
L00282,743583.74,412266.32,96694.88,0,168,0,0,1,0,0,1,0,0,0,0,0,0,0,1,0,0,0,1,2,0,0,1,0,0,99,3,0
L00283,27060940.4,261570.34,59821.78,0,56,0,0,0,0,1,0,0,1,0,0,0,0,1,0,0,0,0,1,5,2,2,3,1,0,776,13,1
L00284,42572421.7,233594.21,80314.4,0,41,0,0,0,1,0,0,0,1,0,0,1,0,0,0,1,0,0,0,3,4,2,3,1,4,1041,17,1
L00285,47885819.15,160644.88,27194.51,0,308,0,0,0,0,1,0,1,0,0,0,1,0,0,0,0,0,0,0,6,3,1,3,1,3,707,17,1
L00286,28330673.04,292579.45,21795.24,0,118,0,0,1,0,0,0,0,0,1,1,0,0,0,0,0,0,0,1,2,1,1,2,0,1,258,7,0
L00287,25771620.25,366295.11,78607.78,1,120,0,0,0,1,0,0,1,0,0,0,0,0,0,1,0,0,1,0,5,3,0,0,0,0,0,8,1
L00288,4344313.64,208411.79,68901.37,0,311,0,0,1,0,0,0,0,0,1,0,0,0,0,1,0,0,0,0,5,6,1,3,3,1,721,19,1
L00289,27488752.8,316463.5,68416.81,1,250,1,0,0,0,0,1,0,0,0,0,1,0,0,0,0,0,0,0,0,2,3,4,1,0,1379,10,1
L00290,19060956.04,351159.9,55710.82,0,342,0,0,0,1,0,0,0,0,1,0,0,0,1,0,0,0,0,0,5,5,3,2,1,0,861,16,1
L00291,30396050.52,357005.3,56794.26,1,331,1,0,0,0,0,0,0,1,0,0,1,0,0,0,1,0,0,0,4,6,2,5,1,1,928,19,1
L00292,19497444.76,30723.22,73834.05,0,340,0,0,0,0,1,0,0,1,0,0,0,0,1,0,0,1,0,0,0,2,1,0,0,0,126,3,0
L00293,12090926.26,430575.16,27730.25,0,340,0,0,0,0,1,0,0,0,1,0,0,0,0,1,1,0,0,0,0,3,1,1,1,1,509,7,0
L00294,4838767.23,231835.39,35924.08,0,336,0,0,0,1,0,0,0,0,1,1,0,0,0,0,1,0,0,0,5,4,2,2,0,2,675,15,1
L00295,15814430.38,134895.96,87292.04,0,181,0,0,0,1,0,0,0,0,1,0,0,1,0,0,0,0,0,0,1,1,0,1,0,2,220,5,0
L00296,4922577.23,124673.43,31577.65,0,164,0,0,1,0,0,0,1,0,0,0,0,0,0,1,0,0,1,0,2,1,2,2,0,1,657,8,0
L00297,8927157.85,244091.99,55084.65,0,263,0,0,1,0,0,0,0,0,1,0,0,0,1,0,0,1,0,0,0,0,0,0,1,0,194,1,0
L00298,49368074.31,443981.61,70561.31,1,209,1,0,0,0,0,1,0,0,0,0,1,0,0,0,0,1,0,0,1,2,0,0,0,1,0,4,0
L00299,22260767.49,192282.05,99992.56,0,10,0,0,0,1,0,0,1,0,0,0,0,0,0,1,0,1,0,0,5,0,3,5,1,2,1685,16,1
L00300,26640401.15,376114.24,44093.84,0,181,0,0,0,0,1,0,1,0,0,1,0,0,0,0,0,0,1,0,0,1,1,0,2,1,769,5,1
L00301,43693564.58,52925.27,43381.19,0,250,0,0,1,0,0,0,0,0,1,0,0,0,1,0,0,0,1,0,0,0,1,2,0,1,302,4,1
L00302,49778888.13,240648.07,84416.25,0,137,0,0,1,0,0,1,0,0,0,0,1,0,0,0,0,0,0,0,1,1,0,1,0,0,141,3,1
L00303,29177451.02,495884.64,80744.81,0,217,0,0,0,0,1,0,1,0,0,0,0,1,0,0,0,0,0,0,0,0,0,0,0,0,0,0,0
L00304,40642443.67,386366.71,73376.51,0,238,0,0,1,0,0,0,0,1,0,0,0,0,1,0,1,0,0,0,1,1,0,2,1,0,288,5,0
L00305,16414357.11,109211.6,46859.73,1,336,1,0,0,0,0,0,1,0,0,0,1,0,0,0,1,0,0,0,2,2,1,0,2,1,417,8,1
L00306,15356623.48,253213.53,33069.97,0,86,0,0,0,1,0,0,0,0,1,0,0,1,0,0,1,0,0,0,8,3,0,2,2,4,598,19,1
L00307,20194915.68,120644.26,61264.32,0,297,0,0,0,0,1,1,0,0,0,0,1,0,0,0,1,0,0,0,4,1,0,2,1,0,510,8,0
L00308,33658112.41,207732.66,87746.11,0,292,0,0,0,1,0,0,0,0,1,0,0,1,0,0,0,0,0,0,6,2,0,0,1,1,82,10,0
L00309,34141365.29,391141.59,88493.97,1,91,0,0,1,0,0,0,0,1,0,0,0,1,0,0,0,0,0,1,2,1,0,1,1,3,455,8,1
L00310,15830447.79,386756.28,11741.34,0,207,0,0,1,0,0,0,0,1,0,0,0,1,0,0,0,0,1,0,0,1,3,2,0,1,581,7,0
L00311,6747175.21,117909.69,43406.68,1,203,0,0,0,0,1,0,0,1,0,0,1,0,0,0,0,0,0,1,7,0,0,1,2,0,771,10,0
L00312,31656573.2,461500.54,47007.47,0,185,1,0,0,0,0,0,0,0,1,0,0,1,0,0,0,1,0,0,6,3,1,3,1,4,568,18,1
L00313,6503460.52,298321.25,97783.92,0,84,0,1,0,0,0,0,1,0,0,0,0,0,1,0,0,1,0,0,4,2,0,5,1,3,1217,15,1
L00314,28966776.16,193062.52,68121.8,0,314,0,0,0,0,1,0,0,0,1,1,0,0,0,0,0,0,0,1,2,4,0,4,1,0,732,11,0
L00315,34701764.19,253458.11,41317.4,0,151,0,1,0,0,0,1,0,0,0,1,0,0,0,0,0,0,1,0,3,1,0,2,0,0,124,6,0
L00316,35060513.67,304510.27,3579.73,0,155,0,1,0,0,0,0,1,0,0,0,0,1,0,0,1,0,0,0,1,1,0,0,1,3,141,6,1
L00317,37698258.32,282145.81,56973.13,0,292,1,0,0,0,0,0,0,1,0,1,0,0,0,0,0,0,1,0,5,2,0,1,4,0,578,12,0
L00318,43655685.14,245770.49,10511.52,0,20,0,1,0,0,0,0,0,0,1,1,0,0,0,0,0,0,0,0,0,0,1,1,0,0,241,2,1
L00319,25047953.7,254941.74,83610.55,1,160,0,1,0,0,0,0,0,1,0,0,0,1,0,0,0,0,0,1,2,2,0,2,2,1,749,9,1
L00320,36539434.56,92323.9,75499.35,1,338,1,0,0,0,0,0,0,1,0,0,0,1,0,0,0,0,1,0,1,2,0,2,1,2,388,8,0
L00321,30996719.49,407302.79,46590.41,1,155,0,1,0,0,0,1,0,0,0,0,0,0,1,0,0,0,0,1,0,0,1,1,0,0,232,2,0
L00322,9413333.0,273171.36,43491.87,1,142,0,1,0,0,0,0,1,0,0,0,0,0,0,1,0,0,1,0,4,3,0,1,3,3,564,14,1
L00323,1381913.28,69884.53,89836.56,0,256,0,1,0,0,0,1,0,0,0,0,1,0,0,0,0,0,1,0,0,3,1,1,2,1,569,8,1
L00324,14298615.15,384247.77,29557.38,0,106,0,0,0,0,1,1,0,0,0,0,0,1,0,0,0,0,0,0,4,6,1,3,3,0,1012,17,0
L00325,22207381.95,466559.77,25652.98,1,283,0,0,0,0,1,1,0,0,0,0,0,1,0,0,1,0,0,0,3,4,0,4,2,0,1441,13,1
L00326,30893586.63,473916.92,93980.55,0,49,0,0,0,0,1,0,0,1,0,1,0,0,0,0,0,0,0,1,6,1,3,1,3,2,1091,16,1
L00327,42512970.59,187663.78,81115.34,0,34,1,0,0,0,0,1,0,0,0,0,0,0,1,0,0,1,0,0,3,5,2,2,2,2,1124,16,1
L00328,9892661.26,72080.85,82241.93,0,223,0,0,1,0,0,1,0,0,0,1,0,0,0,0,1,0,0,0,9,2,1,2,1,4,382,19,1
L00329,6364934.52,261607.82,20324.19,0,155,0,1,0,0,0,0,1,0,0,0,0,1,0,0,0,0,1,0,3,0,1,0,1,2,261,7,1
L00330,48177649.38,60741.57,15186.3,0,190,0,1,0,0,0,0,1,0,0,0,0,1,0,0,0,0,0,0,4,2,2,2,0,1,744,11,0
L00331,5491423.51,467323.77,3576.93,0,183,1,0,0,0,0,1,0,0,0,1,0,0,0,0,1,0,0,0,0,1,2,0,0,0,187,3,0
L00332,23976704.4,95871.92,24467.11,0,236,0,1,0,0,0,0,1,0,0,0,0,1,0,0,0,1,0,0,9,3,2,2,2,1,823,19,0
L00333,29319630.07,130119.1,77644.86,1,296,0,0,0,0,1,0,1,0,0,0,0,0,0,1,1,0,0,0,2,0,1,3,0,0,702,6,0
L00334,27114583.6,206285.08,24763.8,0,322,0,0,1,0,0,1,0,0,0,0,1,0,0,0,0,0,0,1,4,5,1,2,0,3,424,15,1
L00335,4393004.64,194666.41,73181.23,0,303,0,0,0,1,0,0,0,1,0,0,1,0,0,0,1,0,0,0,3,0,2,1,1,2,900,9,0
L00336,2945643.01,398358.13,25938.92,0,341,0,1,0,0,0,1,0,0,0,0,1,0,0,0,1,0,0,0,1,4,2,4,1,2,1200,14,1
L00337,5363623.03,230876.83,40133.96,1,57,0,0,0,0,1,0,1,0,0,0,0,0,0,1,0,0,1,0,4,2,4,1,1,0,873,12,1
L00338,29320825.43,89530.29,98333.07,0,38,0,0,0,1,0,0,0,1,0,0,0,1,0,0,0,1,0,0,0,4,0,0,2,4,345,10,1
L00339,27262809.89,137268.9,25236.36,0,240,0,0,1,0,0,0,0,0,1,1,0,0,0,0,0,0,0,1,3,3,2,2,1,0,1009,11,0
L00340,11763665.52,257011.13,38260.69,1,24,0,0,0,1,0,0,0,1,0,0,0,0,1,0,0,0,1,0,2,0,1,2,1,0,364,6,0
L00341,31924929.68,77989.69,30807.63,0,315,0,0,0,0,1,0,1,0,0,0,0,1,0,0,1,0,0,0,4,3,0,0,0,2,0,9,1
L00342,41021368.35,307769.56,11852.87,1,116,0,0,0,1,0,0,0,1,0,0,0,0,0,1,0,0,1,0,1,1,0,1,0,2,30,5,1
L00343,2174790.1,285044.92,49499.52,0,341,1,0,0,0,0,1,0,0,0,0,0,0,0,1,0,0,1,0,0,0,0,0,0,0,0,0,0
L00344,24956684.18,358777.65,38490.38,0,239,0,0,0,1,0,0,0,0,1,0,1,0,0,0,0,0,1,0,1,1,1,3,2,1,919,9,0
L00345,34496589.56,469163.78,69793.82,0,174,0,1,0,0,0,0,0,0,1,0,0,1,0,0,0,0,0,1,8,4,1,2,1,1,473,17,0
L00346,12690365.16,456566.01,81941.86,0,339,0,1,0,0,0,0,0,0,1,0,1,0,0,0,1,0,0,0,1,1,0,2,0,2,425,6,1
L00347,15457768.17,473307.43,54880.72,0,227,1,0,0,0,0,0,1,0,0,0,0,0,1,0,0,0,0,0,4,1,1,0,1,3,251,10,1
L00348,30720531.36,126134.22,4187.45,1,252,0,0,0,0,1,0,1,0,0,0,1,0,0,0,0,0,1,0,4,0,0,2,1,0,431,7,0
L00349,44906971.14,70124.83,62273.31,1,110,0,1,0,0,0,0,0,0,1,0,0,0,1,0,1,0,0,0,1,0,0,0,0,0,0,1,0
L00350,40515228.57,154626.97,6483.68,1,240,0,0,1,0,0,0,0,1,0,0,0,0,0,1,0,1,0,0,2,0,1,1,0,2,551,6,0
L00351,29198197.93,448067.16,62019.28,0,223,0,1,0,0,0,0,0,0,1,0,1,0,0,0,0,1,0,0,0,0,0,0,0,0,0,0,0
L00352,36538063.72,486166.47,68817.96,1,297,0,1,0,0,0,0,0,1,0,0,1,0,0,0,0,1,0,0,5,1,1,0,0,1,174,8,1
L00353,18304641.26,430365.85,20579.0,0,51,0,0,0,0,1,0,0,1,0,1,0,0,0,0,0,0,0,1,0,0,0,0,0,0,0,0,0
L00354,32084179.85,59458.77,82115.27,1,220,0,0,0,1,0,0,1,0,0,0,0,0,0,1,0,1,0,0,0,0,0,1,0,0,12,1,0
L00355,23362461.4,473976.86,91197.43,0,303,0,1,0,0,0,0,0,1,0,1,0,0,0,0,1,0,0,0,1,0,0,0,0,0,0,1,0
L00356,9577813.21,214562.22,81495.61,0,287,1,0,0,0,0,0,0,0,1,0,0,0,1,0,0,0,1,0,0,2,1,1,1,1,750,6,0
L00357,35116739.87,9608.59,31205.81,1,151,0,0,0,1,0,0,1,0,0,0,0,0,1,0,1,0,0,0,5,0,0,4,0,1,525,10,1
L00358,27867585.4,223984.9,59077.66,1,117,0,0,1,0,0,1,0,0,0,0,0,0,0,1,0,0,1,0,2,1,0,3,0,3,548,9,1
L00359,17995216.94,27804.24,91566.7,0,278,0,0,0,0,1,1,0,0,0,0,0,0,1,0,0,0,1,0,3,4,0,0,1,1,295,9,0
L00360,45575825.58,274219.57,32745.81,0,134,0,0,1,0,0,0,1,0,0,0,0,0,0,1,1,0,0,0,9,3,1,4,0,1,824,18,0
L00361,1144612.48,172584.24,82182.75,0,208,0,0,0,1,0,0,0,0,1,0,0,0,1,0,0,0,1,0,4,0,1,0,2,2,425,9,1
L00362,15857080.25,239350.29,1938.04,0,126,0,0,0,1,0,1,0,0,0,0,0,1,0,0,0,0,1,0,0,2,0,0,0,0,0,2,0
L00363,2938381.75,308519.33,1361.02,0,292,0,0,0,1,0,1,0,0,0,0,1,0,0,0,1,0,0,0,5,1,2,4,3,1,1504,16,1
L00364,38349713.08,435056.54,76211.45,0,6,0,0,1,0,0,0,0,1,0,0,0,1,0,0,1,0,0,0,5,3,1,0,1,2,213,12,1
L00365,35135161.96,332641.28,76383.31,0,221,0,0,0,1,0,0,0,1,0,0,0,0,0,1,0,0,0,1,4,5,3,3,1,2,683,18,0
L00366,16634475.71,219854.19,79108.74,0,76,0,0,1,0,0,0,0,0,1,0,0,0,0,1,0,0,0,0,7,1,2,1,2,2,445,15,0
L00367,33815578.82,410616.79,93072.66,0,337,0,0,0,1,0,0,1,0,0,0,0,1,0,0,0,0,1,0,2,3,0,4,0,1,763,10,0
L00368,19857267.59,453263.16,12672.72,0,350,1,0,0,0,0,0,0,0,1,0,1,0,0,0,0,1,0,0,0,1,1,0,0,0,206,2,1
L00369,37837064.19,64281.18,23966.51,0,277,0,0,0,1,0,0,1,0,0,0,1,0,0,0,0,0,1,0,2,2,2,3,0,1,622,10,0
L00370,22763764.77,268306.82,90468.77,0,333,0,0,1,0,0,1,0,0,0,1,0,0,0,0,0,0,0,1,2,6,3,4,0,1,936,16,0
L00371,20672758.42,145833.42,18546.38,0,337,0,1,0,0,0,0,0,1,0,0,0,0,1,0,0,0,0,1,3,1,0,1,2,0,399,7,0
L00372,46743022.78,28295.29,68540.7,0,226,0,0,0,1,0,0,0,0,1,1,0,0,0,0,0,0,1,0,0,0,0,1,0,0,21,1,0
L00373,12618867.08,335930.61,53515.84,0,274,0,1,0,0,0,0,0,0,1,0,1,0,0,0,0,0,0,1,1,1,0,0,0,0,0,2,0
L00374,6110322.27,432071.53,9236.17,0,350,1,0,0,0,0,0,1,0,0,0,0,1,0,0,0,0,0,0,1,0,2,3,1,1,613,8,1
L00375,29268701.35,85636.81,29241.1,0,294,0,0,0,0,1,0,1,0,0,0,0,0,1,0,0,0,1,0,1,0,0,0,0,0,0,1,0
L00376,48469158.43,407144.76,52516.85,0,116,1,0,0,0,0,0,0,0,1,0,0,1,0,0,0,0,1,0,2,0,0,1,2,0,486,5,0
L00377,18954176.76,427430.89,85382.66,1,291,0,0,0,1,0,0,1,0,0,1,0,0,0,0,0,1,0,0,2,4,2,3,2,1,637,14,1
L00378,3195634.51,457598.52,71046.31,0,270,0,1,0,0,0,0,0,0,1,0,0,0,0,1,0,0,0,0,3,4,2,2,1,0,683,12,1
L00379,17031332.84,136316.12,62566.43,0,156,0,1,0,0,0,0,0,0,1,0,0,1,0,0,0,0,0,0,5,6,0,2,2,1,540,16,0
L00380,25345989.55,452456.77,50107.26,0,59,0,0,1,0,0,0,0,0,1,1,0,0,0,0,0,1,0,0,3,1,0,2,0,0,240,6,0
L00381,8179958.03,163728.06,30569.71,0,183,0,1,0,0,0,1,0,0,0,1,0,0,0,0,0,0,0,1,0,0,0,0,0,0,0,0,1
L00382,32939300.68,278407.32,12805.25,1,143,0,0,1,0,0,0,1,0,0,1,0,0,0,0,1,0,0,0,3,0,1,0,2,0,498,6,0
L00383,49887694.51,30001.2,41498.53,0,160,0,0,0,0,1,0,0,1,0,0,0,0,0,1,0,0,1,0,1,0,1,0,0,0,44,2,0
L00384,22641799.85,26721.14,3823.33,0,88,0,0,0,1,0,0,0,1,0,0,0,0,0,1,0,0,1,0,0,0,0,0,1,0,185,1,0
L00385,17800954.98,361584.74,21894.53,0,15,0,0,1,0,0,0,1,0,0,0,0,0,0,1,0,1,0,0,2,4,0,2,1,2,383,11,0
L00386,20095137.93,225017.59,43815.85,0,248,0,0,0,0,1,0,0,0,1,0,0,0,1,0,0,0,0,0,3,2,0,0,3,0,397,8,1
L00387,5845794.3,131864.73,42441.91,0,97,0,1,0,0,0,0,0,1,0,0,0,0,0,1,0,1,0,0,0,0,0,0,0,0,0,0,0
L00388,44175352.71,99254.68,5385.25,1,103,0,1,0,0,0,0,0,1,0,0,0,0,0,1,0,0,1,0,7,2,2,3,2,3,1023,19,1
L00389,20799800.21,336626.98,59316.96,1,299,0,0,0,0,1,0,1,0,0,0,0,0,0,1,0,0,0,1,6,3,1,4,1,1,748,16,0
L00390,19424993.13,5198.76,55418.74,0,234,0,1,0,0,0,0,0,1,0,0,0,1,0,0,1,0,0,0,4,4,3,2,2,0,1219,15,0
L00391,33018544.62,403916.13,8732.33,1,306,0,0,0,0,1,0,0,0,1,0,0,0,0,1,0,1,0,0,3,4,1,6,3,1,1589,18,1
L00392,22157467.7,44228.56,94373.14,0,273,0,0,1,0,0,0,1,0,0,0,0,0,1,0,0,1,0,0,1,5,1,3,0,0,404,10,0
L00393,32446850.09,99787.36,10838.9,1,260,0,0,1,0,0,0,0,0,1,1,0,0,0,0,0,0,1,0,0,3,2,3,0,0,720,8,0
L00394,3166169.88,196187.02,85628.58,1,238,0,0,0,0,1,0,0,1,0,0,0,1,0,0,0,0,0,1,4,1,4,3,1,1,823,14,1
L00395,40704794.85,245005.08,1030.66,0,261,0,0,1,0,0,0,0,1,0,0,1,0,0,0,0,1,0,0,5,1,1,2,0,1,540,10,0
L00396,47031147.25,180722.58,88345.83,0,331,0,0,1,0,0,0,0,0,1,0,0,0,0,1,0,1,0,0,3,1,1,1,0,2,401,8,1
L00397,32473392.77,163752.52,2952.25,0,114,0,0,1,0,0,1,0,0,0,1,0,0,0,0,0,1,0,0,0,1,1,1,0,1,290,4,0
L00398,47732839.85,482138.43,76023.39,0,267,1,0,0,0,0,0,0,1,0,1,0,0,0,0,0,0,1,0,2,1,1,1,0,1,426,6,0
L00399,7656472.49,322581.94,36807.39,0,11,0,0,0,1,0,1,0,0,0,0,0,1,0,0,0,0,1,0,4,3,0,0,1,1,135,9,1
L00400,23923067.86,16599.31,74083.46,1,72,0,1,0,0,0,0,0,1,0,0,1,0,0,0,0,1,0,0,3,0,0,2,0,2,405,7,1
L00401,30130156.02,217937.07,40772.78,1,361,1,0,0,0,0,1,0,0,0,0,0,0,1,0,0,0,0,1,1,0,1,1,0,1,243,4,1
L00402,29128658.71,438129.31,8019.88,0,304,0,0,1,0,0,1,0,0,0,1,0,0,0,0,0,1,0,0,1,1,1,1,1,0,359,5,1
L00403,20132942.78,154220.81,76983.16,1,177,0,0,0,0,1,1,0,0,0,1,0,0,0,0,0,0,0,0,10,2,0,3,1,2,581,18,0
L00404,16970412.03,51805.39,8054.02,1,259,0,0,1,0,0,0,0,0,1,1,0,0,0,0,0,0,0,0,3,3,1,0,0,1,159,8,0
L00405,6428518.73,380400.46,92289.92,0,258,0,0,0,1,0,1,0,0,0,1,0,0,0,0,0,0,1,0,1,0,0,0,0,0,0,1,0
L00406,19647948.28,304976.85,6046.43,0,269,0,0,1,0,0,1,0,0,0,0,0,1,0,0,0,0,0,0,2,0,0,0,0,0,0,2,0
L00407,8216774.67,287304.69,48453.2,0,319,0,0,0,0,1,1,0,0,0,0,1,0,0,0,0,0,0,0,0,2,1,1,1,0,415,5,1
L00408,36744847.26,31520.4,72580.41,0,119,0,0,0,1,0,0,0,1,0,1,0,0,0,0,0,0,0,0,4,3,0,1,1,3,557,12,1
L00409,10520663.68,74547.01,39931.4,0,168,0,0,1,0,0,1,0,0,0,0,0,0,1,0,0,0,0,1,0,0,0,0,0,0,0,0,0
L00410,3022408.73,313161.95,22506.11,0,67,0,0,0,1,0,0,0,1,0,0,0,0,1,0,1,0,0,0,3,2,1,1,0,2,227,9,1
L00411,27663070.28,107872.8,76150.01,1,58,0,1,0,0,0,1,0,0,0,0,0,0,0,1,1,0,0,0,2,1,0,1,0,0,212,4,0
L00412,29801963.66,254514.69,78645.18,1,129,0,1,0,0,0,1,0,0,0,1,0,0,0,0,1,0,0,0,3,3,0,1,1,1,376,9,0
L00413,43608461.76,274716.43,92346.8,0,265,0,0,1,0,0,0,0,0,1,1,0,0,0,0,0,0,1,0,1,3,2,0,1,1,537,8,0
L00414,28891382.46,145336.06,38240.35,1,74,0,0,0,1,0,0,0,1,0,1,0,0,0,0,0,1,0,0,4,4,3,4,1,1,1323,17,1
L00415,17339494.6,474470.45,51118.92,0,89,0,0,0,0,1,1,0,0,0,1,0,0,0,0,1,0,0,0,7,4,2,2,2,2,1066,19,1
L00416,40170292.89,422019.73,36949.72,1,356,0,0,1,0,0,0,0,1,0,1,0,0,0,0,0,0,0,1,4,0,2,0,1,1,792,8,0
L00417,27059916.77,362574.89,26451.1,0,153,0,1,0,0,0,0,0,1,0,0,0,0,1,0,1,0,0,0,0,0,0,2,0,0,339,2,0
L00418,4056086.2,43606.96,75352.26,0,217,0,1,0,0,0,0,1,0,0,0,1,0,0,0,0,0,0,1,4,1,2,2,6,2,1805,17,1
L00419,28335942.96,57534.36,34625.53,1,27,0,0,1,0,0,0,0,0,1,0,1,0,0,0,0,0,0,0,4,2,0,3,4,0,654,13,0
L00420,45410125.42,248926.77,43386.79,0,129,0,0,0,1,0,0,0,0,1,0,0,0,0,1,0,0,1,0,3,4,0,5,1,3,1139,16,1
L00421,19876000.01,84553.11,40963.69,0,65,0,1,0,0,0,0,0,0,1,0,0,0,1,0,0,0,1,0,2,3,2,4,2,2,1123,15,1
L00422,14886657.51,489241.4,71553.46,0,143,0,0,0,1,0,0,1,0,0,1,0,0,0,0,0,0,0,1,0,1,1,3,1,0,593,6,0
L00423,7259125.91,83467.52,91861.77,0,312,0,1,0,0,0,0,1,0,0,0,1,0,0,0,0,0,0,1,4,4,2,0,0,1,320,11,0
L00424,7657131.54,246296.58,67008.85,1,276,0,1,0,0,0,0,0,0,1,0,0,1,0,0,0,1,0,0,1,1,1,3,1,1,1028,8,1
L00425,21695297.07,185239.92,47686.68,0,102,1,0,0,0,0,0,1,0,0,0,0,1,0,0,0,0,0,0,4,2,1,0,1,0,266,8,1
L00426,29824423.23,321496.28,78141.31,1,313,0,1,0,0,0,0,1,0,0,0,0,1,0,0,1,0,0,0,8,3,0,3,2,2,829,18,1
L00427,4122708.72,68873.02,64456.16,0,36,0,0,0,0,1,0,1,0,0,1,0,0,0,0,0,1,0,0,0,3,1,1,0,1,320,6,0
L00428,46984472.59,218006.63,7000.43,0,248,0,0,1,0,0,0,0,0,1,1,0,0,0,0,0,0,1,0,1,0,0,1,0,1,250,3,0
L00429,37781167.51,140978.99,10470.7,0,155,0,0,1,0,0,0,0,0,1,0,0,0,0,1,0,1,0,0,2,5,2,2,0,0,752,11,0
L00430,29372533.52,444437.0,4753.78,0,131,0,0,0,1,0,0,0,0,1,0,0,0,0,1,1,0,0,0,2,1,0,0,3,1,267,7,1
L00431,41439089.68,25089.93,46224.82,0,46,0,1,0,0,0,0,1,0,0,0,0,0,0,1,0,1,0,0,5,1,2,0,2,2,694,12,1
L00432,4101319.16,457295.11,82759.49,0,194,0,0,0,0,1,0,0,0,1,0,0,1,0,0,0,1,0,0,4,2,0,5,2,3,1005,16,1
L00433,23894260.0,417332.1,31995.23,0,102,0,0,0,1,0,0,1,0,0,1,0,0,0,0,0,1,0,0,4,5,4,1,0,0,710,14,0
L00434,31541647.03,152297.5,39031.86,0,327,1,0,0,0,0,1,0,0,0,0,0,1,0,0,0,1,0,0,6,2,2,3,1,1,1190,15,1
L00435,41449780.02,395698.87,91038.23,0,170,0,0,0,1,0,0,1,0,0,0,0,0,0,1,0,0,1,0,4,0,2,1,1,1,589,9,0
L00436,39195131.05,20450.71,83853.44,0,88,0,0,0,1,0,0,0,1,0,1,0,0,0,0,0,0,0,0,4,3,3,5,1,3,1435,19,1
L00437,13925755.56,483598.45,66839.76,0,245,0,1,0,0,0,0,0,0,1,0,0,0,1,0,1,0,0,0,3,1,0,4,2,1,603,11,0
L00438,47049920.46,265664.5,27413.57,0,57,1,0,0,0,0,0,0,0,1,0,1,0,0,0,0,0,0,0,4,4,1,5,0,4,1041,18,1
L00439,6304857.49,155124.11,12587.11,0,104,0,0,0,1,0,0,0,1,0,0,1,0,0,0,1,0,0,0,4,1,1,2,0,0,651,8,0
L00440,43769167.57,184478.69,2589.82,0,179,0,0,0,0,1,0,1,0,0,0,0,0,0,1,1,0,0,0,6,3,0,0,1,0,270,10,0
L00441,48549918.46,37870.65,11594.06,0,68,0,0,0,0,1,1,0,0,0,0,0,1,0,0,0,1,0,0,2,1,2,0,1,1,112,7,0
L00442,8939960.81,494728.01,29967.05,0,301,0,0,1,0,0,0,0,1,0,0,0,0,1,0,0,0,1,0,2,0,0,0,1,0,243,3,0
L00443,36131096.6,24449.51,55627.22,0,152,1,0,0,0,0,0,0,1,0,1,0,0,0,0,0,0,0,1,3,1,2,0,1,0,394,7,0
L00444,2110247.39,329179.03,7336.01,0,24,1,0,0,0,0,0,1,0,0,0,0,1,0,0,0,0,1,0,3,2,0,3,0,0,458,8,0
L00445,20330598.97,224154.28,14486.55,1,34,0,0,1,0,0,0,0,0,1,0,0,0,0,1,0,0,1,0,3,3,2,4,0,0,982,12,0
L00446,25862536.63,474713.53,18926.99,0,14,0,0,0,1,0,0,1,0,0,0,0,1,0,0,0,0,0,1,2,4,0,1,0,2,107,9,1
L00447,29074196.77,126769.87,63566.23,0,105,1,0,0,0,0,0,0,1,0,0,0,0,0,1,0,0,1,0,3,2,0,0,0,0,0,5,0
L00448,46803268.69,268382.98,61963.19,0,217,0,0,0,0,1,0,0,1,0,0,1,0,0,0,0,0,0,0,4,2,0,1,4,4,480,15,0
L00449,33645309.3,243766.32,55525.81,0,73,0,0,0,0,1,0,0,0,1,0,1,0,0,0,1,0,0,0,4,3,3,3,0,2,1302,15,1
L00450,24115769.77,352918.89,25799.64,1,343,0,1,0,0,0,0,0,0,1,0,0,1,0,0,1,0,0,0,4,2,4,0,0,4,872,14,1
L00451,40502784.31,38665.06,37740.85,0,284,1,0,0,0,0,0,0,0,1,0,0,0,1,0,0,0,1,0,3,2,1,3,3,3,1355,15,1
L00452,47531587.77,100925.62,10572.28,0,37,0,0,0,1,0,0,1,0,0,1,0,0,0,0,0,0,1,0,4,6,2,4,0,0,927,16,0
L00453,1201100.82,111209.59,23419.6,0,196,0,0,1,0,0,0,0,0,1,0,0,0,0,1,0,1,0,0,4,3,2,1,1,1,821,12,0
L00454,49127811.49,370384.62,89872.82,0,279,0,0,1,0,0,0,0,1,0,1,0,0,0,0,1,0,0,0,1,2,0,2,0,1,133,6,0
L00455,4397993.74,98623.65,97989.48,0,274,0,0,0,1,0,0,0,1,0,0,1,0,0,0,0,0,0,1,0,0,0,0,0,0,0,0,0
L00456,40737900.29,288878.42,65118.3,0,173,0,1,0,0,0,1,0,0,0,0,0,0,1,0,0,0,0,1,2,4,0,1,0,2,160,9,1
L00457,14088704.15,111545.69,91765.51,0,304,0,0,1,0,0,0,1,0,0,0,0,0,1,0,0,1,0,0,1,4,2,1,0,1,492,9,1
L00458,6695764.92,431504.35,64631.45,0,43,1,0,0,0,0,1,0,0,0,1,0,0,0,0,0,0,0,0,6,1,1,2,2,0,810,12,0
L00459,22048796.42,471381.8,4286.45,1,153,0,1,0,0,0,0,0,1,0,0,1,0,0,0,0,0,1,0,2,3,2,1,0,2,626,10,1
L00460,32233433.31,261654.02,99679.5,1,152,1,0,0,0,0,1,0,0,0,1,0,0,0,0,0,0,0,1,1,2,1,1,0,1,248,6,0
L00461,19109497.07,179392.9,10796.28,0,290,0,0,0,0,1,0,0,1,0,0,0,1,0,0,0,0,1,0,3,1,0,1,2,1,604,8,0
L00462,2822813.87,120858.6,68581.54,0,141,0,1,0,0,0,1,0,0,0,0,0,0,1,0,0,0,0,0,2,2,0,1,1,4,300,10,1
L00463,30013110.87,29641.6,26030.78,0,255,0,0,1,0,0,0,0,0,1,0,0,0,1,0,0,1,0,0,0,1,1,3,0,0,560,5,0
L00464,45129923.48,137907.54,39806.13,0,311,0,1,0,0,0,1,0,0,0,0,0,1,0,0,1,0,0,0,3,1,3,3,0,0,1126,10,0
L00465,19222446.76,328846.71,64947.48,1,133,0,1,0,0,0,0,0,0,1,0,1,0,0,0,0,0,0,1,1,1,1,4,0,0,693,7,0
L00466,10895005.6,269140.38,44212.25,0,31,0,1,0,0,0,0,0,0,1,0,0,0,1,0,0,0,1,0,1,2,2,1,0,1,436,7,0
L00467,22184609.56,472300.43,25804.06,0,25,0,1,0,0,0,0,1,0,0,0,0,0,0,1,0,1,0,0,4,2,1,1,0,1,314,9,0
L00468,2513299.28,201157.24,34110.17,1,254,1,0,0,0,0,0,0,0,1,0,0,0,0,1,0,0,0,0,0,0,0,0,0,0,0,0,0
L00469,41042330.47,348462.35,34813.26,1,222,0,0,0,0,1,0,0,0,1,0,1,0,0,0,0,0,0,1,3,2,2,1,2,0,248,10,0
L00470,41334406.47,247214.76,95973.07,0,55,0,0,0,1,0,1,0,0,0,0,0,1,0,0,1,0,0,0,2,3,2,3,1,0,657,11,0
L00471,29441223.13,258725.23,80062.69,0,292,0,1,0,0,0,0,0,1,0,1,0,0,0,0,1,0,0,0,2,0,0,1,0,0,26,3,0
L00472,17719834.16,137548.29,46396.33,0,124,0,0,1,0,0,0,1,0,0,0,1,0,0,0,0,1,0,0,3,6,1,1,2,2,515,15,1
L00473,40009189.89,230200.63,20782.27,0,229,0,1,0,0,0,0,0,0,1,1,0,0,0,0,0,0,1,0,0,0,0,0,0,0,0,0,0
L00474,27778882.54,238038.57,81290.59,1,52,0,0,1,0,0,0,1,0,0,0,1,0,0,0,0,0,0,0,2,0,0,0,1,0,210,3,0
L00475,41314022.2,354788.05,16561.06,0,100,1,0,0,0,0,1,0,0,0,0,0,0,0,1,0,0,0,1,6,2,1,2,2,5,913,18,1
L00476,31609793.75,470616.8,21835.76,0,333,0,0,1,0,0,0,0,0,1,0,0,1,0,0,0,0,0,0,2,1,4,0,1,1,882,9,0
L00477,39241833.11,168014.03,37235.33,0,291,0,0,0,1,0,1,0,0,0,0,0,0,0,1,0,0,0,0,0,0,2,2,1,0,714,5,1
L00478,29968293.36,25889.23,88154.47,1,356,0,0,0,0,1,0,1,0,0,0,0,1,0,0,0,0,0,1,0,0,0,1,1,1,472,3,0
L00479,20765639.3,250666.09,14046.88,1,266,0,0,1,0,0,1,0,0,0,1,0,0,0,0,0,0,1,0,4,5,1,3,4,1,786,18,1
L00480,47901498.41,274508.36,13101.19,1,282,0,0,1,0,0,0,1,0,0,0,1,0,0,0,0,0,0,1,1,1,0,2,0,1,261,5,0
L00481,27101579.86,88378.07,49903.52,0,1,0,0,0,0,1,1,0,0,0,0,0,0,1,0,0,0,0,1,0,0,0,0,0,0,0,0,0
L00482,30293966.98,381429.98,28364.64,1,21,0,0,0,1,0,0,1,0,0,0,0,0,1,0,0,1,0,0,7,3,1,3,2,1,979,17,1
L00483,11102333.21,492539.91,57304.07,0,65,0,1,0,0,0,0,0,1,0,0,0,1,0,0,0,0,1,0,5,2,2,1,1,0,656,11,0
L00484,31319974.39,473158.48,45712.03,0,211,0,0,1,0,0,1,0,0,0,0,0,1,0,0,0,1,0,0,2,5,1,6,1,3,855,18,1
L00485,28623221.71,102567.49,44060.95,0,235,0,0,0,0,1,1,0,0,0,0,0,0,0,1,0,0,0,0,3,3,2,3,1,3,913,15,1
L00486,9323436.06,438304.8,12085.32,1,16,1,0,0,0,0,0,0,1,0,0,0,0,1,0,0,0,0,0,4,5,2,1,0,2,542,14,1
L00487,3073396.16,353724.35,14963.92,1,13,0,0,0,0,1,0,0,1,0,0,0,0,0,1,1,0,0,0,6,3,2,2,3,1,1039,17,0
L00488,30257530.05,229654.05,82286.78,0,6,1,0,0,0,0,1,0,0,0,1,0,0,0,0,1,0,0,0,0,0,1,1,2,3,506,7,1
L00489,38208244.24,272602.44,88702.39,0,334,0,0,0,1,0,0,0,1,0,0,0,0,1,0,0,0,0,1,2,0,0,2,0,1,526,5,1
L00490,26217728.41,425552.09,24233.67,1,221,0,1,0,0,0,0,0,0,1,1,0,0,0,0,0,0,0,1,1,0,1,3,0,1,405,6,0
L00491,11415954.0,242666.8,12232.59,0,103,0,0,0,0,1,0,1,0,0,0,1,0,0,0,1,0,0,0,1,1,1,0,0,0,217,3,0
L00492,33359446.64,189737.65,6288.25,1,0,0,0,1,0,0,0,1,0,0,0,0,0,0,1,0,0,0,1,4,1,2,0,1,1,611,9,0
L00493,4097275.76,249157.51,61221.46,0,286,0,0,0,1,0,0,1,0,0,0,0,1,0,0,1,0,0,0,1,0,1,0,0,0,274,2,0
L00494,22147501.87,291669.25,71819.97,0,246,0,0,0,0,1,0,0,0,1,0,0,0,1,0,0,1,0,0,3,1,0,2,1,0,352,7,1
L00495,8252001.24,98593.44,37908.19,0,90,0,0,1,0,0,0,0,1,0,0,0,0,0,1,0,1,0,0,0,1,0,0,0,0,0,1,0
L00496,9304506.65,450949.33,68287.91,0,313,0,0,0,0,1,0,0,1,0,0,0,1,0,0,0,1,0,0,0,0,0,0,0,0,0,0,0
L00497,10194468.06,338722.54,71582.92,0,311,1,0,0,0,0,1,0,0,0,0,1,0,0,0,0,0,1,0,5,3,1,3,1,4,746,17,1
L00498,19396682.15,318468.11,93598.89,0,213,0,0,0,0,1,0,0,1,0,0,0,0,1,0,0,0,0,0,2,1,0,4,2,1,710,10,0
L00499,2652395.26,54250.63,7422.49,0,42,0,0,0,0,1,1,0,0,0,1,0,0,0,0,0,0,0,1,3,1,2,0,1,1,578,8,0
L00500,19949892.7,304066.1,20036.88,0,73,0,0,0,0,1,0,0,0,1,0,1,0,0,0,0,0,0,1,0,0,0,0,1,0,250,1,0
L00501,25634201.61,64875.53,7784.07,1,241,0,0,0,1,0,0,1,0,0,0,0,1,0,0,0,1,0,0,7,0,2,5,2,3,1275,19,1
L00502,24216384.82,43955.35,86931.4,0,48,0,0,0,0,1,0,1,0,0,0,0,0,1,0,0,0,0,1,9,1,0,1,4,0,662,15,1
L00503,19200926.61,266018.89,79466.13,0,363,0,0,1,0,0,0,1,0,0,0,0,0,1,0,0,1,0,0,6,2,3,8,0,0,1717,19,0
L00504,41973415.74,204378.84,57889.56,1,315,1,0,0,0,0,0,0,1,0,0,1,0,0,0,0,0,1,0,4,2,1,4,0,0,873,11,0
L00505,7351801.95,296461.08,9282.68,0,221,1,0,0,0,0,1,0,0,0,0,0,0,1,0,0,0,0,0,5,2,1,5,1,1,1586,15,0
L00506,25334267.51,49164.97,28057.92,0,349,0,0,0,0,1,1,0,0,0,0,0,1,0,0,0,1,0,0,1,0,0,0,0,0,0,1,0
L00507,3195866.71,218336.62,30474.26,0,143,0,0,0,1,0,0,0,0,1,0,1,0,0,0,0,0,1,0,2,1,0,1,0,2,18,6,1
L00508,3650668.38,91519.42,56513.58,1,328,0,0,0,1,0,0,0,1,0,1,0,0,0,0,0,1,0,0,2,6,3,1,0,0,654,12,1
L00509,28735905.9,493614.54,26546.35,1,208,0,0,1,0,0,0,0,0,1,0,1,0,0,0,1,0,0,0,6,0,2,0,1,1,606,10,0
L00510,28344319.4,282769.36,8223.03,0,98,0,0,0,0,1,1,0,0,0,0,1,0,0,0,0,1,0,0,1,1,1,2,2,0,487,7,0
L00511,43913872.29,345281.25,73345.47,1,187,1,0,0,0,0,1,0,0,0,1,0,0,0,0,1,0,0,0,1,2,3,4,0,0,1283,10,0
L00512,27937896.42,166082.05,30608.94,0,113,0,0,0,1,0,0,1,0,0,0,0,1,0,0,0,1,0,0,1,0,0,0,0,0,0,1,0
L00513,47993571.92,51895.76,45785.04,0,174,0,0,0,0,1,0,0,1,0,0,0,0,0,1,1,0,0,0,1,1,0,0,0,0,0,2,0
L00514,2529872.94,488056.08,13639.0,1,270,0,0,0,1,0,1,0,0,0,0,0,0,0,1,0,0,0,1,0,0,0,1,0,0,30,1,0
L00515,4990583.47,146698.22,80452.28,0,62,0,0,0,1,0,0,1,0,0,1,0,0,0,0,1,0,0,0,5,1,3,3,0,2,677,14,0
L00516,2298886.49,214785.05,56987.66,1,283,1,0,0,0,0,0,0,1,0,0,0,1,0,0,0,0,1,0,1,0,0,1,0,1,296,3,0
L00517,9345314.83,326682.64,90256.98,0,224,0,1,0,0,0,0,0,0,1,0,0,0,1,0,0,0,0,0,3,3,3,4,0,1,933,14,0
L00518,27109378.54,17225.16,50051.68,0,160,0,0,1,0,0,0,0,1,0,1,0,0,0,0,0,0,0,1,1,1,0,0,0,0,0,2,0
L00519,32314051.85,406078.27,94201.14,1,35,0,0,1,0,0,0,0,1,0,0,0,0,0,1,0,1,0,0,3,0,2,2,0,1,442,8,1
L00520,2374699.38,270606.2,89294.95,0,140,1,0,0,0,0,1,0,0,0,0,0,1,0,0,1,0,0,0,4,1,0,0,0,0,0,5,0
L00521,47303947.4,142717.51,58069.53,1,317,0,0,0,1,0,1,0,0,0,0,1,0,0,0,0,0,0,0,6,5,1,1,1,1,508,15,1
L00522,42124052.29,35495.95,93455.45,1,195,0,0,0,0,1,0,0,1,0,0,0,1,0,0,0,0,0,1,3,5,4,5,0,1,1310,18,1
L00523,14900962.86,85436.72,32985.79,1,150,0,0,0,1,0,1,0,0,0,0,0,1,0,0,0,0,0,1,6,4,0,1,1,1,175,13,1
L00524,3951657.76,448041.76,37198.57,0,268,1,0,0,0,0,1,0,0,0,0,0,0,0,1,0,1,0,0,3,1,1,5,0,1,1139,11,0
L00525,8577364.95,344581.99,5502.32,0,343,0,0,1,0,0,1,0,0,0,0,0,0,0,1,0,0,0,1,2,3,4,1,5,1,2165,16,1
L00526,6434526.25,128701.35,59330.89,1,39,0,0,0,1,0,0,1,0,0,0,0,0,1,0,1,0,0,0,0,1,0,1,1,0,289,3,0
L00527,6251860.59,37472.38,72470.47,0,237,0,0,1,0,0,0,1,0,0,0,0,0,1,0,0,0,0,0,6,6,1,1,2,3,425,19,0
L00528,25976228.26,346854.58,77578.4,0,221,0,0,0,0,1,0,0,1,0,1,0,0,0,0,0,0,0,0,6,1,3,1,0,1,342,12,1
L00529,12367787.38,288341.82,15831.81,1,280,0,0,1,0,0,1,0,0,0,0,1,0,0,0,0,1,0,0,6,4,1,4,2,1,1174,18,0
L00530,17971171.85,205237.16,44971.75,0,224,0,0,1,0,0,0,1,0,0,0,0,0,1,0,0,0,0,1,5,2,1,1,3,1,887,13,1
L00531,49476316.14,184987.67,18509.46,1,153,0,1,0,0,0,0,0,1,0,0,0,0,0,1,1,0,0,0,2,2,0,1,1,0,274,6,0
L00532,34247281.02,112323.07,66550.61,0,279,0,1,0,0,0,1,0,0,0,0,0,1,0,0,0,0,0,1,0,1,0,0,3,0,621,4,1
L00533,47454135.29,336457.57,16636.69,0,352,0,1,0,0,0,0,0,0,1,1,0,0,0,0,0,0,0,0,8,0,0,2,0,0,308,10,1
L00534,7213572.1,485480.67,90512.2,0,38,0,0,1,0,0,1,0,0,0,0,0,0,1,0,0,0,0,1,2,1,1,4,2,0,1084,10,0
L00535,19168759.79,91979.05,23832.83,0,216,1,0,0,0,0,1,0,0,0,0,0,1,0,0,1,0,0,0,3,3,6,3,1,1,1357,17,0
L00536,27781116.98,300572.73,29848.82,0,243,0,0,1,0,0,0,1,0,0,0,0,1,0,0,1,0,0,0,1,1,2,1,2,0,538,7,0
L00537,3930227.29,214971.6,85239.73,0,108,1,0,0,0,0,0,0,1,0,0,0,0,1,0,0,0,0,0,0,0,0,0,0,0,0,0,1
L00538,308953.44,226110.92,46388.29,1,60,1,0,0,0,0,0,0,1,0,0,1,0,0,0,0,0,1,0,2,2,1,0,1,0,283,6,0
L00539,33554673.26,130802.9,3375.6,0,197,0,1,0,0,0,0,1,0,0,0,1,0,0,0,0,0,0,1,1,0,0,1,0,0,144,2,0
L00540,32126793.89,413441.76,49964.04,0,275,0,0,0,1,0,1,0,0,0,1,0,0,0,0,1,0,0,0,4,1,1,2,2,2,625,12,1
L00541,20598361.62,245201.52,9369.79,0,171,0,0,0,0,1,0,0,0,1,0,1,0,0,0,1,0,0,0,2,1,1,0,1,0,244,5,1
L00542,24533239.39,273985.9,98549.13,0,271,0,1,0,0,0,1,0,0,0,1,0,0,0,0,0,0,0,0,4,7,2,0,0,3,54,16,0
L00543,20830605.73,155856.65,59223.05,0,270,0,1,0,0,0,1,0,0,0,0,0,0,0,1,0,0,0,1,5,0,1,0,0,0,29,6,0
L00544,1297851.74,94995.19,26396.73,0,41,0,0,0,1,0,0,0,0,1,0,0,0,1,0,0,0,0,1,1,0,1,1,1,0,511,4,0
L00545,16835043.15,47525.64,56808.05,0,188,0,0,0,0,1,0,1,0,0,0,0,1,0,0,0,0,0,1,3,2,0,4,4,0,1067,13,0
L00546,8936404.54,358488.97,8609.84,0,259,0,0,1,0,0,0,0,1,0,1,0,0,0,0,0,0,1,0,2,0,3,0,0,1,367,6,0
L00547,5011367.04,102135.97,80189.24,0,151,0,0,1,0,0,0,1,0,0,0,1,0,0,0,1,0,0,0,2,1,1,1,0,0,274,5,0
L00548,47840349.65,346587.3,92607.48,0,130,0,1,0,0,0,0,1,0,0,1,0,0,0,0,0,1,0,0,0,0,0,1,0,0,113,1,0
L00549,30008050.28,198236.34,87569.99,0,113,0,0,0,0,1,1,0,0,0,1,0,0,0,0,0,0,0,1,2,1,0,2,1,0,559,6,0
L00550,36459948.58,210808.53,34834.0,0,221,0,1,0,0,0,0,0,1,0,0,1,0,0,0,0,0,1,0,4,0,1,1,0,3,411,9,1
L00551,15836650.79,237242.86,33251.04,0,53,1,0,0,0,0,0,0,1,0,0,1,0,0,0,0,0,1,0,5,4,0,3,2,1,547,15,1
L00552,19718041.76,187015.71,4473.67,0,337,0,1,0,0,0,0,1,0,0,0,0,0,1,0,0,0,0,0,3,2,3,3,2,1,1297,14,1
L00553,11922507.3,54806.89,65488.64,0,295,0,1,0,0,0,0,0,0,1,0,0,1,0,0,1,0,0,0,1,5,0,1,1,4,403,12,1
L00554,4938586.98,158267.75,53955.57,0,41,0,0,1,0,0,0,1,0,0,0,0,0,1,0,0,1,0,0,4,0,1,0,1,1,531,7,0
L00555,9033678.71,333548.51,46475.29,1,92,0,0,1,0,0,0,0,0,1,0,0,0,1,0,0,0,0,0,3,1,0,1,2,0,497,7,0
L00556,39895950.86,334563.28,90855.46,1,259,0,0,1,0,0,0,0,1,0,0,1,0,0,0,0,0,0,1,3,1,0,0,1,1,44,6,0
L00557,33909535.68,146681.03,17620.01,0,280,1,0,0,0,0,0,1,0,0,0,1,0,0,0,0,0,1,0,0,0,0,0,0,0,0,0,0
L00558,27391750.91,232750.8,1956.96,1,355,0,0,1,0,0,1,0,0,0,0,0,1,0,0,0,0,1,0,1,1,0,4,3,3,824,12,1
L00559,23806984.66,100756.38,8258.33,0,191,0,0,0,0,1,0,1,0,0,1,0,0,0,0,0,0,0,1,6,1,1,2,1,1,837,12,0
L00560,46129470.75,109134.18,23113.77,0,124,0,0,0,1,0,0,0,1,0,0,0,0,1,0,1,0,0,0,1,2,0,0,0,1,0,4,1
L00561,3729473.89,16408.31,4295.27,0,295,0,0,0,0,1,1,0,0,0,0,0,1,0,0,0,0,1,0,6,2,3,3,2,1,1456,17,1
L00562,14101980.58,448889.54,50781.53,0,347,0,0,0,0,1,1,0,0,0,0,0,0,1,0,0,0,0,0,5,2,2,0,1,2,521,12,1
L00563,17561898.89,109299.8,32094.96,0,340,0,0,1,0,0,0,0,0,1,1,0,0,0,0,0,0,0,1,2,1,1,1,0,2,479,7,1
L00564,39143048.03,117629.27,18867.82,0,34,0,0,0,1,0,1,0,0,0,0,0,0,1,0,0,0,0,1,0,1,1,2,0,0,155,4,0
L00565,49626479.55,143402.71,75258.32,1,46,0,0,0,1,0,1,0,0,0,0,0,0,0,1,0,1,0,0,4,2,0,5,2,1,499,14,1
L00566,12109458.69,68067.0,21240.68,0,152,0,0,0,1,0,0,1,0,0,0,0,1,0,0,0,1,0,0,1,2,2,0,0,1,338,6,1
L00567,43727935.97,321435.13,69072.9,0,237,1,0,0,0,0,0,0,1,0,0,1,0,0,0,1,0,0,0,1,0,0,1,0,0,108,2,0
L00568,41548075.75,42195.76,35577.23,0,4,0,0,1,0,0,0,0,0,1,0,0,0,1,0,1,0,0,0,2,3,2,3,3,2,1080,15,1
L00569,11310404.14,71430.2,51670.95,1,124,0,0,0,1,0,0,1,0,0,0,0,1,0,0,0,0,0,0,0,2,0,0,1,0,60,3,0
L00570,20026695.75,324154.58,93452.84,0,327,1,0,0,0,0,1,0,0,0,0,0,1,0,0,0,0,1,0,0,0,1,1,2,0,580,4,1
L00571,20542676.18,173132.01,4697.81,0,86,0,1,0,0,0,1,0,0,0,0,0,0,1,0,0,0,1,0,2,4,1,4,0,1,1200,12,0
L00572,48913211.36,355434.17,50526.19,0,2,0,1,0,0,0,0,0,0,1,0,1,0,0,0,0,0,0,1,4,2,0,5,0,2,871,13,0
L00573,9126505.88,280925.25,85587.87,0,164,1,0,0,0,0,0,0,1,0,0,1,0,0,0,0,1,0,0,0,0,0,0,0,2,0,2,1
L00574,39977982.76,131730.48,59209.45,0,222,1,0,0,0,0,0,0,0,1,0,0,0,1,0,0,0,0,0,6,5,2,2,0,2,386,17,0
L00575,16776216.44,327159.84,28410.18,0,348,0,0,1,0,0,0,1,0,0,0,0,1,0,0,1,0,0,0,4,2,2,2,1,1,728,12,0
L00576,36570430.25,62555.47,40370.43,0,296,0,0,1,0,0,0,0,0,1,0,1,0,0,0,0,1,0,0,5,5,0,3,1,0,482,14,0
L00577,21058549.11,270523.14,68346.3,0,342,0,1,0,0,0,1,0,0,0,0,0,0,1,0,0,0,0,1,7,3,0,1,0,0,150,11,1
L00578,28960152.18,221388.31,89190.38,0,340,0,0,0,1,0,0,1,0,0,0,0,0,1,0,0,0,0,0,5,1,0,1,2,0,564,9,1
L00579,41647327.49,137597.42,5065.57,0,24,0,1,0,0,0,1,0,0,0,0,0,0,1,0,0,0,0,0,2,2,1,6,0,0,1117,11,1
L00580,40227861.69,303982.47,8082.34,0,38,0,0,0,1,0,0,0,1,0,0,0,1,0,0,0,1,0,0,1,1,1,2,0,0,594,5,0
L00581,43334516.86,436310.13,33180.1,0,104,0,0,0,1,0,1,0,0,0,0,1,0,0,0,0,0,0,0,3,3,2,4,3,1,1063,16,1
L00582,3074904.53,499457.83,24045.19,0,4,0,0,1,0,0,1,0,0,0,0,0,1,0,0,1,0,0,0,0,0,0,0,0,0,0,0,0
L00583,34633322.6,305842.57,27228.16,1,135,0,0,0,0,1,0,0,0,1,0,0,0,0,1,0,1,0,0,1,1,0,0,0,0,0,2,0
L00584,7085370.1,205329.41,22905.73,0,3,0,0,0,0,1,1,0,0,0,0,1,0,0,0,0,0,0,0,3,0,0,3,1,1,516,8,1
L00585,20849346.54,116477.51,20386.68,0,168,1,0,0,0,0,0,1,0,0,0,0,1,0,0,0,0,0,0,1,0,0,1,0,3,200,5,1
L00586,27474561.91,132262.56,13931.77,0,315,0,0,1,0,0,0,1,0,0,0,1,0,0,0,0,0,0,1,6,5,3,1,1,2,675,18,1
L00587,20196700.29,242330.21,93461.46,1,309,0,0,0,1,0,0,0,1,0,0,0,0,0,1,0,0,0,1,5,3,4,4,1,2,1528,19,1
L00588,26028622.62,186802.46,15274.76,0,77,0,0,0,0,1,0,1,0,0,1,0,0,0,0,0,0,0,0,2,1,3,3,2,0,1219,11,1
L00589,49826662.81,457338.19,21235.97,0,18,0,0,0,1,0,0,0,0,1,0,0,0,1,0,0,0,1,0,2,1,1,1,0,1,341,6,0
L00590,6847343.95,187306.26,25380.31,0,204,0,0,0,0,1,0,0,1,0,0,0,1,0,0,0,0,0,0,1,0,0,0,1,1,241,3,1
L00591,33805256.66,189855.07,93368.47,0,354,0,0,0,0,1,0,1,0,0,0,0,0,0,1,0,0,0,1,3,0,1,2,3,0,737,9,1
L00592,19860448.22,194849.58,75815.7,0,323,0,0,0,0,1,0,0,0,1,0,0,0,0,1,0,0,0,0,0,0,2,0,0,0,195,2,0
L00593,6737188.97,419127.0,79180.24,1,32,0,0,1,0,0,0,1,0,0,0,1,0,0,0,0,0,0,0,3,2,1,2,1,1,515,10,0
L00594,8020964.49,327140.22,11371.07,0,149,0,1,0,0,0,0,1,0,0,0,1,0,0,0,0,1,0,0,0,0,0,0,0,0,0,0,0
L00595,47468728.0,309013.58,83794.68,0,192,0,0,0,1,0,1,0,0,0,0,0,0,1,0,0,0,0,0,1,2,1,5,0,1,1393,10,1
L00596,43992114.69,170400.8,41411.12,0,138,0,0,1,0,0,0,1,0,0,0,1,0,0,0,0,0,0,1,5,5,2,2,1,2,856,17,1
L00597,45361393.82,409862.57,27019.48,0,271,0,0,1,0,0,0,1,0,0,0,0,1,0,0,1,0,0,0,4,1,0,8,5,1,1705,19,0
L00598,49577485.51,23990.11,57999.26,1,195,0,0,1,0,0,0,0,0,1,0,0,1,0,0,0,0,1,0,5,4,2,1,1,3,557,16,1
L00599,10494937.96,436044.6,82396.11,0,126,0,0,1,0,0,0,0,0,1,0,0,1,0,0,0,1,0,0,0,0,0,0,0,0,0,0,0
L00600,17836422.93,258811.2,78086.56,1,348,0,0,1,0,0,1,0,0,0,1,0,0,0,0,0,0,0,1,0,1,0,0,1,0,224,2,0
L00601,33494029.59,202133.87,89109.75,0,230,1,0,0,0,0,0,1,0,0,0,0,1,0,0,0,0,0,0,4,3,3,3,1,1,914,15,1
L00602,24241746.74,251097.8,92885.09,0,43,0,0,0,1,0,1,0,0,0,0,1,0,0,0,1,0,0,0,5,2,0,3,1,1,705,12,0
L00603,20977637.72,335370.69,24574.09,0,229,0,0,1,0,0,0,1,0,0,0,1,0,0,0,0,0,0,1,3,3,2,1,1,0,706,10,0
L00604,17954781.34,11318.89,42961.93,0,215,0,0,0,1,0,0,0,1,0,0,0,1,0,0,0,0,0,0,8,4,0,1,0,3,90,16,0
L00605,29729653.53,436418.17,2448.23,0,243,1,0,0,0,0,0,0,1,0,0,0,0,0,1,0,0,0,1,3,0,0,0,0,0,0,3,0
L00606,28822112.09,226136.07,88052.84,0,8,1,0,0,0,0,1,0,0,0,0,0,0,0,1,1,0,0,0,0,3,0,0,0,0,0,3,0
L00607,8156745.92,174768.43,16302.64,0,249,0,0,0,1,0,1,0,0,0,0,0,0,0,1,0,0,0,1,4,6,1,4,0,1,535,16,0
L00608,23639817.89,73431.55,86286.01,0,199,0,0,0,0,1,1,0,0,0,0,0,0,1,0,0,0,0,1,1,4,0,0,2,3,336,10,1
L00609,27718241.63,222535.36,33609.34,0,333,0,1,0,0,0,0,0,0,1,1,0,0,0,0,0,0,1,0,3,2,1,3,0,1,442,10,1
L00610,28557318.24,250679.77,37445.23,0,78,0,0,0,0,1,0,0,0,1,0,0,1,0,0,0,0,0,0,2,2,1,2,2,0,792,9,1
L00611,10584348.93,204805.11,4874.09,0,244,0,0,0,0,1,0,0,0,1,0,0,0,1,0,0,0,0,1,0,0,0,0,0,0,0,0,0
L00612,37139342.47,340936.75,33361.0,1,189,0,0,0,0,1,1,0,0,0,0,0,0,0,1,0,0,0,0,2,4,0,2,0,0,257,8,1
L00613,1357434.83,213343.78,88948.0,0,85,0,0,1,0,0,0,1,0,0,0,0,1,0,0,0,0,0,1,2,0,0,0,0,0,0,2,0
L00614,17806109.59,480901.7,3529.19,0,270,1,0,0,0,0,0,0,1,0,0,0,0,1,0,1,0,0,0,7,3,4,2,0,1,1237,17,1
L00615,39032611.16,301642.37,41226.42,0,261,0,0,0,0,1,1,0,0,0,0,1,0,0,0,0,0,1,0,6,1,2,0,2,1,560,12,1
L00616,28238256.76,404701.58,4108.56,0,0,1,0,0,0,0,0,0,0,1,0,0,0,0,1,0,0,1,0,0,0,0,0,0,0,0,0,0
L00617,13132005.38,59131.17,37721.42,0,19,0,0,0,1,0,0,0,0,1,0,0,0,1,0,0,0,0,1,0,0,0,1,1,1,457,3,0
L00618,34778160.66,201659.19,18091.42,1,129,0,1,0,0,0,1,0,0,0,0,1,0,0,0,0,1,0,0,3,3,1,1,1,1,512,10,0
L00619,28412808.11,171739.61,25969.62,0,325,0,0,0,1,0,1,0,0,0,0,0,0,0,1,0,1,0,0,0,0,0,0,0,0,0,0,0
L00620,39832556.11,286893.78,87882.24,0,257,0,0,0,1,0,0,0,0,1,1,0,0,0,0,1,0,0,0,2,0,0,1,0,0,130,3,0
L00621,36777756.79,431251.19,44168.87,0,130,0,0,1,0,0,0,1,0,0,0,0,0,0,1,1,0,0,0,0,0,0,0,1,0,62,1,0
L00622,30544385.31,43777.42,28106.0,0,6,0,1,0,0,0,0,0,0,1,1,0,0,0,0,0,0,1,0,4,1,1,0,0,2,32,8,1
L00623,24460066.0,40924.53,59344.5,0,339,0,0,0,1,0,0,0,0,1,1,0,0,0,0,0,1,0,0,0,0,0,0,0,1,0,1,0
L00624,6745788.07,425907.27,15068.59,1,240,0,0,0,1,0,1,0,0,0,1,0,0,0,0,0,0,1,0,5,5,1,2,2,0,711,15,1
L00625,13140517.59,110360.79,26679.77,0,191,0,1,0,0,0,0,1,0,0,0,0,1,0,0,1,0,0,0,8,3,3,2,1,1,429,18,0
L00626,21013063.7,336032.86,55078.55,1,309,0,1,0,0,0,0,0,0,1,0,0,1,0,0,1,0,0,0,3,2,3,5,2,3,1199,18,1
L00627,30005034.42,273724.68,24514.78,0,296,0,0,0,1,0,0,0,0,1,1,0,0,0,0,0,0,0,1,1,2,3,2,1,1,477,10,0
L00628,25734021.98,417282.33,68233.65,0,114,0,1,0,0,0,0,0,1,0,0,1,0,0,0,1,0,0,0,2,1,0,2,2,0,427,7,0
L00629,14480407.85,66919.01,49657.64,0,101,0,0,0,1,0,1,0,0,0,1,0,0,0,0,0,0,0,0,4,2,2,3,0,0,858,11,1
L00630,422571.45,69242.57,77426.92,0,337,0,0,0,1,0,0,0,1,0,0,0,0,1,0,0,1,0,0,5,5,1,6,1,0,1351,18,0
L00631,24862337.17,280625.09,94876.21,1,318,0,0,1,0,0,0,0,1,0,1,0,0,0,0,0,0,0,1,3,6,2,2,1,4,651,18,1
L00632,14352736.83,473457.43,12464.68,0,0,0,0,0,0,1,0,0,0,1,0,0,1,0,0,0,0,0,0,1,1,0,0,3,0,532,5,1
L00633,36756954.21,210423.89,34131.84,1,24,0,0,0,1,0,1,0,0,0,0,0,1,0,0,0,0,1,0,2,0,1,2,1,1,541,7,0
L00634,1294918.64,166836.34,32635.36,0,208,1,0,0,0,0,0,1,0,0,0,0,0,1,0,1,0,0,0,5,1,0,1,1,1,375,9,0
L00635,29282907.78,305311.21,15967.11,0,142,0,0,0,0,1,0,0,0,1,0,0,0,1,0,0,0,0,1,2,6,0,4,5,1,1090,18,1
L00636,47079564.45,465572.06,81220.01,1,196,0,0,0,0,1,0,1,0,0,0,0,0,0,1,0,0,1,0,2,4,2,4,4,2,1760,18,1
L00637,8803022.43,419279.28,76227.99,0,144,0,0,0,0,1,0,1,0,0,0,1,0,0,0,0,0,0,0,4,3,3,0,4,2,1048,16,0
L00638,23635309.59,497764.39,48958.12,1,148,0,0,1,0,0,1,0,0,0,0,1,0,0,0,0,0,0,0,6,4,2,4,0,2,951,18,1
L00639,4661957.39,16171.45,54239.31,0,180,0,0,0,1,0,0,0,1,0,0,1,0,0,0,1,0,0,0,5,3,1,3,2,0,960,14,1
L00640,31321527.42,60864.78,6894.87,1,54,0,0,1,0,0,1,0,0,0,0,0,1,0,0,0,0,0,0,0,1,1,0,0,0,105,2,0
L00641,27571530.86,306686.54,55995.23,0,362,0,0,0,1,0,0,1,0,0,0,1,0,0,0,0,1,0,0,3,0,0,2,1,0,277,6,0
L00642,20427539.66,411185.34,79342.81,0,137,0,0,1,0,0,0,0,0,1,0,0,0,0,1,0,1,0,0,6,2,4,2,1,1,1478,16,0
L00643,26116713.37,146195.95,57808.93,0,208,0,0,1,0,0,0,1,0,0,0,0,0,0,1,0,0,0,0,3,1,0,1,0,1,217,6,1
L00644,44839075.46,123409.49,27265.33,0,184,1,0,0,0,0,0,0,0,1,0,1,0,0,0,0,1,0,0,1,1,0,0,0,0,0,2,0
L00645,9895085.69,394553.02,67087.28,0,64,0,0,1,0,0,0,0,0,1,0,0,0,1,0,0,1,0,0,0,0,0,0,0,0,0,0,0
L00646,1225969.13,32909.02,36787.35,0,36,0,1,0,0,0,1,0,0,0,0,0,0,0,1,1,0,0,0,0,1,1,3,1,2,838,8,1
L00647,43097077.75,187844.41,54942.46,0,111,1,0,0,0,0,0,1,0,0,0,0,0,1,0,0,0,0,1,7,6,1,1,3,1,961,19,0
L00648,28898142.41,255375.57,49268.97,0,262,0,0,1,0,0,0,0,1,0,0,0,1,0,0,0,0,1,0,5,3,2,2,1,1,913,14,0
L00649,44543856.93,282372.59,38736.33,0,75,0,0,0,0,1,0,1,0,0,0,0,0,0,1,0,0,1,0,2,4,2,4,1,1,1016,14,1
L00650,29887566.65,365664.5,72168.92,0,295,0,1,0,0,0,0,1,0,0,0,0,0,1,0,1,0,0,0,4,2,5,1,1,1,966,14,1
L00651,40527038.39,180648.63,88503.74,0,177,0,1,0,0,0,0,0,1,0,0,1,0,0,0,0,0,0,1,2,0,0,0,0,1,0,3,0
L00652,21540700.83,308278.75,1516.04,0,253,0,1,0,0,0,1,0,0,0,0,0,1,0,0,0,0,0,0,0,0,0,0,0,1,0,1,0
L00653,37518010.57,294760.83,93428.04,0,0,1,0,0,0,0,0,1,0,0,1,0,0,0,0,0,0,0,0,0,0,0,1,0,0,252,1,1
L00654,45660769.2,276069.97,51640.0,0,147,0,0,1,0,0,0,1,0,0,1,0,0,0,0,1,0,0,0,4,4,1,2,2,3,595,16,1
L00655,28648935.89,322039.23,70372.46,0,363,0,0,1,0,0,0,0,0,1,0,1,0,0,0,0,0,0,0,6,6,2,1,3,0,1397,18,0
L00656,9121179.01,133427.34,85706.83,1,158,0,0,0,0,1,0,1,0,0,0,0,1,0,0,0,0,1,0,3,0,0,1,0,0,33,4,0
L00657,13513000.99,46901.13,47243.27,0,323,0,0,0,0,1,0,0,1,0,0,0,1,0,0,0,1,0,0,3,4,2,5,0,2,959,16,1
L00658,10012364.39,64039.48,83662.43,0,267,0,1,0,0,0,0,0,0,1,0,0,1,0,0,0,1,0,0,1,2,0,2,0,0,273,5,0
L00659,12418165.68,116168.28,18584.36,0,149,0,0,0,0,1,1,0,0,0,0,0,1,0,0,0,1,0,0,8,1,1,2,3,1,1038,16,1
L00660,15390130.92,252597.98,16757.59,0,128,1,0,0,0,0,0,0,0,1,1,0,0,0,0,0,0,1,0,0,0,1,0,0,0,223,1,0
L00661,27801175.96,421019.16,66089.67,1,125,0,0,1,0,0,0,0,1,0,0,0,0,1,0,0,1,0,0,0,0,0,0,0,0,0,0,0
L00662,29440782.31,352140.2,87144.16,1,0,0,1,0,0,0,0,0,1,0,0,0,1,0,0,0,0,0,1,4,1,0,2,1,3,278,11,1
L00663,21382337.39,395575.1,89350.19,0,116,0,0,0,0,1,0,0,0,1,0,0,0,1,0,0,1,0,0,7,4,1,3,1,2,719,18,0
L00664,30809496.91,178732.93,64730.31,0,148,1,0,0,0,0,1,0,0,0,0,0,1,0,0,0,0,0,0,8,2,2,1,0,0,414,13,0
L00665,4170588.79,205303.6,53023.43,0,268,1,0,0,0,0,0,0,0,1,0,0,0,0,1,1,0,0,0,4,1,1,3,1,2,796,12,1
L00666,4480633.03,199872.53,33807.92,0,188,0,0,0,0,1,1,0,0,0,0,0,0,0,1,0,0,0,0,4,3,5,1,3,0,1503,16,0
L00667,8674290.07,99977.23,98020.04,1,140,0,0,1,0,0,0,0,0,1,0,0,0,0,1,0,0,0,0,2,1,2,0,2,1,405,8,0
L00668,25952067.15,35302.25,32649.87,0,104,0,0,0,0,1,0,0,1,0,0,0,1,0,0,0,1,0,0,2,3,1,6,1,0,1661,13,1
L00669,10778334.47,297503.47,74674.42,0,251,0,1,0,0,0,0,1,0,0,0,0,0,1,0,0,0,0,1,1,4,2,0,0,1,277,8,0
L00670,14235891.73,494662.26,53666.2,0,280,0,0,0,0,1,0,1,0,0,1,0,0,0,0,0,1,0,0,1,1,2,1,0,0,372,5,0
L00671,20075610.53,87580.7,61242.72,0,343,1,0,0,0,0,1,0,0,0,0,1,0,0,0,0,0,0,0,2,4,2,3,2,1,1278,14,0
L00672,40612119.59,28108.99,39954.57,0,100,0,0,0,0,1,1,0,0,0,1,0,0,0,0,0,0,0,1,3,1,2,2,1,3,942,12,1
L00673,791720.58,390868.18,96517.49,1,281,0,0,1,0,0,1,0,0,0,0,0,1,0,0,0,1,0,0,5,3,2,5,2,0,978,17,0
L00674,32504003.13,130030.07,57596.55,0,357,0,0,0,1,0,0,0,1,0,0,0,0,0,1,0,1,0,0,6,4,1,3,4,0,882,18,0
L00675,33476938.9,415673.68,93840.98,1,162,0,0,0,0,1,0,0,0,1,0,0,0,0,1,1,0,0,0,2,3,0,1,1,2,317,9,1
L00676,39952923.44,353448.65,1751.55,0,202,0,0,1,0,0,0,0,1,0,0,0,0,1,0,0,0,0,0,4,3,0,1,2,1,536,11,0
L00677,46644371.66,473108.4,57694.39,0,99,0,0,1,0,0,0,1,0,0,0,0,1,0,0,0,0,1,0,0,1,0,0,0,0,0,1,0
L00678,1104878.66,207418.98,72001.5,0,280,1,0,0,0,0,1,0,0,0,1,0,0,0,0,0,0,0,0,1,2,2,2,0,0,585,7,1
L00679,7773806.91,332675.07,74762.94,0,256,0,0,1,0,0,0,0,0,1,0,0,1,0,0,1,0,0,0,6,7,0,3,3,0,753,19,1
L00680,44319947.57,235103.12,90592.71,1,93,0,0,1,0,0,0,1,0,0,0,0,1,0,0,0,1,0,0,0,0,0,0,0,0,0,0,0
L00681,22980076.25,317141.41,1435.76,0,323,0,0,1,0,0,0,1,0,0,0,0,0,0,1,0,0,0,0,1,0,0,0,0,0,0,1,0
L00682,28273072.88,227551.46,1032.69,0,278,0,0,1,0,0,0,1,0,0,1,0,0,0,0,0,1,0,0,3,1,1,4,2,0,1412,11,0
L00683,33185057.47,98372.96,47754.08,0,226,0,1,0,0,0,0,0,1,0,0,1,0,0,0,0,0,0,0,1,0,0,0,0,0,0,1,0
L00684,33985423.56,256409.22,3900.08,0,361,0,1,0,0,0,1,0,0,0,0,0,0,0,1,1,0,0,0,3,6,3,1,3,0,1375,16,0
L00685,46593846.13,266649.18,97478.72,0,149,1,0,0,0,0,0,1,0,0,1,0,0,0,0,0,1,0,0,4,2,2,0,3,2,975,13,1
L00686,49847775.93,406248.9,22984.45,0,350,0,0,0,0,1,1,0,0,0,0,0,0,1,0,0,0,1,0,1,4,1,4,1,1,949,12,1
L00687,36035857.3,369082.75,47793.81,0,61,0,0,1,0,0,0,0,1,0,0,0,0,0,1,0,0,0,0,1,2,0,1,1,0,310,5,0
L00688,14432338.34,333576.85,7052.63,0,128,0,0,0,0,1,0,1,0,0,0,0,0,1,0,0,0,0,0,1,1,0,5,2,1,1579,10,0
L00689,43999644.87,61126.61,52682.79,0,186,0,0,0,0,1,0,0,1,0,0,0,0,0,1,0,1,0,0,1,0,1,0,0,1,136,3,0
L00690,2556123.64,361705.06,38615.66,0,67,1,0,0,0,0,0,0,1,0,0,0,1,0,0,0,1,0,0,1,1,0,0,1,0,233,3,1
L00691,11630934.56,252651.05,5421.34,0,29,0,0,1,0,0,1,0,0,0,1,0,0,0,0,0,0,0,1,5,3,3,2,1,2,740,16,1
L00692,44879547.3,447579.27,34177.3,0,303,0,0,1,0,0,0,1,0,0,0,0,0,1,0,0,0,1,0,9,2,2,2,1,1,585,17,0
L00693,12883956.57,460336.11,39752.17,0,274,0,0,0,1,0,0,0,1,0,0,0,0,0,1,0,0,1,0,1,1,1,0,0,0,149,3,0
L00694,11110487.88,32302.51,99002.23,0,126,0,0,0,0,1,0,1,0,0,0,0,0,1,0,0,1,0,0,2,3,3,1,1,0,305,10,0
L00695,6992452.13,411217.57,21580.7,0,212,0,0,0,0,1,1,0,0,0,0,0,0,0,1,0,0,0,0,3,6,2,2,2,4,1034,19,0
L00696,42969676.71,23660.21,54933.18,0,305,0,1,0,0,0,0,0,1,0,0,0,0,0,1,0,0,1,0,1,0,0,1,0,3,113,5,1
L00697,25052907.13,186748.96,98744.24,0,133,0,0,0,1,0,1,0,0,0,0,1,0,0,0,0,0,0,0,7,5,1,2,1,0,695,16,1
L00698,33777170.83,273438.49,79409.9,0,218,0,1,0,0,0,0,1,0,0,0,1,0,0,0,0,0,0,1,3,2,0,2,0,2,170,9,0
L00699,12029412.57,78309.9,99343.38,0,318,0,1,0,0,0,0,1,0,0,0,1,0,0,0,0,0,0,1,3,1,2,4,2,1,1794,13,0
L00700,37926217.01,374425.34,96861.53,0,156,0,1,0,0,0,1,0,0,0,0,0,0,1,0,0,0,0,0,2,3,0,4,2,3,973,14,0
L00701,38024276.69,9135.58,49464.41,0,187,1,0,0,0,0,0,0,0,1,0,0,1,0,0,0,0,0,1,6,0,3,4,2,2,982,17,1
L00702,15698641.44,88456.53,69941.21,1,161,1,0,0,0,0,0,0,1,0,0,0,0,0,1,0,0,0,0,1,0,0,1,0,0,114,2,1
L00703,20593063.39,292494.43,11933.87,0,128,0,1,0,0,0,0,1,0,0,1,0,0,0,0,0,0,0,0,3,2,2,6,3,2,1913,18,0
L00704,10563544.84,358621.84,44673.73,1,303,0,0,0,1,0,0,1,0,0,0,1,0,0,0,0,0,1,0,4,2,2,3,1,0,912,12,1
L00705,48830395.06,458738.34,81092.84,0,88,0,0,0,0,1,0,0,1,0,0,0,0,1,0,0,0,0,1,1,1,0,1,1,1,310,5,0
L00706,32315568.6,354220.84,51028.2,0,161,0,0,0,1,0,1,0,0,0,0,0,0,1,0,0,1,0,0,4,3,1,0,2,2,385,12,1
L00707,46733739.65,337530.74,70567.2,0,35,0,0,1,0,0,1,0,0,0,0,0,0,1,0,0,1,0,0,4,7,0,0,2,2,179,15,0
L00708,15238938.63,200198.87,74829.38,0,226,1,0,0,0,0,1,0,0,0,1,0,0,0,0,1,0,0,0,2,1,0,2,0,0,376,5,0
L00709,39116356.56,5635.79,26093.44,0,150,0,0,0,0,1,0,0,0,1,1,0,0,0,0,0,1,0,0,1,0,0,1,1,0,178,3,0
L00710,38316346.33,64478.83,87694.24,0,80,0,0,0,0,1,0,0,0,1,0,1,0,0,0,1,0,0,0,2,2,0,2,0,1,541,7,0
L00711,34613617.03,269604.5,46522.42,1,46,0,0,1,0,0,0,1,0,0,1,0,0,0,0,1,0,0,0,10,3,2,3,0,0,181,18,0
L00712,48285384.87,339189.29,21808.33,0,203,0,0,1,0,0,1,0,0,0,0,1,0,0,0,1,0,0,0,4,5,1,2,2,1,911,15,1
L00713,19738411.27,211636.9,86676.17,1,147,0,1,0,0,0,0,0,1,0,1,0,0,0,0,0,0,0,1,3,2,0,3,0,1,443,9,0
L00714,6622794.45,366686.11,42364.06,0,230,1,0,0,0,0,0,1,0,0,1,0,0,0,0,0,1,0,0,2,3,0,1,0,1,82,7,1
L00715,33618272.08,263321.84,75280.93,0,26,1,0,0,0,0,0,0,1,0,1,0,0,0,0,0,1,0,0,2,3,2,1,2,2,845,12,1
L00716,36492559.04,41717.22,55255.27,0,188,0,0,0,1,0,0,1,0,0,0,1,0,0,0,0,0,1,0,7,1,0,1,1,0,462,10,0
L00717,28795522.62,100048.04,38805.3,0,164,0,1,0,0,0,0,0,0,1,0,0,0,0,1,0,0,0,1,1,1,0,2,1,0,557,5,0
L00718,10420212.87,420799.12,81177.77,0,211,0,1,0,0,0,0,1,0,0,0,1,0,0,0,0,0,0,1,3,2,1,1,0,1,500,8,0
L00719,25272351.49,363831.81,58862.52,1,307,0,1,0,0,0,0,0,0,1,0,0,0,0,1,0,0,1,0,7,2,0,2,1,0,466,12,0
L00720,15678267.85,447907.18,39665.65,0,74,0,1,0,0,0,0,1,0,0,0,0,0,1,0,0,0,0,0,4,2,2,2,1,0,662,11,1
L00721,21430579.76,63190.84,11850.19,0,91,1,0,0,0,0,1,0,0,0,0,0,0,1,0,0,0,0,1,5,1,1,5,4,3,1325,19,1
L00722,32296406.93,495160.15,89649.09,0,61,1,0,0,0,0,0,0,1,0,0,1,0,0,0,0,0,1,0,0,0,1,0,0,0,149,1,0
L00723,37286215.66,108656.32,4511.49,0,65,0,1,0,0,0,1,0,0,0,0,0,0,0,1,0,0,0,0,1,0,1,2,0,0,635,4,0
L00724,11688012.08,10831.04,86455.55,0,79,0,0,0,1,0,0,1,0,0,0,0,0,0,1,0,0,0,0,6,2,3,3,2,3,1198,19,1
L00725,20325735.5,498724.35,36636.19,0,139,0,0,0,0,1,0,1,0,0,0,0,0,0,1,0,0,0,1,3,1,0,1,1,0,373,6,0
L00726,13531162.39,144131.57,64294.54,0,129,0,0,0,0,1,0,1,0,0,0,0,0,1,0,0,0,1,0,7,1,1,4,0,2,598,15,0
L00727,10011717.53,335669.63,92297.77,0,253,0,0,0,1,0,0,0,0,1,0,1,0,0,0,0,1,0,0,7,5,1,3,1,1,883,18,0
L00728,39191022.28,92457.75,16018.95,0,319,0,1,0,0,0,0,0,1,0,0,0,1,0,0,0,0,0,1,1,2,2,2,2,0,1038,9,0
L00729,45471709.45,292213.12,57128.1,0,28,1,0,0,0,0,0,0,1,0,0,0,0,0,1,0,0,0,0,6,3,0,4,2,1,931,16,0
L00730,18574586.07,452497.32,76678.85,0,201,0,0,0,0,1,0,1,0,0,0,0,0,0,1,0,0,0,1,3,4,0,1,0,4,166,12,1
L00731,37588818.33,163489.68,76000.8,0,236,0,0,1,0,0,0,1,0,0,0,0,1,0,0,0,0,0,0,1,1,0,1,1,1,323,5,0
L00732,44860064.94,336775.72,53037.56,0,86,0,0,1,0,0,0,0,0,1,0,1,0,0,0,0,0,0,1,3,2,1,0,1,1,376,8,1
L00733,42321598.11,98012.28,62849.21,1,95,0,0,0,1,0,1,0,0,0,0,0,0,0,1,0,0,0,0,6,1,1,2,1,2,477,13,0
L00734,9222388.09,314273.72,75995.17,1,286,0,1,0,0,0,1,0,0,0,0,1,0,0,0,0,0,0,1,0,0,0,0,1,1,18,2,0
L00735,47818964.89,171542.92,84261.74,0,338,0,0,0,0,1,0,0,1,0,0,0,0,0,1,0,1,0,0,1,1,0,4,0,0,658,6,0
L00736,18896154.38,109548.09,76419.5,1,288,0,1,0,0,0,0,0,0,1,1,0,0,0,0,0,0,0,1,3,4,0,6,0,2,583,15,1
L00737,17028108.99,160025.12,36046.49,0,251,0,0,0,0,1,0,1,0,0,0,0,0,0,1,1,0,0,0,4,1,0,0,0,0,0,5,0
L00738,3215323.23,93526.33,99675.91,0,179,0,0,0,1,0,0,0,1,0,1,0,0,0,0,0,1,0,0,3,2,1,1,1,0,566,8,1
L00739,24360065.34,451448.47,44015.77,0,99,0,0,0,1,0,0,0,0,1,0,1,0,0,0,0,0,0,0,4,2,1,1,0,2,422,10,1
L00740,5539779.42,201607.51,3422.01,1,72,0,0,1,0,0,1,0,0,0,0,0,0,0,1,1,0,0,0,0,1,0,3,1,1,689,6,0
L00741,12502137.06,126413.26,36899.08,0,130,0,1,0,0,0,0,0,0,1,0,0,0,1,0,0,0,1,0,5,5,2,1,1,4,759,18,1
L00742,15915436.83,226961.88,13650.51,1,181,0,0,1,0,0,1,0,0,0,0,0,0,1,0,1,0,0,0,2,4,0,5,2,3,1171,16,1
L00743,40460433.54,163665.4,13022.82,1,193,0,1,0,0,0,0,0,0,1,0,0,1,0,0,0,1,0,0,2,1,1,3,1,1,695,9,0
L00744,43786883.65,373487.53,28871.97,0,17,0,0,1,0,0,0,0,1,0,0,0,0,1,0,0,0,0,0,5,5,2,3,1,3,985,19,0
L00745,15193069.24,485753.86,6284.17,0,125,1,0,0,0,0,1,0,0,0,1,0,0,0,0,1,0,0,0,6,2,2,1,0,3,357,14,1
L00746,42949036.25,221826.66,69162.71,0,210,1,0,0,0,0,0,0,1,0,0,0,0,1,0,0,0,1,0,6,1,3,2,3,1,1245,16,0
L00747,42875823.77,431211.53,8324.9,0,6,1,0,0,0,0,0,0,1,0,0,0,0,1,0,0,0,1,0,0,3,2,4,2,1,837,12,1
L00748,38256082.42,285102.22,21125.67,0,113,1,0,0,0,0,1,0,0,0,0,0,0,1,0,0,0,0,1,1,1,0,0,0,0,0,2,0
L00749,7420086.19,82831.65,10197.07,0,339,0,0,0,0,1,1,0,0,0,0,0,0,0,1,0,0,0,0,1,0,1,1,0,0,410,3,0
L00750,34547110.06,346858.26,7253.61,0,83,1,0,0,0,0,0,1,0,0,0,0,1,0,0,0,0,1,0,6,4,1,4,0,2,1031,17,1
L00751,47256700.82,259150.08,27507.41,0,338,0,0,0,1,0,0,1,0,0,0,1,0,0,0,0,0,0,1,2,2,0,0,0,0,0,4,0
L00752,34158769.89,327050.23,57618.0,0,360,0,0,0,1,0,0,1,0,0,0,0,1,0,0,0,0,0,0,1,0,0,1,1,1,182,4,1
L00753,16647680.77,445395.27,96503.87,0,101,0,0,0,0,1,0,0,1,0,1,0,0,0,0,0,1,0,0,2,4,3,2,0,5,890,16,1
L00754,25078907.94,223015.11,87680.11,0,92,1,0,0,0,0,0,0,1,0,0,0,0,0,1,0,0,0,1,5,3,2,3,2,2,1143,17,1
L00755,32321679.66,451082.92,87717.46,0,315,1,0,0,0,0,0,1,0,0,0,0,0,0,1,0,0,0,0,2,2,4,5,2,1,2037,16,0
L00756,25577463.4,376581.16,18430.64,0,101,1,0,0,0,0,0,0,1,0,0,0,0,1,0,0,0,1,0,2,5,1,1,1,1,617,11,1
L00757,6085651.79,246859.44,27225.81,1,250,0,0,1,0,0,0,0,1,0,0,0,0,1,0,0,0,0,0,7,3,2,2,1,4,884,19,1
L00758,15671995.83,303594.96,8562.94,0,23,0,1,0,0,0,1,0,0,0,1,0,0,0,0,0,0,1,0,1,2,0,2,0,1,248,6,1
L00759,40139561.92,166162.66,78068.37,0,364,0,0,1,0,0,1,0,0,0,0,0,0,0,1,0,0,0,0,3,2,0,5,0,0,721,10,1
L00760,43084760.5,491880.66,7911.81,1,166,0,1,0,0,0,0,0,1,0,0,1,0,0,0,0,0,0,0,1,2,1,3,0,0,773,7,0
L00761,6951271.63,335338.83,56112.87,0,139,1,0,0,0,0,0,1,0,0,0,0,1,0,0,1,0,0,0,2,1,2,2,1,1,894,9,0
L00762,47624098.94,26704.19,25539.68,0,93,1,0,0,0,0,0,0,0,1,0,0,0,0,1,0,1,0,0,1,0,1,0,2,0,156,4,0
L00763,16508248.63,166677.84,25101.12,0,180,0,0,1,0,0,0,1,0,0,0,1,0,0,0,0,0,0,1,3,1,0,0,1,0,156,5,0
L00764,33149455.56,313540.64,99081.78,1,63,0,0,1,0,0,0,0,0,1,0,1,0,0,0,0,0,1,0,1,0,0,0,0,0,0,1,0
L00765,37616074.78,32884.97,75921.2,1,3,0,1,0,0,0,0,1,0,0,0,0,1,0,0,1,0,0,0,2,3,1,4,0,4,549,14,1
L00766,40616117.11,16822.67,83857.0,0,93,0,0,0,1,0,1,0,0,0,0,1,0,0,0,0,1,0,0,3,0,1,2,0,1,511,7,1
L00767,47292910.14,227762.0,57626.29,0,271,0,1,0,0,0,0,0,1,0,1,0,0,0,0,1,0,0,0,2,2,0,3,1,1,645,9,0
L00768,15714685.45,169681.64,87230.41,1,282,0,0,1,0,0,0,0,1,0,0,1,0,0,0,0,0,0,0,1,1,2,6,1,0,1608,11,0
L00769,42939472.08,221957.81,64903.56,0,131,0,0,1,0,0,1,0,0,0,1,0,0,0,0,0,0,1,0,4,3,2,1,3,6,718,19,1
L00770,6671176.48,135033.19,94671.2,0,71,0,0,0,0,1,0,0,0,1,0,1,0,0,0,0,0,0,1,4,3,2,1,0,1,615,11,0
L00771,35281541.23,86535.28,28852.52,0,303,0,0,1,0,0,0,0,0,1,0,0,0,1,0,0,1,0,0,3,3,1,4,1,2,1186,14,0
L00772,37124688.7,346125.96,59936.64,0,80,0,0,0,0,1,0,0,0,1,0,1,0,0,0,1,0,0,0,9,3,2,1,0,4,251,19,1
L00773,33918389.74,259712.7,69323.0,0,173,0,0,0,1,0,1,0,0,0,1,0,0,0,0,0,1,0,0,3,4,1,1,1,0,556,10,0
L00774,12690505.33,104076.33,39900.79,0,299,0,1,0,0,0,0,0,0,1,0,1,0,0,0,0,1,0,0,0,0,0,0,0,0,0,0,0
L00775,43664853.04,163196.77,88091.09,0,51,0,1,0,0,0,1,0,0,0,0,1,0,0,0,0,0,0,0,5,0,3,1,1,1,801,11,0
L00776,8526037.32,297944.91,98000.51,0,289,0,0,0,0,1,0,1,0,0,0,1,0,0,0,0,0,0,0,4,0,0,2,0,0,171,6,0
L00777,2776376.1,40753.53,49883.18,0,236,0,1,0,0,0,0,1,0,0,1,0,0,0,0,0,1,0,0,1,0,1,3,0,0,672,5,0
L00778,35901503.03,77989.24,39673.42,0,276,0,0,1,0,0,1,0,0,0,0,1,0,0,0,0,1,0,0,1,2,1,0,0,0,51,4,0
L00779,23826238.19,41256.57,47721.85,0,279,1,0,0,0,0,0,0,1,0,0,0,1,0,0,1,0,0,0,5,0,0,4,2,1,1036,12,0
L00780,42469991.2,407097.08,85420.94,0,43,0,0,0,0,1,0,1,0,0,0,0,1,0,0,0,0,0,1,3,2,1,3,0,2,951,11,1
L00781,19231517.34,377442.57,64901.37,1,253,0,1,0,0,0,0,0,0,1,1,0,0,0,0,1,0,0,0,0,1,0,0,0,1,0,2,0
L00782,8497101.57,377889.9,5432.46,0,358,0,0,0,0,1,1,0,0,0,0,0,0,1,0,1,0,0,0,1,0,0,2,0,1,422,4,0
L00783,41838465.4,359581.05,54674.82,0,133,0,0,0,0,1,0,0,0,1,0,0,1,0,0,1,0,0,0,0,0,0,0,0,0,0,0,0
L00784,27490590.62,336345.78,2712.71,0,55,1,0,0,0,0,0,0,0,1,0,0,0,0,1,0,0,1,0,2,2,0,3,1,2,580,10,1
L00785,9540870.04,241111.0,78075.0,0,13,0,0,1,0,0,0,0,1,0,0,0,1,0,0,0,0,1,0,1,3,0,0,0,1,0,5,0
L00786,36047161.53,322927.69,33502.92,0,177,0,0,0,0,1,0,0,0,1,0,0,0,0,1,0,0,1,0,3,5,2,4,1,4,1241,19,1
L00787,25604570.56,23988.97,47728.74,0,100,0,1,0,0,0,0,0,1,0,1,0,0,0,0,1,0,0,0,0,0,0,0,0,0,0,0,0
L00788,30255217.81,312624.89,80069.13,0,179,0,0,0,1,0,0,1,0,0,0,0,0,1,0,0,0,0,0,0,0,1,0,0,0,192,1,0
L00789,23098827.08,390049.46,5598.43,1,256,0,0,0,0,1,1,0,0,0,0,0,0,0,1,0,0,0,0,1,2,0,0,0,0,0,3,0
L00790,41452578.29,252677.39,16695.61,0,267,0,0,0,0,1,0,0,0,1,0,0,0,0,1,0,1,0,0,1,1,0,1,0,0,96,3,1
L00791,41495179.51,181969.1,40398.08,0,361,1,0,0,0,0,1,0,0,0,0,0,1,0,0,1,0,0,0,0,0,0,0,0,0,0,0,0
L00792,35498502.21,142326.23,23762.59,0,36,0,0,1,0,0,0,0,0,1,0,0,0,0,1,0,0,0,1,9,4,1,1,0,2,357,17,1
L00793,5359528.73,323187.01,34452.24,0,203,0,0,0,1,0,1,0,0,0,1,0,0,0,0,0,1,0,0,6,5,4,0,2,0,796,17,1
L00794,41958807.71,347936.59,99819.3,0,258,0,1,0,0,0,0,0,0,1,1,0,0,0,0,0,0,0,1,3,2,5,5,1,2,1750,18,1
L00795,33583547.73,436128.96,82716.03,0,154,0,0,0,1,0,0,0,0,1,1,0,0,0,0,0,0,0,1,0,0,1,0,0,0,227,1,0
L00796,34881505.88,174455.37,88506.28,0,237,0,1,0,0,0,0,0,0,1,0,0,1,0,0,0,0,0,1,0,1,0,0,1,0,212,2,0
L00797,18212843.74,386037.29,93768.41,0,308,0,0,1,0,0,0,0,0,1,0,0,0,1,0,1,0,0,0,3,0,0,1,3,1,602,8,1
L00798,43976049.85,282871.13,34752.65,0,99,0,1,0,0,0,0,0,0,1,0,0,1,0,0,0,0,0,1,2,0,0,0,0,1,0,3,0
L00799,36296042.85,442004.06,30410.62,0,272,1,0,0,0,0,0,0,0,1,1,0,0,0,0,0,0,0,0,3,3,0,1,1,2,393,10,0
L00800,5718264.28,266266.99,24172.19,1,112,1,0,0,0,0,0,0,0,1,0,0,1,0,0,1,0,0,0,4,2,1,5,2,0,1441,14,1
L00801,20448123.92,261226.77,83181.57,0,109,1,0,0,0,0,0,0,0,1,1,0,0,0,0,0,0,1,0,0,3,1,2,1,1,566,8,0
L00802,44330380.06,291049.16,68275.63,0,142,1,0,0,0,0,0,0,0,1,0,1,0,0,0,0,1,0,0,5,3,0,5,0,1,589,14,1
L00803,2455115.41,375911.1,24381.03,0,166,0,0,0,1,0,1,0,0,0,0,1,0,0,0,0,1,0,0,3,2,0,0,0,2,0,7,1
L00804,48074689.32,482521.79,38322.39,1,259,0,0,1,0,0,0,0,1,0,0,0,0,0,1,0,0,0,1,7,1,3,4,1,0,1369,16,0
L00805,33990212.16,41413.86,51164.46,1,144,0,1,0,0,0,0,0,0,1,0,0,0,1,0,0,1,0,0,2,2,0,3,1,3,599,11,1
L00806,31605661.28,31450.13,53285.87,0,229,0,1,0,0,0,0,0,1,0,0,1,0,0,0,0,1,0,0,5,1,0,1,1,1,363,9,0
L00807,13600906.9,469087.42,88984.05,1,267,1,0,0,0,0,0,0,0,1,1,0,0,0,0,0,1,0,0,3,4,2,2,2,0,777,13,1
L00808,12514710.26,267288.43,38676.05,0,31,1,0,0,0,0,0,0,0,1,0,0,1,0,0,0,0,0,1,4,3,1,3,2,0,904,13,0
L00809,47108705.15,309376.99,90943.88,1,298,0,0,0,0,1,1,0,0,0,0,0,1,0,0,0,0,1,0,2,0,0,1,0,0,20,3,0
L00810,14983795.47,243799.68,44695.39,0,218,0,0,1,0,0,0,1,0,0,0,0,0,0,1,1,0,0,0,3,2,0,3,2,0,501,10,0
L00811,38797714.31,51360.44,74890.89,0,176,0,0,0,1,0,0,1,0,0,0,0,1,0,0,0,0,1,0,0,1,0,0,0,0,0,1,0
L00812,19716777.73,385204.24,93095.18,0,103,0,1,0,0,0,1,0,0,0,0,1,0,0,0,0,1,0,0,0,0,1,0,0,1,128,2,0
L00813,7048778.13,374876.2,90849.99,0,235,0,0,0,0,1,0,0,1,0,0,0,1,0,0,0,0,1,0,6,4,2,2,3,1,1447,18,0
L00814,634693.35,159293.14,6638.33,0,92,0,0,0,0,1,0,1,0,0,0,1,0,0,0,0,0,0,1,6,4,1,3,4,1,1244,19,1
L00815,27258441.12,156588.43,21364.73,0,200,0,1,0,0,0,1,0,0,0,0,1,0,0,0,0,0,1,0,1,2,1,2,0,0,221,6,0
L00816,48791363.05,419731.48,48213.64,0,298,0,0,0,1,0,1,0,0,0,0,0,0,1,0,0,0,0,0,6,1,3,1,1,2,589,14,0
L00817,18519896.07,40816.84,43723.87,0,230,0,0,0,0,1,0,1,0,0,0,0,0,0,1,0,0,0,0,2,2,0,1,0,1,38,6,0
L00818,17923897.47,441147.05,64448.27,0,254,0,0,0,0,1,0,0,1,0,1,0,0,0,0,0,1,0,0,4,6,3,4,0,2,1203,19,1
L00819,17270171.73,132047.54,94526.2,1,84,0,0,1,0,0,1,0,0,0,0,1,0,0,0,0,0,0,0,3,1,0,0,0,0,0,4,1
L00820,26075137.48,298527.45,12128.07,1,34,0,0,0,1,0,0,0,0,1,0,0,0,0,1,0,1,0,0,6,3,2,1,2,1,627,15,1
L00821,22089177.68,468317.12,45734.01,1,116,0,0,0,0,1,0,0,1,0,1,0,0,0,0,0,0,0,0,3,3,1,0,0,1,151,8,0
L00822,44007739.87,340670.64,20048.69,0,175,0,0,0,1,0,0,0,1,0,0,0,1,0,0,1,0,0,0,0,9,0,6,1,2,946,18,1
L00823,25325487.51,210142.76,89516.65,0,275,0,1,0,0,0,0,1,0,0,0,0,0,0,1,1,0,0,0,5,4,1,2,0,1,641,13,1
L00824,25437116.13,346319.43,96493.44,0,84,1,0,0,0,0,0,1,0,0,0,0,0,0,1,0,1,0,0,3,0,0,1,1,1,213,6,0
L00825,7004742.58,175269.92,48391.47,0,116,0,0,0,0,1,0,0,0,1,0,0,0,0,1,0,1,0,0,1,0,0,1,0,2,224,4,1
L00826,49138703.09,142242.92,11297.02,0,361,0,0,1,0,0,1,0,0,0,0,0,1,0,0,0,0,1,0,6,2,1,3,0,2,357,14,1
L00827,12573647.25,498358.22,78744.17,0,203,0,1,0,0,0,0,1,0,0,0,0,1,0,0,0,0,0,0,5,1,0,0,1,1,159,8,0
L00828,3760866.97,376641.16,70016.99,1,145,0,0,0,1,0,0,1,0,0,0,0,0,0,1,0,0,1,0,4,3,3,3,1,3,1081,17,1
L00829,33190997.82,324136.39,36112.41,0,214,0,1,0,0,0,0,0,1,0,0,0,0,1,0,0,0,1,0,8,0,3,1,1,3,696,16,1
L00830,29808781.87,180868.37,88853.34,1,104,0,0,0,0,1,0,1,0,0,0,1,0,0,0,0,0,1,0,3,2,0,1,1,0,193,7,0
L00831,20815768.13,29334.61,97607.36,0,348,0,0,0,1,0,0,1,0,0,0,0,1,0,0,1,0,0,0,6,0,0,3,2,0,941,11,0
L00832,21167392.47,20373.15,56227.53,0,296,1,0,0,0,0,0,1,0,0,0,0,0,1,0,0,1,0,0,4,4,1,4,1,2,727,16,1
L00833,39274689.66,279319.72,57007.06,0,355,0,1,0,0,0,0,1,0,0,0,0,1,0,0,0,1,0,0,1,5,2,0,1,3,352,12,1
L00834,9866060.74,382206.2,30453.84,0,68,0,0,0,0,1,0,0,1,0,0,0,0,0,1,1,0,0,0,3,4,2,2,1,1,1012,13,1
L00835,41030640.62,271002.7,58866.1,1,254,0,0,1,0,0,0,0,0,1,0,0,0,1,0,1,0,0,0,0,0,0,0,0,0,0,0,0
L00836,32472480.98,421188.61,44524.59,0,230,0,0,0,1,0,0,0,0,1,1,0,0,0,0,0,1,0,0,5,4,2,2,4,1,958,18,1
L00837,21006591.71,21546.13,30916.91,0,202,0,1,0,0,0,1,0,0,0,0,1,0,0,0,0,1,0,0,1,2,0,3,2,4,690,12,1
L00838,22955627.97,186542.28,7651.33,0,361,0,1,0,0,0,0,1,0,0,0,1,0,0,0,0,1,0,0,0,2,1,2,2,1,820,8,0
L00839,12906695.64,122349.84,26018.08,0,247,1,0,0,0,0,0,0,1,0,0,0,1,0,0,0,0,0,0,1,0,0,1,0,0,52,2,0
L00840,37630505.2,226400.12,20587.61,0,248,1,0,0,0,0,1,0,0,0,0,1,0,0,0,0,1,0,0,3,2,1,2,2,2,643,12,1
L00841,25692449.64,40826.31,54662.16,0,143,0,0,1,0,0,1,0,0,0,1,0,0,0,0,0,0,0,1,4,4,1,4,3,3,917,19,1
L00842,16110641.68,477295.16,60565.33,0,282,0,0,1,0,0,0,0,0,1,0,0,0,1,0,0,0,0,1,1,0,0,2,1,0,310,4,1
L00843,29842900.78,115511.42,61248.6,0,355,0,0,0,0,1,0,0,1,0,0,0,0,1,0,0,0,0,1,4,4,0,2,1,0,619,11,0
L00844,49787149.16,461542.35,39429.92,0,240,0,0,0,0,1,0,0,1,0,0,0,0,0,1,0,1,0,0,1,0,0,0,0,0,0,1,0
L00845,21819587.75,215817.11,42701.74,1,340,0,0,1,0,0,0,0,1,0,0,0,0,1,0,1,0,0,0,3,6,2,2,0,4,812,17,1
L00846,46042500.9,492834.45,83589.6,0,228,0,0,1,0,0,0,0,0,1,0,0,1,0,0,0,1,0,0,4,4,4,2,2,3,1320,19,1
L00847,17316340.31,279258.9,48147.05,0,30,0,0,0,1,0,0,0,0,1,1,0,0,0,0,1,0,0,0,8,4,4,0,1,2,856,19,0
L00848,2831162.08,465762.27,98789.56,0,108,1,0,0,0,0,0,0,0,1,0,0,0,0,1,0,1,0,0,1,2,0,1,1,1,247,6,1
L00849,10291681.11,7647.75,44522.11,0,26,0,0,0,0,1,0,0,0,1,0,0,1,0,0,0,0,0,1,0,0,0,1,0,0,123,1,0
L00850,20992887.65,375378.21,65308.51,0,342,1,0,0,0,0,0,0,0,1,0,0,1,0,0,0,0,1,0,2,0,0,0,0,0,0,2,0
L00851,11059782.94,452010.07,5985.94,0,159,1,0,0,0,0,0,1,0,0,0,0,1,0,0,0,0,0,1,3,0,1,0,0,3,187,7,1
L00852,111329.21,74161.68,65680.65,1,16,0,0,1,0,0,0,1,0,0,0,1,0,0,0,0,0,0,1,0,1,0,0,1,1,275,3,1
L00853,45758576.73,52582.3,85291.21,0,266,0,0,0,1,0,0,0,1,0,0,0,1,0,0,1,0,0,0,0,0,0,2,0,0,157,2,0
L00854,42209582.62,215163.44,94303.33,0,128,0,1,0,0,0,1,0,0,0,0,1,0,0,0,0,0,0,0,10,1,4,2,0,2,885,19,1
L00855,37140382.35,467171.06,99734.74,0,219,0,0,0,1,0,0,0,1,0,0,0,0,1,0,1,0,0,0,2,2,2,2,1,1,889,10,1
L00856,8473948.32,273481.35,28935.69,0,81,0,0,0,1,0,1,0,0,0,0,1,0,0,0,0,0,1,0,1,3,3,5,2,1,1631,15,0
L00857,6106142.45,266090.95,57961.64,0,48,1,0,0,0,0,0,0,0,1,0,0,1,0,0,0,0,1,0,8,2,2,4,0,3,1051,19,1
L00858,3473477.0,74857.43,45621.08,0,40,0,0,0,1,0,1,0,0,0,1,0,0,0,0,0,0,0,1,2,0,0,1,0,1,123,4,0
L00859,36229056.52,5390.81,56817.93,0,19,0,0,0,0,1,0,0,1,0,1,0,0,0,0,1,0,0,0,4,4,0,3,2,2,573,15,1
L00860,46447517.24,406019.34,16587.84,0,326,1,0,0,0,0,0,0,1,0,0,0,0,1,0,0,0,0,1,7,1,0,1,0,0,70,9,0
L00861,21583737.46,48349.41,85758.81,1,36,0,0,0,0,1,1,0,0,0,0,0,1,0,0,0,1,0,0,3,5,1,6,2,2,1224,19,0
L00862,6045119.53,318755.66,91047.33,0,38,0,1,0,0,0,0,1,0,0,0,1,0,0,0,0,1,0,0,2,4,2,2,2,2,779,14,1
L00863,25668401.75,457735.14,45516.5,1,108,1,0,0,0,0,0,0,0,1,1,0,0,0,0,0,1,0,0,3,1,0,4,2,2,1119,12,1
L00864,17506712.18,108282.7,28762.56,1,63,0,1,0,0,0,0,0,0,1,0,0,0,0,1,0,1,0,0,0,0,1,2,0,1,324,4,1
L00865,18803763.73,334310.05,14942.51,1,174,1,0,0,0,0,0,0,1,0,0,0,1,0,0,0,0,0,1,4,4,2,3,1,0,1148,14,0
L00866,31104398.15,43955.8,68692.72,0,278,0,0,1,0,0,0,1,0,0,0,0,1,0,0,0,0,0,0,4,6,2,1,1,4,759,18,1
L00867,35964033.85,303858.8,31910.95,1,31,0,0,0,1,0,1,0,0,0,0,0,0,0,1,1,0,0,0,4,5,1,3,0,3,588,16,1
L00868,5619119.58,86146.2,91044.32,0,208,0,0,1,0,0,0,0,0,1,1,0,0,0,0,0,0,0,0,1,1,0,0,0,1,0,3,0
L00869,1875952.52,369297.01,67430.24,0,18,0,1,0,0,0,0,1,0,0,0,0,0,0,1,0,0,0,0,7,6,1,0,1,0,234,15,0
L00870,49717082.1,154109.49,64922.85,0,105,0,0,0,1,0,0,0,0,1,0,0,0,1,0,0,0,0,0,1,1,1,1,0,1,126,5,0
L00871,11713144.61,234378.55,56380.81,0,205,1,0,0,0,0,0,1,0,0,0,1,0,0,0,0,0,0,0,2,0,1,0,0,1,154,4,1
L00872,2786143.19,301718.12,5531.86,1,246,0,0,0,1,0,0,1,0,0,0,1,0,0,0,1,0,0,0,0,0,0,0,0,0,0,0,0
L00873,9574778.92,89780.34,93260.32,0,322,0,0,0,0,1,0,0,1,0,1,0,0,0,0,0,1,0,0,4,4,1,3,2,1,1306,15,1
L00874,2043996.53,372110.72,63165.81,0,166,0,0,0,1,0,0,0,0,1,0,0,0,0,1,0,0,0,1,6,3,2,4,2,1,1772,18,1
L00875,19651363.64,154806.97,99412.14,0,88,0,0,0,0,1,1,0,0,0,0,0,1,0,0,0,0,0,1,3,2,1,2,2,2,723,12,1
L00876,40139849.04,332874.07,54198.28,1,315,0,0,0,1,0,0,0,1,0,0,0,1,0,0,0,0,0,0,4,2,0,6,2,1,1558,15,1
L00877,17128098.04,83350.11,71300.98,0,10,0,0,0,0,1,0,0,1,0,0,0,1,0,0,0,0,0,0,4,2,1,4,2,1,997,14,0
L00878,22264752.0,345618.24,6564.75,0,48,0,1,0,0,0,1,0,0,0,0,0,0,1,0,0,0,0,1,3,0,0,1,1,1,220,6,0
L00879,33811780.0,68453.1,63541.88,0,60,0,0,1,0,0,0,0,1,0,0,0,0,1,0,1,0,0,0,2,1,0,4,0,3,401,10,1
L00880,25493814.1,215551.47,76700.31,0,170,1,0,0,0,0,0,1,0,0,0,0,1,0,0,0,1,0,0,4,3,2,0,1,1,674,11,0
L00881,43086139.73,127367.01,78072.92,0,142,0,0,0,1,0,0,1,0,0,1,0,0,0,0,0,1,0,0,1,2,0,0,0,0,0,3,0
L00882,43315180.18,375445.75,77241.05,0,206,0,0,1,0,0,0,0,0,1,0,0,0,1,0,0,0,0,1,5,2,1,3,3,1,736,15,1
L00883,594543.71,134707.33,23401.98,1,200,1,0,0,0,0,0,0,0,1,0,0,0,1,0,0,0,0,1,0,0,1,0,0,0,212,1,0
L00884,38924510.69,441450.07,97564.45,0,4,1,0,0,0,0,1,0,0,0,0,1,0,0,0,0,0,0,0,1,0,0,0,0,1,0,2,1
L00885,23090606.65,446451.0,99523.03,0,210,0,0,0,0,1,0,0,0,1,0,1,0,0,0,0,0,0,1,1,2,3,4,4,1,1913,15,1
L00886,49443143.01,102238.45,8483.99,0,28,0,1,0,0,0,0,1,0,0,1,0,0,0,0,0,0,0,0,1,2,2,3,3,2,1213,13,0
L00887,24213280.59,308853.74,93708.2,1,189,0,1,0,0,0,1,0,0,0,0,0,0,1,0,0,0,1,0,1,2,1,2,0,0,730,6,0
L00888,49346107.67,48420.23,29655.47,1,187,0,0,1,0,0,1,0,0,0,0,0,0,1,0,0,0,0,0,0,0,0,0,0,0,0,0,1
L00889,37753011.12,198810.86,69239.12,0,324,0,1,0,0,0,0,0,0,1,0,0,0,0,1,0,1,0,0,2,2,3,3,1,1,721,12,1
L00890,12505383.74,358094.26,34472.98,1,254,0,0,0,1,0,0,1,0,0,1,0,0,0,0,0,0,0,0,4,2,1,0,0,0,198,7,1
L00891,26965909.47,331414.51,96807.68,0,149,0,1,0,0,0,1,0,0,0,1,0,0,0,0,0,0,1,0,0,4,1,0,0,0,126,5,0
L00892,49607568.41,314226.83,11048.88,0,12,0,0,1,0,0,0,1,0,0,0,0,0,0,1,0,1,0,0,2,1,1,0,1,1,231,6,0
L00893,42890777.33,144857.73,50276.93,0,156,0,1,0,0,0,0,1,0,0,0,0,0,0,1,0,1,0,0,0,1,0,0,0,0,0,1,1
L00894,4958608.0,192122.35,43376.73,0,79,0,0,0,1,0,0,1,0,0,0,1,0,0,0,0,0,0,0,3,7,2,5,0,2,1165,19,0
L00895,35347962.64,55958.34,33276.32,0,355,0,0,0,0,1,0,0,0,1,1,0,0,0,0,0,1,0,0,3,2,2,3,2,1,1199,13,0
L00896,17344421.33,360916.3,64907.87,0,272,0,0,1,0,0,0,0,1,0,1,0,0,0,0,0,0,0,1,6,5,2,2,2,1,1158,18,1
L00897,448414.87,254424.95,13974.52,1,147,0,0,0,0,1,0,0,1,0,0,0,0,0,1,1,0,0,0,2,0,0,0,1,1,298,4,1
L00898,20233700.35,355838.99,71949.58,0,205,0,0,0,0,1,1,0,0,0,0,0,1,0,0,0,0,1,0,3,1,1,1,0,1,289,7,0
L00899,11814245.64,128227.04,98078.62,0,113,0,0,0,0,1,0,1,0,0,0,0,1,0,0,0,0,0,0,4,1,0,1,0,0,272,6,1
L00900,40961576.6,165596.92,80651.31,0,5,1,0,0,0,0,0,0,0,1,0,1,0,0,0,1,0,0,0,2,2,0,0,2,1,448,7,0
L00901,16932797.38,170436.59,86141.66,0,277,1,0,0,0,0,0,1,0,0,0,0,1,0,0,0,0,0,1,0,1,0,0,0,0,0,1,0
L00902,41393432.33,17742.49,36604.04,1,231,0,0,0,0,1,0,1,0,0,0,0,1,0,0,0,0,0,0,6,3,1,4,2,2,1033,18,0
L00903,129837.15,173818.7,33163.77,0,136,0,0,1,0,0,0,0,0,1,0,0,1,0,0,0,0,1,0,0,0,0,0,1,0,221,1,0
L00904,15460175.59,402635.76,52187.79,1,159,0,0,0,1,0,0,0,1,0,0,0,0,1,0,0,0,0,0,7,1,0,4,4,2,1219,18,1
L00905,12134144.19,449162.76,5526.93,0,343,0,0,0,1,0,0,1,0,0,0,1,0,0,0,0,0,0,1,2,2,2,2,2,2,869,12,1
L00906,11755011.32,261518.07,94590.46,0,288,0,1,0,0,0,0,1,0,0,0,0,0,0,1,1,0,0,0,1,0,0,0,0,0,0,1,0
L00907,3502512.33,230473.34,15234.73,0,204,0,0,1,0,0,0,0,1,0,0,0,1,0,0,0,0,0,1,6,4,0,1,1,3,311,15,1
L00908,9437501.09,20258.19,90398.29,0,325,1,0,0,0,0,0,0,0,1,0,0,0,1,0,0,0,1,0,2,0,1,1,1,0,358,5,0
L00909,27821923.54,440206.15,9274.64,0,304,0,0,0,0,1,1,0,0,0,0,0,1,0,0,0,1,0,0,3,2,1,1,2,0,359,9,0
L00910,14638917.53,11440.06,82439.87,0,359,0,1,0,0,0,0,0,1,0,0,0,0,1,0,1,0,0,0,4,3,2,4,2,1,1558,16,1
L00911,20927999.64,472651.29,16044.29,0,157,0,0,0,1,0,1,0,0,0,0,1,0,0,0,0,1,0,0,1,1,1,1,1,0,671,5,0
L00912,18905657.33,247162.04,4775.03,0,357,1,0,0,0,0,1,0,0,0,0,0,1,0,0,0,0,0,1,1,4,0,9,0,1,1630,15,1
L00913,43807655.76,174257.57,72229.46,0,105,1,0,0,0,0,0,0,1,0,0,0,0,1,0,0,0,0,0,9,3,1,2,1,3,516,19,1
L00914,45274420.05,462488.13,28746.26,0,81,0,0,0,0,1,0,1,0,0,1,0,0,0,0,0,1,0,0,2,3,1,1,1,0,364,8,0
L00915,24698552.89,17073.54,71735.12,0,341,0,0,0,1,0,1,0,0,0,1,0,0,0,0,0,0,1,0,5,2,2,3,4,2,1159,18,1
L00916,16574781.92,292805.32,55953.44,0,269,0,0,1,0,0,1,0,0,0,0,0,0,1,0,0,0,0,0,7,3,1,4,1,1,857,17,0
L00917,5429355.13,276721.6,11771.93,0,48,1,0,0,0,0,0,0,0,1,0,0,1,0,0,1,0,0,0,4,3,0,8,0,2,1231,17,0
L00918,47674803.68,113563.6,93280.88,0,205,0,0,0,0,1,0,1,0,0,0,0,1,0,0,0,0,1,0,2,5,0,4,0,1,450,12,0
L00919,3105324.55,217299.28,45779.1,1,217,0,0,1,0,0,1,0,0,0,0,1,0,0,0,0,0,0,0,8,1,1,5,1,0,758,16,0
L00920,14952748.85,327870.68,73710.28,1,305,0,0,0,1,0,0,0,0,1,0,1,0,0,0,0,0,0,0,7,2,1,5,1,3,1050,19,0
L00921,14973503.44,364929.94,50601.04,0,163,1,0,0,0,0,0,1,0,0,0,0,0,0,1,1,0,0,0,2,2,2,6,2,2,1121,16,1
L00922,16088024.18,5354.85,60831.79,0,278,0,0,1,0,0,0,0,1,0,0,1,0,0,0,0,1,0,0,5,1,5,5,0,1,1585,17,0
L00923,8297913.48,468742.45,30974.59,0,321,0,0,1,0,0,0,0,1,0,0,0,1,0,0,0,1,0,0,0,1,0,1,0,0,71,2,0
L00924,39179755.4,86440.06,20835.67,0,230,0,0,1,0,0,0,0,0,1,0,0,0,0,1,0,0,1,0,6,6,2,2,1,0,838,17,1
L00925,6212643.31,120622.31,54714.45,1,198,1,0,0,0,0,0,0,1,0,0,1,0,0,0,0,0,1,0,5,5,2,1,3,1,728,17,1
L00926,31781842.29,135419.36,44581.68,1,213,1,0,0,0,0,1,0,0,0,0,0,0,1,0,0,0,1,0,0,2,0,2,1,1,555,6,1
L00927,6279916.73,23720.97,39621.21,1,283,0,1,0,0,0,0,1,0,0,1,0,0,0,0,1,0,0,0,3,3,1,1,0,3,231,11,1
L00928,3619728.32,65910.8,67584.15,0,275,0,0,0,1,0,1,0,0,0,0,1,0,0,0,0,1,0,0,2,0,0,0,1,1,147,4,1
L00929,45480532.23,493243.21,69360.16,1,184,0,0,0,0,1,1,0,0,0,0,1,0,0,0,0,0,0,1,1,1,1,2,0,0,389,5,0
L00930,9587425.44,161032.29,5546.09,0,209,0,0,1,0,0,0,0,1,0,0,0,0,1,0,0,0,0,1,3,3,2,2,1,1,713,12,0
L00931,41080382.71,62074.04,34535.7,1,120,0,1,0,0,0,1,0,0,0,0,0,1,0,0,0,0,1,0,0,0,0,1,0,1,154,2,1
L00932,27277080.47,57960.67,41764.69,0,215,0,0,0,0,1,0,0,1,0,0,0,0,1,0,0,0,0,1,4,3,2,2,0,2,516,13,0
L00933,3985040.33,361132.68,10592.32,0,96,0,1,0,0,0,0,1,0,0,0,1,0,0,0,1,0,0,0,0,0,0,1,0,0,163,1,0
L00934,47776864.75,428011.49,24354.19,0,118,1,0,0,0,0,0,1,0,0,0,0,1,0,0,1,0,0,0,2,0,1,1,1,0,456,5,0
L00935,12423362.23,132191.39,6112.54,0,364,0,0,1,0,0,1,0,0,0,0,0,0,0,1,1,0,0,0,9,3,0,1,0,2,206,15,1
L00936,42996302.73,15350.21,99627.97,0,281,0,0,0,0,1,0,0,0,1,0,1,0,0,0,1,0,0,0,3,2,0,5,2,2,995,14,0
L00937,8523619.29,115429.56,73919.16,1,105,0,0,0,0,1,0,0,1,0,0,0,0,1,0,0,1,0,0,0,0,0,0,0,0,0,0,0
L00938,42711749.82,32975.27,9657.57,0,317,0,0,0,0,1,0,0,1,0,0,0,0,0,1,1,0,0,0,1,3,1,2,1,0,739,8,0
L00939,760117.76,56180.49,3004.69,0,141,0,0,0,0,1,1,0,0,0,1,0,0,0,0,0,1,0,0,0,1,0,1,0,0,161,2,0
L00940,25637844.78,218596.52,72209.49,0,322,0,0,0,0,1,0,0,1,0,0,0,0,0,1,0,1,0,0,3,4,3,0,3,4,858,17,1
L00941,38495184.71,118809.59,44480.02,0,267,0,1,0,0,0,0,0,1,0,0,0,0,1,0,0,0,1,0,4,3,1,6,4,1,1157,19,1
L00942,46746296.32,260393.21,78892.87,1,290,0,0,1,0,0,0,0,0,1,0,0,0,0,1,1,0,0,0,5,1,0,1,0,2,27,9,1
L00943,45469186.6,130479.41,92424.13,0,166,1,0,0,0,0,0,0,0,1,0,0,0,1,0,0,0,1,0,7,4,0,0,2,2,421,15,1
L00944,40999280.99,470565.96,60330.74,0,159,1,0,0,0,0,1,0,0,0,0,1,0,0,0,0,0,1,0,3,4,2,2,3,1,1271,15,1
L00945,44420748.35,453442.26,19523.73,1,230,1,0,0,0,0,0,0,0,1,0,0,1,0,0,0,0,0,1,0,0,0,1,0,0,201,1,0
L00946,10041062.32,285569.02,78437.21,1,13,1,0,0,0,0,1,0,0,0,1,0,0,0,0,0,0,0,0,0,0,0,1,1,0,195,2,0
L00947,14280796.36,180439.88,95625.36,0,192,0,1,0,0,0,0,1,0,0,0,0,1,0,0,0,1,0,0,5,4,3,3,1,1,657,17,0
L00948,14519529.39,193667.71,58442.9,0,154,0,0,0,1,0,1,0,0,0,0,0,1,0,0,0,0,1,0,0,0,0,0,0,0,0,0,0
L00949,18914991.16,208866.88,68517.75,0,100,0,0,1,0,0,0,1,0,0,0,0,1,0,0,0,0,0,0,0,0,0,0,1,0,90,1,0
L00950,19726701.45,365151.76,34409.99,0,59,0,0,0,0,1,1,0,0,0,0,0,0,1,0,0,0,0,0,0,0,1,0,0,0,118,1,1
L00951,27273310.7,228561.3,38771.24,0,42,0,0,0,1,0,0,0,1,0,0,0,0,1,0,0,1,0,0,6,0,3,2,1,1,635,13,0
L00952,8078000.19,429081.32,73730.8,1,192,1,0,0,0,0,0,0,0,1,1,0,0,0,0,1,0,0,0,7,2,1,3,2,0,507,15,0
L00953,34593208.52,472326.92,92849.34,0,310,0,0,0,1,0,0,1,0,0,0,0,0,1,0,0,1,0,0,1,0,1,3,0,1,523,6,0
L00954,8461570.31,171293.35,63269.85,0,108,0,0,1,0,0,1,0,0,0,0,0,0,1,0,0,0,1,0,1,5,2,4,2,1,866,15,1
L00955,15584393.26,282543.77,79194.94,0,92,0,0,0,0,1,0,0,0,1,0,0,0,1,0,0,0,1,0,1,5,1,4,2,2,1312,15,1
L00956,25216922.02,52052.99,17991.87,0,215,0,0,0,0,1,1,0,0,0,0,0,0,1,0,1,0,0,0,3,1,1,3,0,0,758,8,0
L00957,39842384.02,104232.18,21983.95,1,162,0,0,1,0,0,0,0,0,1,0,1,0,0,0,0,0,0,1,4,1,2,0,2,0,537,9,0
L00958,36999514.74,209665.55,53671.43,0,350,0,0,1,0,0,0,0,0,1,1,0,0,0,0,0,0,1,0,0,3,1,0,2,0,493,6,1
L00959,32312164.38,107070.34,18478.87,0,233,1,0,0,0,0,1,0,0,0,0,0,0,1,0,0,0,0,1,1,0,0,0,0,0,0,1,0
L00960,7873085.7,438897.44,63864.51,0,350,0,0,0,0,1,0,1,0,0,1,0,0,0,0,0,0,0,0,4,1,2,2,4,2,1356,15,1
L00961,27397562.75,83351.7,29873.67,0,166,0,0,0,1,0,0,1,0,0,0,0,0,0,1,0,0,1,0,3,1,0,1,0,1,187,6,0
L00962,4463580.44,230552.11,79361.73,1,147,0,1,0,0,0,0,0,1,0,0,1,0,0,0,0,1,0,0,2,1,1,4,0,3,649,11,1
L00963,18930422.52,304821.12,81002.92,0,27,0,1,0,0,0,0,0,0,1,0,0,0,1,0,0,0,1,0,7,2,1,2,1,3,479,16,1
L00964,20734474.86,347472.63,46914.96,0,258,0,0,1,0,0,0,0,1,0,0,1,0,0,0,1,0,0,0,5,5,2,3,2,2,1196,19,1
L00965,2086590.83,194619.34,18900.25,0,85,1,0,0,0,0,0,0,1,0,0,1,0,0,0,0,0,0,1,3,2,1,2,2,2,934,12,1
L00966,13772006.16,435204.04,65030.72,0,107,0,1,0,0,0,1,0,0,0,0,0,0,0,1,0,0,0,0,4,3,0,3,1,0,478,11,0
L00967,47786908.42,286317.98,99285.91,0,116,0,0,0,0,1,1,0,0,0,1,0,0,0,0,0,0,0,0,0,0,0,1,1,1,329,3,1
L00968,47686267.13,222556.35,62636.5,0,363,0,0,1,0,0,1,0,0,0,0,1,0,0,0,0,0,0,1,3,2,1,1,1,1,549,9,0
L00969,17681120.01,38284.11,4541.69,1,14,0,0,0,1,0,0,0,0,1,0,0,1,0,0,1,0,0,0,5,0,2,1,0,2,549,10,1
L00970,2250695.44,235021.29,2712.1,0,210,0,0,1,0,0,1,0,0,0,0,0,0,0,1,1,0,0,0,0,0,0,0,0,0,0,0,0
L00971,9036837.47,411264.24,32715.84,0,317,0,0,0,1,0,1,0,0,0,0,0,1,0,0,0,0,0,1,2,0,0,1,0,0,150,3,0
L00972,19671667.89,309197.8,20382.6,1,30,0,0,1,0,0,0,0,0,1,0,0,0,0,1,0,1,0,0,5,6,0,3,1,3,725,18,1
L00973,47394206.93,416920.41,81492.07,1,281,0,0,1,0,0,0,0,0,1,0,0,1,0,0,0,0,0,1,4,1,1,1,2,0,626,9,1
L00974,7145833.27,249535.78,84635.76,1,184,0,0,1,0,0,0,1,0,0,0,0,1,0,0,0,1,0,0,8,4,3,3,0,1,877,19,0
L00975,38199440.6,63638.54,26603.26,1,65,0,0,0,1,0,1,0,0,0,0,1,0,0,0,1,0,0,0,5,4,3,2,2,1,1280,17,0
L00976,5523258.71,11751.72,33238.83,0,315,0,0,0,1,0,1,0,0,0,0,1,0,0,0,1,0,0,0,0,0,0,0,0,0,0,0,0
L00977,49064753.11,155093.68,24388.45,0,62,0,0,1,0,0,1,0,0,0,0,0,0,0,1,0,0,0,0,5,3,0,6,1,0,1042,15,0
L00978,19142663.31,350505.28,90929.87,0,227,0,1,0,0,0,0,1,0,0,1,0,0,0,0,0,0,1,0,0,0,2,1,0,1,421,4,0
L00979,38784203.49,396178.65,50762.28,0,100,1,0,0,0,0,1,0,0,0,0,1,0,0,0,1,0,0,0,1,2,0,3,2,1,738,9,0
L00980,17195295.03,151397.65,65957.57,1,355,1,0,0,0,0,0,1,0,0,0,1,0,0,0,0,1,0,0,1,3,0,0,2,0,328,6,0
L00981,31420676.97,250348.69,42132.73,0,138,1,0,0,0,0,0,0,1,0,0,0,0,1,0,0,0,0,1,2,4,1,1,1,2,751,11,1
L00982,9681602.63,213453.86,63470.41,0,118,0,0,0,1,0,0,1,0,0,0,1,0,0,0,1,0,0,0,3,6,0,2,4,0,916,15,1
L00983,7386448.86,208208.78,39199.68,1,56,0,0,0,1,0,0,0,1,0,1,0,0,0,0,0,0,0,1,1,0,0,1,1,0,212,3,1
L00984,46909400.56,119517.61,34628.17,0,130,0,1,0,0,0,1,0,0,0,0,0,0,1,0,0,0,0,0,6,4,2,3,1,2,1172,18,1
L00985,45890599.17,72503.7,63813.53,0,36,1,0,0,0,0,0,0,1,0,0,0,1,0,0,0,0,1,0,0,1,0,1,0,0,166,2,1
L00986,44384700.12,102360.84,59515.15,0,110,1,0,0,0,0,0,1,0,0,0,0,1,0,0,0,0,1,0,4,1,1,4,0,2,755,12,1
L00987,31309129.16,32389.53,30059.27,0,152,0,0,1,0,0,0,0,0,1,0,0,0,1,0,0,0,0,1,2,1,0,1,0,0,127,4,0
L00988,40432583.74,103074.72,15785.5,0,249,0,0,0,1,0,0,0,1,0,0,0,0,1,0,0,0,0,0,10,3,1,2,0,1,594,17,0
L00989,3544943.15,9554.44,37489.09,1,241,1,0,0,0,0,0,0,1,0,0,0,0,1,0,0,0,0,0,3,1,0,3,0,0,330,7,0
L00990,16805973.19,315492.91,42104.57,0,207,0,1,0,0,0,1,0,0,0,0,0,0,0,1,0,0,0,1,0,0,0,0,0,0,0,0,0
L00991,15753785.93,161605.83,63239.75,1,169,0,1,0,0,0,0,1,0,0,1,0,0,0,0,1,0,0,0,2,1,2,2,1,3,886,11,1
L00992,31818701.57,486706.63,91538.35,0,256,1,0,0,0,0,0,0,1,0,1,0,0,0,0,0,0,0,1,6,6,0,2,2,0,603,16,1
L00993,17862292.9,100889.94,4582.29,0,278,0,0,0,1,0,0,0,1,0,0,0,1,0,0,0,1,0,0,7,3,3,4,0,2,1270,19,1
L00994,7510488.4,176185.14,25122.44,0,362,0,1,0,0,0,0,0,1,0,0,0,1,0,0,0,0,1,0,2,2,1,2,1,0,507,8,0
L00995,29863707.06,182131.37,20177.88,0,112,0,0,1,0,0,0,0,1,0,0,0,1,0,0,0,0,0,1,3,2,1,2,0,3,281,11,1
L00996,40737757.64,9183.49,50727.15,1,174,0,1,0,0,0,0,0,0,1,0,1,0,0,0,0,1,0,0,5,4,0,3,1,3,569,16,1
L00997,19167962.37,420407.94,43540.38,0,88,0,0,0,0,1,0,1,0,0,0,0,1,0,0,0,1,0,0,0,1,0,0,0,0,0,1,0
L00998,6700208.88,20837.26,73174.72,1,134,0,0,0,0,1,1,0,0,0,0,0,0,1,0,0,0,0,1,1,2,0,1,2,1,311,7,1
L00999,9914741.05,470389.02,24999.18,1,293,0,0,0,1,0,1,0,0,0,0,0,1,0,0,0,0,0,0,2,1,3,1,1,3,867,11,1
L01000,11950416.93,446576.8,59855.34,1,302,1,0,0,0,0,0,0,0,1,0,0,0,1,0,0,0,0,1,1,5,3,2,0,2,563,13,0
L01001,15064889.89,270083.35,88501.87,0,358,0,0,0,1,0,0,1,0,0,0,0,0,0,1,0,0,1,0,0,0,0,0,0,0,0,0,0
L01002,32175474.02,274079.81,91157.1,1,205,0,0,0,1,0,0,0,1,0,0,1,0,0,0,1,0,0,0,0,1,0,3,0,1,594,5,0
L01003,30087179.68,328620.07,95919.68,0,317,0,0,0,1,0,0,0,0,1,0,1,0,0,0,0,0,0,1,1,2,0,2,0,0,379,5,0
L01004,34834385.09,196589.76,77552.85,0,72,0,0,0,1,0,0,1,0,0,1,0,0,0,0,0,0,0,1,7,2,1,5,1,2,1488,18,1
L01005,18188849.03,325375.03,90692.8,0,258,0,0,1,0,0,0,0,1,0,0,0,0,0,1,0,0,1,0,5,3,3,0,0,1,372,12,1
L01006,41217482.83,27160.35,24218.56,1,357,0,0,1,0,0,0,0,0,1,0,0,0,1,0,0,1,0,0,1,5,2,1,2,3,1010,14,1
L01007,10283974.29,31753.58,20560.51,0,147,0,1,0,0,0,0,1,0,0,0,0,0,0,1,0,0,0,1,1,0,0,3,0,0,439,4,0
L01008,23505133.3,231329.06,1642.32,0,224,0,0,0,0,1,1,0,0,0,0,1,0,0,0,1,0,0,0,5,5,4,1,1,1,787,17,1
L01009,40066842.2,277063.04,70977.59,0,104,0,0,0,1,0,1,0,0,0,0,0,0,1,0,1,0,0,0,5,2,0,1,1,1,494,10,1
L01010,9089916.52,444469.73,93809.25,0,43,0,1,0,0,0,0,1,0,0,0,0,0,0,1,0,0,0,0,7,3,0,4,3,1,781,18,0
L01011,5582169.38,56807.01,19506.6,0,355,0,0,0,0,1,1,0,0,0,0,1,0,0,0,0,1,0,0,6,3,0,2,2,2,700,15,1
L01012,44195829.99,412210.72,64057.41,1,25,1,0,0,0,0,0,1,0,0,0,0,0,1,0,1,0,0,0,2,0,0,2,0,1,360,5,0
L01013,17212190.17,108973.43,74899.52,0,303,0,0,1,0,0,0,0,1,0,0,0,0,1,0,0,0,0,1,0,2,1,2,1,2,761,8,1
L01014,34225119.23,200071.41,92833.81,1,260,0,0,0,0,1,0,1,0,0,0,1,0,0,0,0,0,0,0,0,0,0,3,0,0,160,3,1
L01015,1364895.35,161718.21,65039.16,0,58,1,0,0,0,0,0,0,1,0,0,0,0,1,0,0,0,0,1,4,3,3,2,2,0,991,14,0
L01016,34533339.73,203076.86,97059.08,1,60,0,0,0,0,1,0,0,0,1,0,1,0,0,0,0,0,1,0,5,3,2,2,2,2,612,16,1
L01017,15873455.45,79495.27,35122.64,0,304,0,0,1,0,0,0,1,0,0,0,0,1,0,0,0,0,0,0,6,2,2,4,1,1,1039,16,1
L01018,2881468.59,254267.19,35642.92,0,69,0,0,1,0,0,0,0,0,1,0,0,1,0,0,1,0,0,0,0,2,0,0,1,0,173,3,0
L01019,30529656.8,401813.08,54758.24,0,270,0,1,0,0,0,1,0,0,0,0,0,0,1,0,1,0,0,0,2,2,3,0,1,1,665,9,0
L01020,12116110.42,223559.34,38966.69,0,256,0,0,0,1,0,0,0,1,0,0,0,0,1,0,1,0,0,0,6,4,2,2,4,1,1687,19,1
L01021,19401681.38,247853.72,1141.15,1,124,0,0,0,0,1,0,1,0,0,0,1,0,0,0,0,0,0,0,6,4,2,2,2,2,482,18,1
L01022,4120982.53,425139.95,73445.43,0,18,0,0,0,0,1,0,0,0,1,0,0,0,1,0,0,1,0,0,0,0,0,0,1,0,176,1,0
L01023,7443446.23,354498.77,75419.99,1,118,1,0,0,0,0,0,0,1,0,1,0,0,0,0,1,0,0,0,4,1,0,1,1,1,298,8,1
L01024,14969064.05,247774.93,74950.49,0,319,0,0,1,0,0,0,0,1,0,0,0,1,0,0,0,0,1,0,0,0,0,1,0,1,70,2,0
L01025,4578999.08,132559.35,35157.05,0,65,0,0,0,0,1,1,0,0,0,0,0,0,1,0,0,0,0,1,2,3,0,4,0,2,537,11,1
L01026,45550230.61,443038.74,52706.66,0,244,0,0,1,0,0,1,0,0,0,0,0,0,1,0,0,0,0,1,1,0,0,2,1,0,324,4,0
L01027,401747.45,290625.1,36637.38,0,56,0,0,0,0,1,0,0,1,0,0,0,0,0,1,0,0,0,1,3,0,0,3,0,0,608,6,0
L01028,24244624.92,114468.07,2587.6,0,43,0,1,0,0,0,0,0,1,0,0,0,0,1,0,0,1,0,0,4,4,2,5,2,0,1266,17,1
L01029,6250048.16,138214.28,56682.45,0,11,0,0,0,1,0,0,1,0,0,1,0,0,0,0,0,0,0,1,1,3,1,1,1,0,549,7,0
L01030,15453186.56,402550.88,13252.31,1,235,0,0,0,0,1,0,0,1,0,0,0,1,0,0,0,0,0,1,0,0,0,0,0,1,0,1,0
L01031,46310372.03,26852.05,8924.09,0,23,0,0,1,0,0,0,1,0,0,0,0,0,0,1,0,0,0,0,7,3,0,2,4,0,1050,16,0
L01032,8168558.21,496085.63,75794.41,0,256,0,1,0,0,0,0,0,1,0,0,1,0,0,0,1,0,0,0,6,2,4,3,2,2,1576,19,1
L01033,48295032.75,69524.08,1941.11,0,283,0,0,0,0,1,1,0,0,0,0,1,0,0,0,0,0,0,0,0,6,0,2,5,3,1176,16,1
L01034,10369139.41,399053.92,95941.84,0,323,1,0,0,0,0,0,1,0,0,0,0,1,0,0,0,0,1,0,1,2,2,0,1,1,595,7,1
L01035,37104148.81,200413.78,52010.28,1,360,0,0,0,1,0,0,0,0,1,0,1,0,0,0,0,1,0,0,5,1,0,3,1,1,340,11,0
L01036,27379195.52,248647.01,98318.63,1,250,0,0,0,0,1,1,0,0,0,1,0,0,0,0,0,0,1,0,2,1,0,2,0,0,354,5,0
L01037,44235488.51,440922.04,6741.76,0,93,0,1,0,0,0,0,1,0,0,0,0,0,1,0,0,1,0,0,4,2,2,1,2,3,813,14,1
L01038,27744263.45,209391.04,58769.43,1,21,1,0,0,0,0,0,1,0,0,0,0,1,0,0,0,0,0,0,0,1,1,4,1,4,957,11,0
L01039,26774505.04,271059.41,35583.38,0,156,0,1,0,0,0,0,0,0,1,0,0,0,0,1,0,0,0,0,4,1,1,4,1,4,826,15,1
L01040,9853354.22,29403.33,84504.77,0,88,0,1,0,0,0,0,1,0,0,0,0,0,1,0,1,0,0,0,5,2,1,1,2,2,723,13,1
L01041,8394845.17,6162.0,36761.05,0,201,1,0,0,0,0,0,0,1,0,0,1,0,0,0,1,0,0,0,4,2,2,5,0,1,845,14,0
L01042,45832808.64,126175.94,26788.27,1,196,0,1,0,0,0,0,0,0,1,0,1,0,0,0,1,0,0,0,1,1,0,0,0,0,0,2,0
L01043,16459126.12,341888.63,85897.76,0,44,1,0,0,0,0,1,0,0,0,0,0,0,0,1,1,0,0,0,2,3,2,2,2,2,1001,13,1
L01044,18666904.52,65026.12,38090.66,0,78,0,0,0,0,1,1,0,0,0,1,0,0,0,0,1,0,0,0,2,1,0,2,0,1,309,6,0
L01045,38015200.56,61312.17,2666.5,0,38,1,0,0,0,0,0,0,1,0,0,0,0,0,1,1,0,0,0,5,5,0,3,1,1,940,15,0
L01046,17007291.77,208425.5,39638.62,0,283,1,0,0,0,0,1,0,0,0,0,0,1,0,0,0,0,1,0,4,5,2,4,1,2,1118,18,1
L01047,47607916.09,325679.33,65797.7,1,154,0,0,0,1,0,0,1,0,0,0,0,0,0,1,0,1,0,0,1,5,1,6,2,3,1740,18,1
L01048,36922595.67,357475.64,26181.59,0,148,1,0,0,0,0,0,1,0,0,0,1,0,0,0,0,0,0,0,3,1,1,0,0,0,86,5,1
L01049,29911719.2,93333.08,43766.77,0,342,1,0,0,0,0,0,0,1,0,1,0,0,0,0,0,0,0,0,6,6,2,2,2,1,831,19,1
L01050,44056668.51,44396.13,6614.8,0,51,0,0,0,0,1,1,0,0,0,1,0,0,0,0,0,0,0,1,3,0,3,1,1,0,908,8,0
L01051,2575334.83,470496.53,59221.19,0,250,0,0,0,1,0,1,0,0,0,0,0,0,0,1,0,0,0,0,2,0,0,1,2,0,758,5,1
L01052,12927428.34,134029.86,75873.2,0,146,0,0,1,0,0,0,0,1,0,0,0,1,0,0,1,0,0,0,2,1,0,2,1,1,422,7,1
L01053,23305313.08,427406.52,41917.94,0,328,0,0,0,0,1,0,0,0,1,0,1,0,0,0,0,1,0,0,4,0,3,3,0,3,825,13,1
L01054,11426229.12,432428.27,42603.03,0,349,0,0,0,0,1,1,0,0,0,0,0,0,1,0,0,0,1,0,5,4,0,3,2,0,605,14,1
L01055,37220868.85,387398.68,9739.97,0,257,0,0,1,0,0,0,0,0,1,1,0,0,0,0,0,0,0,1,5,1,2,5,3,1,1480,17,0
L01056,45968480.75,88572.64,20992.15,0,272,1,0,0,0,0,1,0,0,0,0,0,0,0,1,0,0,0,1,2,5,1,1,0,1,197,10,0
L01057,21246128.98,411791.72,16312.86,0,124,0,1,0,0,0,1,0,0,0,0,0,1,0,0,0,0,0,0,1,2,0,1,0,3,221,7,1
L01058,17172416.75,385779.03,48687.09,0,203,0,0,0,1,0,1,0,0,0,0,0,1,0,0,0,0,0,0,3,1,0,2,3,1,768,10,0
L01059,48081381.53,300377.88,53396.3,0,255,0,1,0,0,0,1,0,0,0,0,1,0,0,0,0,0,1,0,0,0,0,1,0,0,215,1,0
L01060,22298136.4,171915.01,94945.07,0,130,0,0,1,0,0,0,1,0,0,1,0,0,0,0,0,0,1,0,7,1,3,2,2,2,1208,17,1
L01061,24503515.18,134941.76,8249.92,0,20,0,0,0,0,1,0,0,0,1,0,1,0,0,0,0,1,0,0,0,0,0,0,0,0,0,0,0
L01062,17647328.63,65335.16,60386.93,0,77,0,0,0,0,1,0,0,0,1,0,0,0,1,0,0,1,0,0,4,4,2,3,1,1,1283,15,0
L01063,45486468.8,257329.75,53123.35,1,334,0,0,0,1,0,1,0,0,0,0,0,0,1,0,0,0,1,0,0,2,0,3,0,0,431,5,0
L01064,28490878.62,294704.13,52107.08,0,50,0,0,0,0,1,1,0,0,0,0,0,0,1,0,0,0,0,1,5,6,3,0,2,3,742,19,1
L01065,38132511.9,182872.8,87442.77,1,361,0,0,0,0,1,0,0,0,1,0,0,1,0,0,0,0,0,1,2,1,0,0,0,0,0,3,0
L01066,40609155.25,240302.74,21348.31,1,360,0,0,0,1,0,0,1,0,0,1,0,0,0,0,1,0,0,0,2,2,1,4,0,2,859,11,1
L01067,17158267.19,184939.66,5036.55,0,265,0,0,0,1,0,0,0,1,0,0,1,0,0,0,0,0,1,0,6,4,2,3,1,2,1204,18,1
L01068,21741347.13,322298.0,67554.88,0,115,0,0,1,0,0,0,0,1,0,0,1,0,0,0,0,1,0,0,0,0,0,0,0,1,0,1,0
L01069,42438741.54,451123.31,35170.59,0,54,0,0,0,0,1,0,0,0,1,0,0,0,1,0,0,0,1,0,4,2,0,6,5,1,1359,18,1
L01070,18226442.05,86140.53,2741.4,0,291,0,0,0,0,1,1,0,0,0,1,0,0,0,0,0,1,0,0,5,2,1,1,1,2,707,12,1
L01071,39717363.16,193797.36,25886.03,1,50,0,0,1,0,0,1,0,0,0,1,0,0,0,0,0,1,0,0,2,5,1,3,3,5,1433,19,1
L01072,47055516.9,74729.96,31623.35,0,329,1,0,0,0,0,0,1,0,0,0,0,0,0,1,1,0,0,0,1,1,0,3,0,2,692,7,1
L01073,31198197.62,314347.17,62067.0,0,272,1,0,0,0,0,0,0,1,0,1,0,0,0,0,1,0,0,0,8,0,1,2,1,0,617,12,1
L01074,37107201.64,365790.9,18085.99,0,253,1,0,0,0,0,0,1,0,0,1,0,0,0,0,0,0,0,0,10,1,1,4,2,0,1027,18,1
L01075,40274355.87,466296.8,41892.38,1,60,0,0,1,0,0,0,0,1,0,0,1,0,0,0,0,1,0,0,1,1,1,1,2,3,476,9,1
L01076,42267478.48,143041.6,48765.07,0,346,0,0,0,0,1,0,0,0,1,1,0,0,0,0,0,1,0,0,0,0,0,0,0,1,0,1,0
L01077,19813161.56,475354.55,46464.5,0,350,0,0,1,0,0,0,0,1,0,1,0,0,0,0,0,0,0,1,2,1,0,0,3,1,703,7,0
L01078,2658046.61,36315.02,97420.14,0,224,0,0,1,0,0,0,1,0,0,0,1,0,0,0,0,0,0,1,2,2,0,2,0,0,238,6,0
L01079,20153625.93,303491.86,5504.92,0,335,1,0,0,0,0,0,1,0,0,1,0,0,0,0,0,1,0,0,2,2,3,1,1,0,665,9,0
L01080,33720435.87,33280.7,95145.85,0,102,0,1,0,0,0,0,1,0,0,0,1,0,0,0,0,1,0,0,5,3,2,3,1,2,1177,16,1
L01081,22572484.25,447418.22,58611.78,0,47,0,0,0,0,1,0,0,0,1,0,0,0,0,1,0,0,0,0,2,6,2,1,2,1,826,14,0
L01082,37473261.23,267255.48,79777.04,0,224,1,0,0,0,0,0,0,1,0,0,0,1,0,0,0,0,1,0,0,0,0,0,1,0,25,1,0
L01083,17913423.23,336327.43,43608.87,0,341,0,1,0,0,0,0,0,1,0,0,1,0,0,0,1,0,0,0,3,1,1,6,0,2,1281,13,1
L01084,31773732.64,416629.09,45929.95,0,232,0,1,0,0,0,0,1,0,0,0,1,0,0,0,0,0,0,1,4,1,0,5,4,2,1533,16,1
L01085,9402348.26,79403.76,88053.32,0,69,0,0,0,1,0,0,0,1,0,1,0,0,0,0,1,0,0,0,3,5,3,4,0,2,1483,17,0
L01086,37493534.89,24102.82,89697.52,0,46,0,0,0,0,1,1,0,0,0,0,1,0,0,0,1,0,0,0,2,1,1,2,0,3,470,9,1
L01087,27330228.84,440046.17,24630.2,0,227,0,1,0,0,0,1,0,0,0,0,0,0,1,0,0,0,1,0,7,3,1,3,1,2,1030,17,1
L01088,10282812.99,160891.95,20724.95,0,9,1,0,0,0,0,1,0,0,0,0,0,0,1,0,0,0,0,0,4,0,1,1,1,1,329,8,1
L01089,14666367.56,68844.56,50127.28,0,184,0,0,0,1,0,0,0,1,0,0,0,0,0,1,0,1,0,0,6,1,1,5,1,1,1126,15,0
L01090,37455574.56,236888.31,90127.43,0,79,0,0,0,0,1,0,0,0,1,0,1,0,0,0,0,0,0,0,10,2,1,4,0,1,901,18,1
L01091,24181801.66,301161.51,32913.15,0,12,0,0,1,0,0,0,0,0,1,1,0,0,0,0,0,1,0,0,6,3,2,2,2,4,1200,19,1
L01092,10879968.88,20330.45,65549.45,0,313,1,0,0,0,0,0,0,0,1,1,0,0,0,0,1,0,0,0,1,1,0,3,0,1,309,6,0
L01093,48366832.4,141073.35,71107.02,0,339,0,1,0,0,0,0,0,0,1,0,0,1,0,0,0,1,0,0,4,2,2,1,2,0,682,11,0
L01094,35784738.49,21235.94,78088.79,0,323,0,1,0,0,0,1,0,0,0,0,0,0,0,1,0,1,0,0,1,0,0,0,0,0,0,1,0
L01095,47861028.14,213066.02,56828.52,0,83,1,0,0,0,0,1,0,0,0,1,0,0,0,0,0,0,0,0,5,2,2,2,2,3,642,16,0
L01096,21412541.76,448074.51,40843.06,0,85,0,1,0,0,0,0,1,0,0,0,0,1,0,0,0,0,0,1,4,0,3,1,1,1,1001,10,0
L01097,23807507.0,491412.94,96734.58,0,156,0,0,0,1,0,0,0,1,0,1,0,0,0,0,0,1,0,0,1,1,0,1,1,0,216,4,0
L01098,44907965.29,320338.54,61521.74,1,143,0,0,0,0,1,0,0,1,0,0,0,1,0,0,0,0,0,0,2,4,1,2,1,0,587,10,0
L01099,26299962.08,85010.66,73127.96,0,62,0,0,0,1,0,0,0,0,1,0,0,0,1,0,0,0,0,0,2,0,0,0,0,0,0,2,1
L01100,35393217.7,453395.45,35153.3,0,42,0,1,0,0,0,1,0,0,0,0,0,0,1,0,0,0,1,0,5,1,1,1,2,2,675,12,1
L01101,12683426.59,260542.67,67324.97,1,157,0,0,1,0,0,0,0,0,1,1,0,0,0,0,0,0,0,0,3,3,1,8,2,2,1437,19,0
L01102,22391650.79,81105.91,26521.97,0,184,0,0,0,0,1,0,1,0,0,0,0,0,0,1,1,0,0,0,4,2,4,4,2,2,1520,18,0
L01103,6260148.3,461254.7,25264.59,1,285,0,0,0,0,1,0,0,1,0,0,1,0,0,0,0,0,0,0,1,0,0,0,1,0,295,2,1
L01104,10378403.79,379947.18,71757.5,0,322,1,0,0,0,0,0,0,1,0,0,0,0,0,1,0,0,1,0,3,2,1,0,1,0,568,7,0
L01105,147076.42,367194.11,52618.08,0,23,1,0,0,0,0,0,0,0,1,0,0,0,0,1,0,0,0,0,1,0,0,0,1,0,279,2,1
L01106,2059326.08,356044.45,68644.38,0,356,0,0,1,0,0,0,1,0,0,0,1,0,0,0,0,0,1,0,0,0,0,0,0,0,0,0,0
L01107,48866462.78,104168.21,27674.41,0,204,0,0,0,0,1,0,0,1,0,0,0,0,1,0,1,0,0,0,1,1,0,1,0,0,31,3,0
L01108,12193449.39,109448.31,60273.61,0,361,0,0,1,0,0,0,1,0,0,0,0,0,1,0,0,0,1,0,5,1,3,5,1,4,1319,19,1
L01109,33199204.4,345705.03,44949.43,0,223,1,0,0,0,0,0,1,0,0,0,1,0,0,0,1,0,0,0,8,4,2,1,1,1,277,17,1
L01110,41971074.97,113762.76,60099.07,0,100,1,0,0,0,0,0,0,0,1,0,0,1,0,0,1,0,0,0,0,0,0,0,0,0,0,0,0
L01111,27577956.92,222142.49,29797.09,1,203,0,0,0,0,1,1,0,0,0,0,0,0,0,1,0,1,0,0,2,1,0,5,2,1,1465,11,1
L01112,7741910.55,392090.9,71829.65,0,7,0,0,0,1,0,0,0,0,1,1,0,0,0,0,0,0,0,0,3,1,1,2,0,0,610,7,0
L01113,36433010.22,393056.5,80787.01,0,171,0,1,0,0,0,1,0,0,0,0,0,0,1,0,1,0,0,0,2,4,2,6,2,2,1827,18,0
L01114,30052545.36,229364.58,26731.73,0,207,1,0,0,0,0,0,1,0,0,1,0,0,0,0,0,0,0,1,4,6,1,1,0,4,315,16,1
L01115,36589404.41,397134.02,30761.44,0,95,1,0,0,0,0,1,0,0,0,0,1,0,0,0,1,0,0,0,3,1,1,4,2,0,1384,11,0
L01116,38510356.48,420117.79,66454.27,0,161,0,0,0,1,0,0,1,0,0,1,0,0,0,0,0,0,0,0,6,4,1,1,0,1,293,13,0
L01117,48772977.35,329114.0,69862.93,0,290,0,0,0,1,0,0,0,1,0,1,0,0,0,0,1,0,0,0,2,1,0,2,1,0,669,6,0
L01118,28720807.67,118070.8,70705.87,0,95,0,0,1,0,0,0,0,1,0,0,0,0,0,1,0,0,1,0,8,2,1,2,1,2,848,16,0
L01119,17147891.52,140635.83,68587.15,0,305,0,0,1,0,0,0,0,1,0,0,1,0,0,0,0,0,0,0,1,1,1,0,0,1,130,4,1
L01120,32458381.39,160846.37,39887.96,1,144,0,1,0,0,0,0,0,0,1,1,0,0,0,0,0,0,0,1,6,4,1,3,3,2,963,19,1
L01121,3515191.39,62818.03,40090.51,0,257,0,1,0,0,0,0,0,0,1,0,0,0,1,0,1,0,0,0,1,0,1,0,0,1,50,3,0
L01122,44880126.18,140214.01,26226.94,0,299,0,0,0,0,1,0,1,0,0,0,1,0,0,0,0,0,1,0,4,5,0,4,0,0,796,13,0
L01123,6057112.47,108712.02,16526.54,0,101,0,0,1,0,0,0,0,1,0,0,0,0,1,0,0,0,0,0,7,2,1,3,3,0,1333,16,0
L01124,16459357.61,230387.73,69565.16,0,176,1,0,0,0,0,0,0,0,1,0,0,1,0,0,0,0,1,0,3,1,1,2,1,0,835,8,1
L01125,40805694.49,454676.59,10225.69,0,327,0,0,1,0,0,0,0,1,0,1,0,0,0,0,1,0,0,0,7,2,2,2,0,4,904,17,1
L01126,29905887.68,56717.76,93841.44,0,109,1,0,0,0,0,0,0,0,1,0,1,0,0,0,0,0,0,0,1,1,1,0,0,0,204,3,1
L01127,19742412.46,361532.62,82841.94,1,197,0,0,0,1,0,1,0,0,0,0,0,0,1,0,1,0,0,0,1,2,0,3,1,3,443,10,1
L01128,23724439.4,345205.09,85893.07,0,128,0,0,1,0,0,1,0,0,0,1,0,0,0,0,0,0,0,1,1,1,0,3,0,0,493,5,0
L01129,42741914.92,52398.33,90760.21,0,358,0,0,0,1,0,0,0,1,0,0,0,0,0,1,0,0,0,0,7,3,1,4,0,1,869,16,1
L01130,17066218.86,461673.34,41451.89,0,136,0,1,0,0,0,0,1,0,0,0,0,0,1,0,0,1,0,0,4,3,2,5,0,3,1283,17,1
L01131,43495519.27,286393.74,84823.37,0,26,0,1,0,0,0,0,0,0,1,0,0,0,1,0,0,0,1,0,1,3,1,2,1,0,775,8,0
L01132,4497908.11,185044.13,16648.07,0,136,0,0,0,0,1,0,0,0,1,0,0,1,0,0,0,0,0,1,4,2,2,6,3,2,1797,19,0
L01133,38862242.02,379486.6,3142.54,0,163,0,0,1,0,0,1,0,0,0,0,0,0,0,1,0,0,0,0,0,1,0,0,0,2,0,3,1
L01134,42392626.89,132395.9,78704.25,0,348,0,0,0,1,0,1,0,0,0,0,0,1,0,0,0,1,0,0,2,2,0,1,0,0,247,5,0
L01135,9172700.88,348287.37,8404.87,0,355,1,0,0,0,0,0,1,0,0,0,0,0,0,1,0,0,0,1,2,1,0,0,0,1,0,4,0
L01136,21574291.97,24657.05,98863.94,0,130,0,1,0,0,0,0,1,0,0,0,0,0,1,0,0,0,0,0,3,3,0,4,0,2,344,12,1
L01137,8358438.76,420506.98,67804.85,0,150,0,1,0,0,0,0,1,0,0,0,0,1,0,0,0,1,0,0,3,2,0,5,0,0,728,10,0
L01138,35359546.04,226844.57,75591.52,0,245,1,0,0,0,0,0,0,1,0,1,0,0,0,0,0,1,0,0,1,0,2,2,1,0,772,6,0
L01139,26813853.63,320162.99,25334.58,0,109,0,0,0,1,0,1,0,0,0,0,0,0,0,1,0,0,0,0,0,2,0,0,1,1,249,4,0
L01140,31802635.0,114512.72,67712.67,0,72,0,0,0,1,0,0,0,1,0,0,0,0,1,0,1,0,0,0,5,3,3,3,0,4,1164,18,1
L01141,9904699.65,340151.49,5278.77,0,285,0,0,1,0,0,1,0,0,0,0,1,0,0,0,0,0,0,0,2,1,0,3,1,1,664,8,0
L01142,10666118.52,387258.94,83944.75,0,274,0,0,1,0,0,1,0,0,0,0,0,0,0,1,0,1,0,0,5,3,0,3,0,1,752,12,0
L01143,2170716.54,239240.53,17792.79,0,357,0,0,0,0,1,0,0,0,1,0,0,0,0,1,1,0,0,0,3,3,1,2,2,1,611,12,1
L01144,16171170.01,310774.83,70038.45,0,66,0,1,0,0,0,1,0,0,0,1,0,0,0,0,0,0,1,0,0,0,0,0,0,0,0,0,0
L01145,28031258.6,230881.33,23223.57,1,49,0,0,1,0,0,1,0,0,0,0,0,0,0,1,0,0,1,0,4,1,2,0,2,0,672,9,0
L01146,42910952.21,447575.23,7776.86,0,303,0,0,0,1,0,0,0,1,0,0,0,0,0,1,0,0,0,1,5,3,0,5,5,0,1675,18,1
L01147,33379679.63,251445.24,48667.87,1,2,1,0,0,0,0,1,0,0,0,1,0,0,0,0,0,0,0,1,6,4,1,5,1,2,1340,19,1
L01148,21826276.54,421695.31,17759.33,0,225,0,0,0,1,0,0,0,1,0,1,0,0,0,0,0,0,0,0,1,3,1,5,3,0,1591,13,1
L01149,47660693.71,401669.27,73214.95,0,65,0,1,0,0,0,0,1,0,0,0,0,1,0,0,1,0,0,0,0,0,0,2,1,2,405,5,0
L01150,35990335.51,208199.89,24519.02,0,154,0,0,0,1,0,1,0,0,0,0,0,0,1,0,0,0,0,1,2,2,1,1,1,0,403,7,0
L01151,46515243.62,118891.82,34904.78,0,361,0,0,0,0,1,1,0,0,0,0,0,0,1,0,0,1,0,0,4,2,2,3,0,0,720,11,0
L01152,26426639.87,206010.66,57176.49,1,110,0,1,0,0,0,0,0,1,0,0,0,1,0,0,0,0,0,1,6,2,1,2,3,3,909,17,1
L01153,13019323.31,413977.6,29211.86,0,295,1,0,0,0,0,0,1,0,0,0,0,0,1,0,1,0,0,0,4,1,0,2,2,0,990,9,0
L01154,2736051.65,117678.11,38420.82,0,255,0,0,0,0,1,0,0,0,1,0,0,0,0,1,1,0,0,0,0,0,0,0,0,1,0,1,0
L01155,36331634.09,264595.99,81746.56,0,273,0,1,0,0,0,0,1,0,0,0,0,1,0,0,0,0,0,1,3,2,3,5,2,3,1711,18,1
L01156,6153019.6,404017.89,18741.78,0,154,1,0,0,0,0,0,0,1,0,0,0,1,0,0,0,1,0,0,2,3,1,1,0,0,267,7,0
L01157,15208478.9,179971.35,9137.96,0,138,0,0,0,0,1,0,1,0,0,0,0,0,1,0,0,1,0,0,1,2,1,0,1,0,391,5,0
L01158,26670298.3,322893.77,33507.42,0,166,0,0,0,0,1,0,0,1,0,0,1,0,0,0,0,0,1,0,4,2,1,4,1,1,1271,13,0
L01159,28264387.73,126587.63,43013.3,0,18,0,1,0,0,0,0,0,1,0,0,0,0,1,0,0,0,0,1,3,4,0,5,2,2,1260,16,1
L01160,30069101.53,59093.33,54723.27,1,344,0,0,1,0,0,0,0,0,1,0,1,0,0,0,0,0,0,0,1,0,0,0,0,1,0,2,1
L01161,8396140.98,398220.19,37869.95,0,222,0,0,0,0,1,1,0,0,0,0,0,1,0,0,0,0,1,0,2,0,0,0,0,0,0,2,0
L01162,19048896.5,53989.47,79201.26,0,56,0,0,0,0,1,0,0,1,0,0,1,0,0,0,0,1,0,0,1,0,0,0,1,0,144,2,0
L01163,30897991.93,139333.79,4892.63,0,293,1,0,0,0,0,0,0,1,0,0,0,0,0,1,0,0,1,0,1,2,0,2,0,0,317,5,0
L01164,48493961.35,428279.16,43744.99,1,132,0,0,0,1,0,0,0,0,1,1,0,0,0,0,0,1,0,0,2,0,0,0,0,0,0,2,0
L01165,36408793.77,176502.3,38843.34,0,337,0,1,0,0,0,0,0,1,0,0,1,0,0,0,0,0,1,0,1,0,0,2,0,0,547,3,0
L01166,46137927.48,486657.45,65110.27,0,291,0,1,0,0,0,1,0,0,0,1,0,0,0,0,0,0,0,0,9,1,1,0,1,3,226,15,0
L01167,38134381.71,489968.5,96661.35,1,343,0,0,1,0,0,0,0,0,1,0,0,0,0,1,0,0,0,1,1,0,0,0,0,0,0,1,0
L01168,29626676.75,137796.63,51527.17,0,204,0,0,1,0,0,1,0,0,0,1,0,0,0,0,0,0,1,0,5,1,1,5,0,3,1098,15,1
L01169,9681966.12,25284.22,98700.81,0,118,0,1,0,0,0,1,0,0,0,0,0,0,0,1,1,0,0,0,1,1,0,2,1,1,414,6,1
L01170,33367614.03,354006.33,30922.69,0,252,0,0,1,0,0,0,0,0,1,1,0,0,0,0,0,0,0,1,3,1,0,1,0,2,26,7,0
L01171,31206640.34,228238.32,4055.95,1,84,1,0,0,0,0,0,0,1,0,1,0,0,0,0,0,0,0,0,3,2,1,0,2,2,490,10,1
L01172,30163211.61,54872.66,17400.65,1,184,0,1,0,0,0,1,0,0,0,0,0,0,1,0,0,1,0,0,3,0,2,2,0,0,814,7,0
L01173,24540314.81,355223.8,40117.36,1,224,0,0,1,0,0,1,0,0,0,0,1,0,0,0,1,0,0,0,2,1,0,2,0,0,212,5,0
L01174,26479964.54,20431.58,32317.06,0,147,0,1,0,0,0,1,0,0,0,1,0,0,0,0,0,0,0,1,4,3,1,3,0,1,757,12,0
L01175,16788682.1,435747.36,10608.36,0,279,0,0,0,1,0,1,0,0,0,0,0,1,0,0,0,0,1,0,7,4,0,6,1,1,1068,19,0
L01176,26013703.36,73633.0,43833.35,0,226,0,0,0,0,1,0,0,0,1,0,0,0,1,0,1,0,0,0,3,5,1,5,2,3,1709,19,1
L01177,9958039.69,68019.38,34473.46,1,285,0,1,0,0,0,0,0,0,1,0,1,0,0,0,0,0,0,0,3,2,4,1,0,1,421,11,0
L01178,40278202.43,91957.79,13139.3,1,283,0,0,0,0,1,0,1,0,0,0,0,0,1,0,0,1,0,0,1,1,2,0,1,0,618,5,0
L01179,9370270.04,480331.85,30315.6,0,180,0,0,1,0,0,0,1,0,0,0,1,0,0,0,1,0,0,0,1,1,2,1,0,0,435,5,0
L01180,4339817.87,348118.83,88757.17,0,108,0,0,0,0,1,1,0,0,0,0,0,0,0,1,0,0,1,0,2,2,1,3,1,0,1105,9,0
L01181,21868676.72,401678.91,30902.84,0,134,0,1,0,0,0,0,0,1,0,1,0,0,0,0,1,0,0,0,5,3,1,1,1,0,766,11,0
L01182,32949541.23,201829.32,71681.59,0,290,0,0,0,1,0,1,0,0,0,0,0,1,0,0,0,0,1,0,1,3,0,0,2,3,330,9,1
L01183,21942069.56,171474.8,61592.66,0,289,0,0,1,0,0,0,0,1,0,0,0,0,1,0,0,1,0,0,6,2,1,4,1,3,975,17,1
L01184,13910031.18,121069.58,43290.94,0,102,0,1,0,0,0,1,0,0,0,0,0,0,1,0,0,1,0,0,2,4,2,5,0,2,1427,15,1
L01185,27952742.08,242920.77,24663.54,0,200,0,0,1,0,0,0,1,0,0,0,0,0,1,0,0,1,0,0,3,2,0,3,0,0,617,8,0
L01186,17415416.54,278155.22,37532.46,0,116,1,0,0,0,0,0,1,0,0,0,0,0,1,0,0,0,0,0,3,4,0,1,2,1,404,11,0
L01187,46650097.74,317728.55,59618.61,1,331,0,0,0,0,1,0,0,1,0,1,0,0,0,0,0,0,0,1,4,0,2,3,3,2,1200,14,1
L01188,46139992.47,132273.66,35724.57,1,309,1,0,0,0,0,1,0,0,0,0,1,0,0,0,0,0,1,0,4,2,0,2,2,2,479,12,1
L01189,25168353.82,474583.77,22274.75,1,28,0,1,0,0,0,0,0,1,0,1,0,0,0,0,1,0,0,0,3,1,0,1,0,0,10,5,0
L01190,16461411.3,89030.46,12529.81,0,26,0,0,0,1,0,0,1,0,0,0,0,0,0,1,0,0,0,1,3,2,0,4,2,1,836,12,0
L01191,36882907.46,482998.32,88096.93,0,12,0,0,1,0,0,1,0,0,0,1,0,0,0,0,0,0,0,1,5,2,1,0,2,1,541,11,1
L01192,1931975.88,12353.78,44590.98,0,41,0,0,0,0,1,1,0,0,0,1,0,0,0,0,0,0,0,0,0,1,0,2,0,0,93,3,0
L01193,23790973.4,243157.22,62895.62,1,223,0,0,1,0,0,0,0,1,0,0,0,0,0,1,0,0,1,0,7,3,1,1,0,0,482,12,1
L01194,16882537.37,170017.08,49550.63,0,20,0,1,0,0,0,0,0,0,1,1,0,0,0,0,0,0,1,0,9,3,1,0,3,1,873,17,0
L01195,46034740.67,227316.09,87384.09,0,135,0,0,1,0,0,0,0,1,0,0,1,0,0,0,0,1,0,0,2,1,0,1,2,1,450,7,1
L01196,698951.06,287478.97,55146.55,0,325,0,0,0,0,1,0,1,0,0,0,0,1,0,0,0,0,0,1,6,2,1,2,0,2,341,13,0
L01197,27685462.3,220616.63,48597.36,1,220,0,1,0,0,0,0,1,0,0,0,0,0,0,1,0,0,0,1,7,2,1,2,2,3,1177,17,1
L01198,37059112.7,210349.19,92535.5,0,144,0,0,1,0,0,0,1,0,0,0,0,0,1,0,0,0,0,0,1,3,2,4,3,1,1188,14,0
L01199,24302397.58,367698.09,72249.27,0,9,0,0,0,1,0,0,1,0,0,0,1,0,0,0,1,0,0,0,2,0,0,1,1,0,393,4,0
L01200,4361611.21,344508.76,12043.44,0,224,0,1,0,0,0,0,1,0,0,0,0,1,0,0,1,0,0,0,3,0,1,1,1,1,440,7,0
L01201,48625823.36,417469.28,18592.74,1,140,0,1,0,0,0,0,0,0,1,0,1,0,0,0,0,0,0,1,1,1,0,3,0,2,266,7,1
L01202,25948720.53,128729.7,78925.16,0,105,0,0,0,1,0,1,0,0,0,0,1,0,0,0,1,0,0,0,0,4,1,1,2,0,636,8,0
L01203,30747893.59,306716.61,83749.28,0,267,1,0,0,0,0,0,0,1,0,0,0,0,1,0,0,1,0,0,6,7,1,1,0,1,376,16,0
L01204,11906828.16,294671.42,54973.89,0,193,0,0,0,0,1,0,0,1,0,0,0,1,0,0,0,0,0,0,0,0,0,0,0,0,0,0,1
L01205,24226554.45,188020.22,55891.07,0,127,1,0,0,0,0,0,1,0,0,0,1,0,0,0,0,0,0,1,3,1,0,1,0,1,182,6,0
L01206,21514559.65,245598.48,63561.36,0,212,0,0,1,0,0,0,0,1,0,0,0,0,1,0,0,0,0,0,3,3,2,2,1,0,823,11,1
L01207,3837302.52,160322.16,44472.46,0,150,0,0,0,1,0,0,1,0,0,0,0,0,0,1,0,0,0,0,3,7,1,2,0,0,433,13,1
L01208,5397401.64,75212.98,68339.71,0,179,1,0,0,0,0,0,0,0,1,0,0,0,1,0,1,0,0,0,2,3,2,4,1,2,1003,14,1
L01209,41889878.73,110831.6,11739.64,1,316,0,1,0,0,0,0,0,0,1,1,0,0,0,0,0,0,0,1,5,1,0,1,0,2,233,9,0
L01210,12067015.62,57229.25,96166.64,0,25,0,0,1,0,0,1,0,0,0,0,0,0,1,0,0,1,0,0,4,3,0,0,0,1,0,8,1
L01211,9828417.75,343119.44,75265.33,0,14,0,0,1,0,0,0,0,0,1,0,0,0,1,0,0,0,0,0,2,2,0,2,3,1,995,10,0
L01212,25295081.42,332060.06,63486.25,0,21,1,0,0,0,0,0,0,0,1,0,0,0,1,0,0,0,0,1,2,0,0,1,0,1,208,4,0
L01213,38460481.85,475550.15,32315.88,0,344,1,0,0,0,0,1,0,0,0,0,1,0,0,0,1,0,0,0,3,3,2,4,3,1,1606,16,1
L01214,3191131.28,366190.81,16934.59,1,64,0,0,0,1,0,0,0,1,0,0,0,1,0,0,1,0,0,0,7,3,1,5,1,0,1217,17,0
L01215,28882715.19,30762.69,41524.95,0,250,0,0,0,0,1,0,1,0,0,0,0,0,1,0,0,0,0,1,3,0,2,0,0,0,262,5,0
L01216,6048601.1,442701.36,66496.1,0,20,1,0,0,0,0,0,1,0,0,0,0,0,1,0,1,0,0,0,2,3,0,1,0,0,108,6,0
L01217,1919406.44,432024.21,63737.26,0,232,1,0,0,0,0,0,0,1,0,1,0,0,0,0,1,0,0,0,6,4,1,2,1,0,507,14,0
L01218,2731923.21,224443.56,38881.47,0,15,0,1,0,0,0,1,0,0,0,1,0,0,0,0,0,0,1,0,5,8,0,3,0,2,334,18,1
L01219,41724789.0,295002.21,61715.35,0,271,0,0,1,0,0,0,0,1,0,0,0,0,0,1,0,0,0,0,4,3,1,2,1,1,495,12,1
L01220,5986826.93,488158.77,81561.08,0,204,0,0,0,0,1,0,0,0,1,0,0,0,0,1,1,0,0,0,1,0,1,3,0,1,522,6,0
L01221,2353053.08,268490.66,3602.19,1,297,0,1,0,0,0,1,0,0,0,1,0,0,0,0,0,0,0,1,0,0,2,0,0,0,184,2,0
L01222,21951204.37,453134.31,45611.48,0,159,0,0,0,1,0,1,0,0,0,0,0,1,0,0,0,0,0,0,4,2,0,0,1,1,58,8,1
L01223,42215274.25,46104.19,76096.97,0,40,0,0,0,1,0,1,0,0,0,0,0,0,0,1,0,1,0,0,1,0,0,0,0,0,0,1,0
L01224,13194177.99,99570.68,55068.3,0,107,1,0,0,0,0,0,1,0,0,0,0,1,0,0,0,0,0,0,3,2,0,0,1,1,279,7,1
L01225,21143459.61,223173.7,65496.13,1,124,1,0,0,0,0,0,0,1,0,1,0,0,0,0,1,0,0,0,2,1,1,0,3,2,724,9,1
L01226,2092134.37,294454.62,52150.96,0,151,0,0,0,1,0,1,0,0,0,0,0,0,0,1,0,0,1,0,10,0,2,1,1,1,642,15,0
L01227,22509017.86,409032.79,99195.58,0,12,1,0,0,0,0,1,0,0,0,0,0,0,1,0,0,0,0,1,1,0,1,3,0,0,530,5,0
L01228,28922892.72,494189.75,6407.53,0,202,0,0,0,0,1,1,0,0,0,1,0,0,0,0,0,0,0,1,2,1,2,5,0,1,1572,11,1
L01229,28588261.98,197481.49,49613.44,1,78,1,0,0,0,0,0,0,1,0,0,0,0,0,1,0,0,0,0,0,0,0,0,0,0,0,0,1
L01230,16688091.94,28470.74,10050.24,0,41,0,0,1,0,0,0,1,0,0,0,0,1,0,0,0,1,0,0,2,3,2,1,1,1,713,10,1
L01231,15845105.72,401579.89,16818.77,0,168,1,0,0,0,0,0,0,0,1,0,0,1,0,0,1,0,0,0,6,4,3,2,2,0,1366,17,1
L01232,5420518.58,304168.46,38920.8,0,248,0,1,0,0,0,0,1,0,0,0,0,0,0,1,0,0,0,1,6,5,3,2,0,1,903,17,1
L01233,18403236.2,103278.72,16398.47,1,120,0,0,0,0,1,1,0,0,0,0,0,1,0,0,0,0,0,0,1,2,0,0,2,1,357,6,1
L01234,5064783.98,249940.09,96405.03,0,271,0,1,0,0,0,0,1,0,0,0,0,0,0,1,1,0,0,0,0,0,0,2,0,2,313,4,1
L01235,38353137.64,372443.57,94732.19,1,299,0,1,0,0,0,0,1,0,0,0,0,0,0,1,0,0,0,0,8,2,0,3,1,1,638,15,1
L01236,48317087.46,386353.83,34274.85,0,208,0,0,1,0,0,0,0,0,1,0,0,1,0,0,1,0,0,0,8,4,2,2,0,2,588,18,1
L01237,48506715.39,252311.11,64335.02,0,157,0,0,0,0,1,0,0,1,0,0,1,0,0,0,0,1,0,0,2,0,0,0,0,0,0,2,0
L01238,43267047.86,156081.19,53841.58,0,120,0,0,0,0,1,0,0,1,0,0,0,0,1,0,0,0,1,0,2,1,0,0,1,0,61,4,0
L01239,30079528.25,487002.58,81743.11,0,226,0,0,0,0,1,0,1,0,0,1,0,0,0,0,0,1,0,0,8,1,1,1,6,0,1282,17,1
L01240,35073198.29,333364.49,63117.12,0,23,0,0,0,0,1,0,1,0,0,0,0,0,1,0,0,0,0,1,5,2,1,3,2,2,959,15,1
L01241,14331769.55,207077.57,1024.99,0,229,0,0,0,0,1,0,0,1,0,1,0,0,0,0,0,1,0,0,1,0,1,1,1,0,779,4,1
L01242,31575443.97,143829.3,76554.26,0,25,0,0,1,0,0,0,0,1,0,1,0,0,0,0,1,0,0,0,0,0,0,0,0,0,0,0,0
L01243,22836912.52,366895.98,74937.96,0,57,1,0,0,0,0,0,0,0,1,0,0,0,1,0,0,0,1,0,0,2,0,1,2,0,551,5,1
L01244,24152665.25,124880.81,51462.55,0,264,0,1,0,0,0,1,0,0,0,0,0,0,0,1,0,0,0,1,0,3,0,2,0,1,97,6,0
L01245,37913050.36,89996.44,90388.98,0,125,0,0,0,0,1,0,1,0,0,0,0,1,0,0,0,0,0,1,1,1,0,0,0,0,0,2,0
L01246,14167725.94,267267.78,90936.17,1,274,1,0,0,0,0,0,0,1,0,0,1,0,0,0,0,0,0,1,8,4,1,1,2,0,396,16,1
L01247,15970176.62,148543.76,52867.26,0,27,1,0,0,0,0,0,1,0,0,0,1,0,0,0,1,0,0,0,2,0,0,2,1,0,536,5,0
L01248,46239625.38,316308.05,61190.83,0,300,0,1,0,0,0,0,1,0,0,0,1,0,0,0,0,0,0,1,0,0,0,0,0,0,0,0,0
L01249,2905592.31,63379.64,99655.69,0,127,0,0,1,0,0,0,0,1,0,0,0,0,1,0,0,0,0,0,4,4,1,4,3,2,1600,18,0
L01250,24333151.49,329195.85,30583.2,0,93,0,0,0,1,0,0,0,0,1,0,0,0,1,0,0,0,0,0,3,4,0,3,2,0,642,12,1
L01251,45648759.94,145231.78,33137.11,0,190,0,0,0,1,0,0,1,0,0,0,0,0,0,1,0,1,0,0,2,1,0,0,1,0,30,4,0
L01252,30557114.09,5120.25,19094.62,1,271,1,0,0,0,0,0,0,0,1,0,1,0,0,0,0,1,0,0,4,0,1,4,0,1,625,10,1
L01253,27365713.0,67833.35,89690.83,1,4,0,1,0,0,0,0,0,1,0,0,0,0,0,1,0,0,0,0,1,2,1,2,1,2,399,9,0
L01254,12562234.54,467139.61,74704.35,0,156,0,0,0,1,0,1,0,0,0,0,1,0,0,0,0,0,0,1,4,1,1,3,0,1,766,10,1
L01255,17229446.9,434340.55,11458.64,0,51,1,0,0,0,0,1,0,0,0,0,0,0,1,0,0,0,0,1,0,0,0,0,0,0,0,0,0
L01256,42617215.95,120636.47,98194.97,0,242,0,0,1,0,0,0,1,0,0,0,0,1,0,0,0,0,1,0,0,0,0,0,0,0,0,0,1
L01257,28004984.78,390294.09,73365.21,0,150,0,0,0,1,0,0,0,1,0,0,0,1,0,0,1,0,0,0,0,1,2,0,0,0,311,3,0
L01258,25785635.47,306242.94,85201.69,0,261,1,0,0,0,0,0,0,0,1,0,0,1,0,0,0,0,0,1,5,2,0,1,1,0,419,9,0
L01259,5069027.71,485597.83,5766.93,0,304,1,0,0,0,0,0,1,0,0,0,0,1,0,0,0,0,0,0,5,1,0,2,0,1,376,9,0
L01260,899805.01,189934.8,50991.13,0,79,0,0,0,0,1,0,0,1,0,1,0,0,0,0,0,0,1,0,5,0,1,3,0,2,899,11,1
L01261,48187890.92,342323.0,70161.23,0,182,0,0,1,0,0,0,0,1,0,0,1,0,0,0,0,1,0,0,0,0,0,0,0,0,0,0,0
L01262,18911609.75,36450.18,54751.71,0,353,0,0,0,0,1,0,0,0,1,0,0,1,0,0,0,1,0,0,3,4,0,2,0,1,302,10,1
L01263,30200331.8,201142.44,66998.1,0,106,0,1,0,0,0,0,1,0,0,1,0,0,0,0,1,0,0,0,6,4,1,6,1,1,1050,19,1
L01264,4077782.15,482089.74,81969.53,0,153,0,0,0,0,1,0,0,1,0,1,0,0,0,0,0,0,1,0,6,3,3,4,1,1,1388,18,0
L01265,34187402.86,271795.53,38059.37,0,292,0,0,0,0,1,0,0,1,0,1,0,0,0,0,1,0,0,0,4,1,4,4,1,0,936,14,0
L01266,46635078.76,147500.35,85018.2,0,204,0,0,0,1,0,0,0,1,0,0,0,0,0,1,0,1,0,0,1,0,0,0,0,0,0,1,0
L01267,28825696.12,64534.13,17128.69,1,115,1,0,0,0,0,0,0,0,1,0,0,0,0,1,0,0,0,0,1,4,0,6,3,2,967,16,0
L01268,6393154.59,353246.53,27817.72,1,16,0,0,1,0,0,0,1,0,0,1,0,0,0,0,0,1,0,0,1,0,0,0,1,0,11,2,0
L01269,29127904.22,324203.74,5291.22,0,287,0,0,0,0,1,0,1,0,0,0,0,1,0,0,0,1,0,0,0,0,0,1,0,0,105,1,0
L01270,38340725.93,190099.66,37078.25,0,155,0,0,1,0,0,0,1,0,0,0,1,0,0,0,1,0,0,0,1,0,0,2,0,0,129,3,0
L01271,20380185.18,475715.97,38611.04,0,24,0,0,0,0,1,0,1,0,0,0,0,0,1,0,1,0,0,0,0,1,1,0,0,0,110,2,0
L01272,44003903.62,15990.39,80721.79,0,277,0,1,0,0,0,1,0,0,0,0,0,0,0,1,0,0,0,1,3,3,1,2,2,0,633,11,0
L01273,32469279.37,155343.31,65659.94,0,316,0,0,0,0,1,1,0,0,0,0,0,1,0,0,0,0,0,0,3,0,0,0,0,1,0,4,0
L01274,44972521.02,460929.4,44235.53,0,125,0,0,0,1,0,0,1,0,0,0,0,1,0,0,0,0,0,0,6,4,1,2,0,0,633,13,1
L01275,31212915.03,163863.04,65559.28,0,299,1,0,0,0,0,0,0,0,1,0,0,0,1,0,0,0,0,1,4,0,1,1,0,0,130,6,0
L01276,6651269.8,129865.15,6225.55,0,357,0,1,0,0,0,1,0,0,0,0,0,0,1,0,0,0,0,1,3,1,0,5,1,1,940,11,0
L01277,15553616.38,269439.1,18846.88,1,275,0,0,0,0,1,0,0,1,0,0,0,1,0,0,0,0,0,1,5,0,1,3,0,0,547,9,0
L01278,10169567.92,412781.87,63067.84,0,364,0,0,1,0,0,1,0,0,0,0,0,0,1,0,1,0,0,0,2,0,0,1,1,1,469,5,1
L01279,45450442.24,56057.65,64495.32,0,177,0,1,0,0,0,0,0,1,0,0,0,1,0,0,0,1,0,0,4,1,1,3,0,1,568,10,0
L01280,38043963.36,471795.25,77639.33,0,343,0,1,0,0,0,0,1,0,0,0,0,0,1,0,0,0,0,0,3,5,0,2,0,1,293,11,0
L01281,33852278.61,398561.08,40896.98,0,46,0,0,0,0,1,1,0,0,0,0,0,0,1,0,0,1,0,0,7,2,0,4,1,3,928,17,1
L01282,15118219.35,94718.88,72532.86,0,199,0,1,0,0,0,0,0,0,1,0,0,1,0,0,0,1,0,0,5,4,1,2,3,2,603,17,1
L01283,9283834.13,357443.94,68714.05,0,50,0,0,1,0,0,1,0,0,0,1,0,0,0,0,0,0,0,1,2,5,1,3,1,1,497,13,0
L01284,37846909.29,195554.57,96375.94,0,294,0,1,0,0,0,1,0,0,0,0,0,1,0,0,0,0,0,1,1,0,0,1,0,0,268,2,0
L01285,23760481.5,204135.87,22297.89,1,269,0,0,1,0,0,1,0,0,0,0,1,0,0,0,0,1,0,0,1,0,3,2,0,1,989,7,1
L01286,11366898.65,392728.6,55616.28,0,196,0,0,0,0,1,0,1,0,0,0,0,0,1,0,0,1,0,0,3,1,1,1,0,0,368,6,0
L01287,30869436.71,481578.48,60574.68,1,20,1,0,0,0,0,0,0,0,1,0,0,0,0,1,1,0,0,0,9,3,1,3,1,2,494,19,1
L01288,2112659.22,67694.66,99866.14,0,142,0,1,0,0,0,1,0,0,0,0,0,0,1,0,0,0,1,0,0,2,1,0,0,1,144,4,0
L01289,16375895.68,213211.97,20917.23,0,247,1,0,0,0,0,0,0,0,1,0,1,0,0,0,1,0,0,0,5,4,1,0,2,2,619,14,1
L01290,23480994.03,243066.1,52798.58,0,355,0,0,1,0,0,0,1,0,0,0,0,0,0,1,0,0,0,1,8,3,3,5,0,0,1291,19,0
L01291,7483120.87,191274.35,35272.35,0,352,0,1,0,0,0,0,0,1,0,0,0,0,0,1,0,0,0,1,7,2,1,4,1,2,772,17,1
L01292,49234258.43,184778.62,53063.4,0,0,0,0,0,1,0,1,0,0,0,0,0,1,0,0,0,0,0,0,5,3,3,1,0,0,478,12,1
L01293,10533958.49,30872.99,23980.73,0,364,1,0,0,0,0,0,0,0,1,1,0,0,0,0,1,0,0,0,2,0,3,0,1,0,660,6,0
L01294,6604621.19,344341.62,5713.63,0,337,0,1,0,0,0,0,0,0,1,0,0,1,0,0,0,1,0,0,4,3,1,6,2,0,1362,16,1
L01295,10256390.21,220926.14,57683.98,0,273,1,0,0,0,0,0,1,0,0,0,0,0,0,1,0,0,0,1,0,1,0,0,0,0,0,1,0
L01296,38476150.54,101422.93,34249.58,0,240,0,1,0,0,0,1,0,0,0,0,0,0,0,1,0,0,1,0,7,1,2,2,2,4,997,18,1
L01297,21332732.4,408936.58,19012.2,0,57,0,0,0,0,1,0,0,1,0,1,0,0,0,0,0,1,0,0,1,0,0,2,0,2,345,5,0
L01298,28314255.39,402267.57,33069.62,0,125,1,0,0,0,0,0,0,0,1,0,0,0,1,0,0,0,0,1,6,6,2,2,1,1,472,18,0
L01299,1148356.93,245763.86,5878.74,0,328,0,0,0,1,0,1,0,0,0,1,0,0,0,0,0,1,0,0,2,2,0,4,0,0,802,8,0
L01300,1818122.3,152733.08,95093.78,0,51,0,0,0,1,0,0,0,1,0,0,0,1,0,0,0,1,0,0,2,1,0,0,0,1,0,4,1
L01301,22346694.94,320855.9,58533.64,0,222,0,0,1,0,0,0,0,0,1,0,0,0,1,0,0,0,0,1,2,1,3,2,1,0,981,9,0
L01302,40851096.64,147635.31,81662.1,0,301,0,1,0,0,0,0,0,0,1,0,0,1,0,0,1,0,0,0,0,2,1,3,2,1,575,9,0
L01303,44273420.05,121823.93,42888.7,0,362,1,0,0,0,0,0,0,1,0,1,0,0,0,0,0,0,0,0,2,0,2,0,0,0,569,4,1
L01304,4426657.72,366604.75,90428.15,1,268,0,0,1,0,0,0,0,1,0,0,0,0,1,0,0,0,1,0,5,1,1,0,2,0,574,9,0
L01305,26964318.79,24960.99,48848.5,0,95,1,0,0,0,0,0,1,0,0,1,0,0,0,0,0,0,0,1,0,2,0,0,1,0,187,3,0
L01306,45670161.35,51910.39,57820.59,0,272,0,1,0,0,0,1,0,0,0,0,1,0,0,0,0,0,0,1,5,4,1,3,2,0,1139,15,0
L01307,19459840.44,8360.15,49687.6,0,322,0,0,0,1,0,1,0,0,0,0,0,0,0,1,0,0,0,1,6,3,1,6,1,2,1733,19,1
L01308,41495334.99,80706.88,73594.55,0,60,0,0,0,0,1,0,1,0,0,0,0,0,1,0,0,1,0,0,9,3,0,2,1,2,597,17,1
L01309,6771413.15,39150.05,57098.95,0,320,0,0,0,1,0,0,0,0,1,0,0,0,0,1,0,0,0,0,3,1,0,1,1,2,237,8,1
L01310,46776185.03,497922.17,27888.29,0,180,0,0,1,0,0,0,0,1,0,0,1,0,0,0,0,0,0,0,7,4,2,3,1,1,1270,18,0
L01311,37596023.54,147960.94,15408.41,0,132,0,0,0,0,1,0,0,1,0,0,0,0,1,0,0,1,0,0,4,4,0,0,2,1,263,11,0
L01312,47072586.2,78887.67,61006.31,0,88,0,0,1,0,0,0,0,1,0,0,0,0,0,1,0,1,0,0,3,1,1,2,1,0,543,8,0
L01313,33863199.95,124293.15,49428.82,1,172,0,1,0,0,0,0,0,0,1,0,0,0,0,1,0,1,0,0,5,2,0,1,0,0,283,8,0
L01314,18233856.21,468382.16,10501.59,0,311,0,0,0,0,1,0,0,1,0,0,0,0,1,0,0,0,1,0,0,0,0,1,0,0,153,1,1
L01315,46915240.51,262479.31,40166.13,0,4,0,0,1,0,0,0,0,1,0,0,0,0,0,1,0,0,1,0,1,0,0,2,0,0,298,3,0
L01316,13850782.14,185584.96,51962.87,0,356,0,1,0,0,0,0,1,0,0,0,0,0,0,1,0,0,0,0,0,5,0,1,2,1,242,9,1
L01317,16675408.85,437328.77,82862.43,0,342,0,0,0,1,0,0,0,0,1,0,0,0,1,0,0,0,1,0,4,6,0,2,2,0,466,14,0
L01318,35070340.06,200520.18,8534.0,0,203,0,1,0,0,0,1,0,0,0,0,0,0,0,1,0,0,0,1,5,0,0,1,2,1,444,9,0
L01319,38289283.35,170829.24,35501.04,0,161,1,0,0,0,0,0,1,0,0,0,0,0,0,1,0,0,1,0,5,2,1,3,0,1,530,12,1
L01320,46477233.84,107604.85,82442.96,0,60,0,1,0,0,0,0,1,0,0,0,0,1,0,0,0,0,1,0,4,4,1,6,2,1,1584,18,0
L01321,10319640.21,192009.43,65193.97,0,189,0,1,0,0,0,1,0,0,0,0,0,1,0,0,0,0,0,1,5,4,1,4,1,1,754,16,1
L01322,39920101.96,161758.76,29705.87,1,324,1,0,0,0,0,0,1,0,0,0,1,0,0,0,0,0,0,1,4,5,0,3,5,1,1295,18,1
L01323,36953448.06,340265.46,84688.18,0,62,0,0,1,0,0,0,0,0,1,0,0,1,0,0,0,0,1,0,3,2,0,0,0,1,0,6,1
L01324,3283348.36,148343.44,49836.06,0,43,0,0,1,0,0,0,0,1,0,0,0,1,0,0,0,0,0,1,4,4,2,4,0,3,884,17,1
L01325,19422434.75,290713.87,50336.84,0,238,0,1,0,0,0,0,0,0,1,0,1,0,0,0,0,0,1,0,2,1,0,0,0,0,0,3,0
L01326,14209996.31,37616.62,97682.15,1,27,1,0,0,0,0,1,0,0,0,0,0,0,0,1,0,0,1,0,5,1,1,1,1,2,621,11,1
L01327,15294072.18,99688.13,94764.53,0,197,1,0,0,0,0,1,0,0,0,0,0,0,0,1,0,0,1,0,2,8,3,3,1,1,839,18,0
L01328,49149049.29,206665.61,36494.74,1,268,0,0,0,1,0,0,1,0,0,0,0,1,0,0,0,0,1,0,9,4,0,4,1,1,695,19,1
L01329,32174592.93,468789.88,14917.33,0,170,0,0,1,0,0,0,0,0,1,0,1,0,0,0,0,0,0,1,3,3,1,1,1,0,702,9,0
L01330,35912040.27,191739.73,33241.01,0,29,0,0,0,0,1,0,0,0,1,0,0,0,0,1,0,0,1,0,3,2,1,6,2,0,1705,14,0
L01331,48833220.1,333716.69,4017.84,0,153,0,0,1,0,0,1,0,0,0,1,0,0,0,0,0,0,0,1,0,0,0,0,0,0,0,0,1
L01332,18922368.94,131268.18,3056.02,0,208,0,0,1,0,0,0,0,0,1,0,0,0,1,0,1,0,0,0,2,0,0,0,3,1,469,6,0
L01333,40111824.41,67881.62,40156.69,0,62,0,0,0,1,0,1,0,0,0,0,0,0,1,0,0,1,0,0,0,0,0,0,0,0,0,0,0
L01334,21783095.07,33975.62,94160.96,0,328,0,0,0,0,1,0,0,0,1,0,0,0,1,0,0,0,0,1,4,4,1,5,0,2,904,16,0
L01335,43489730.22,156179.68,87264.38,0,56,0,0,0,1,0,0,0,0,1,0,0,1,0,0,0,0,0,1,4,6,1,5,1,1,918,18,1
L01336,9114811.31,83042.21,51632.84,0,319,0,0,0,0,1,0,0,0,1,0,0,0,1,0,0,0,0,0,2,4,0,6,3,4,1684,19,0
L01337,47389540.24,91135.17,56957.41,0,207,0,1,0,0,0,1,0,0,0,0,0,0,1,0,1,0,0,0,2,0,1,3,0,2,581,8,1
L01338,11016708.25,381575.86,1587.42,1,307,0,0,0,0,1,0,1,0,0,1,0,0,0,0,1,0,0,0,2,3,2,1,1,1,918,10,1
L01339,16378403.3,12839.85,22334.61,1,62,0,0,0,1,0,0,0,0,1,0,0,0,0,1,1,0,0,0,5,4,0,5,1,2,978,17,0
L01340,37833992.48,281116.01,3452.64,0,247,0,0,1,0,0,1,0,0,0,1,0,0,0,0,0,1,0,0,4,4,0,5,2,0,1525,15,0
L01341,19748381.56,192833.38,75699.41,1,140,0,0,0,0,1,1,0,0,0,0,0,1,0,0,0,0,1,0,0,1,0,0,0,0,0,1,0
L01342,30449747.7,255742.25,15418.93,0,92,0,0,0,0,1,0,0,0,1,0,0,0,1,0,1,0,0,0,6,2,2,2,1,2,625,15,0
L01343,22284217.7,283600.97,87035.66,0,106,1,0,0,0,0,0,0,0,1,0,0,0,0,1,0,0,1,0,3,1,3,1,4,3,1365,15,1
L01344,37144259.86,160117.01,64689.11,0,364,0,0,1,0,0,0,1,0,0,0,0,0,1,0,0,0,1,0,0,0,0,0,1,0,98,1,0
L01345,11493729.49,151078.89,23712.45,0,87,0,1,0,0,0,1,0,0,0,0,0,0,1,0,0,0,0,1,7,1,2,1,0,4,465,15,1
L01346,3017053.56,368033.92,16614.31,0,300,0,0,0,1,0,1,0,0,0,0,0,1,0,0,0,0,0,0,7,3,2,5,0,0,986,17,1
L01347,15066476.93,436282.11,63134.85,0,107,0,1,0,0,0,0,0,1,0,0,0,0,1,0,0,0,0,1,4,4,0,1,2,2,570,13,1
L01348,23768002.38,100327.91,90182.86,0,45,0,0,1,0,0,1,0,0,0,0,1,0,0,0,1,0,0,0,3,0,2,5,2,3,1479,15,1
L01349,8484200.6,53321.29,72117.66,0,76,0,0,0,0,1,0,1,0,0,0,0,0,0,1,0,0,0,0,3,1,1,0,0,0,100,5,1
L01350,17804384.75,449408.92,35506.12,1,216,0,0,0,0,1,0,0,1,0,0,0,0,0,1,0,0,0,0,0,0,0,0,0,0,0,0,1
L01351,20059152.61,178198.25,59150.98,1,168,0,0,1,0,0,0,0,1,0,0,1,0,0,0,0,1,0,0,2,0,1,0,0,0,80,3,0
L01352,2963853.0,277902.11,31765.41,0,301,0,0,0,0,1,0,0,1,0,0,0,1,0,0,0,1,0,0,2,0,0,0,0,0,0,2,0
L01353,29207031.68,182973.86,99915.81,0,128,0,0,0,0,1,0,0,0,1,0,0,0,1,0,0,1,0,0,0,1,0,3,0,0,547,4,0
L01354,44228737.06,67272.16,75135.08,0,200,0,0,0,0,1,0,0,0,1,0,0,0,1,0,1,0,0,0,0,0,0,1,0,0,247,1,0
L01355,7671971.36,296719.16,61823.78,0,195,0,0,0,1,0,1,0,0,0,0,0,0,0,1,0,0,0,0,0,0,0,0,1,0,11,1,0
L01356,29930619.87,264944.72,42902.66,0,347,0,0,0,1,0,0,0,1,0,0,0,1,0,0,0,0,0,1,5,2,0,2,1,1,468,11,1
L01357,33270486.33,105481.81,62197.08,0,267,1,0,0,0,0,0,1,0,0,0,0,1,0,0,1,0,0,0,4,4,3,2,1,2,720,16,1
L01358,21024800.55,228675.18,34819.99,0,87,0,1,0,0,0,0,0,0,1,0,0,1,0,0,0,0,0,0,4,2,2,4,1,1,1051,14,1
L01359,35084769.61,399489.01,3857.62,0,252,0,0,1,0,0,0,1,0,0,0,0,0,1,0,0,0,0,1,5,0,1,4,0,1,418,11,0
L01360,20595504.02,297260.92,40113.76,1,237,0,0,1,0,0,0,1,0,0,0,0,1,0,0,1,0,0,0,2,2,1,4,2,1,919,12,1
L01361,25281400.67,52974.08,93117.6,1,72,0,0,1,0,0,0,0,0,1,0,1,0,0,0,0,0,0,0,1,2,1,1,2,1,729,8,0
L01362,466916.92,276270.64,63003.81,0,357,1,0,0,0,0,0,0,0,1,1,0,0,0,0,0,0,0,0,1,4,1,3,0,1,788,10,1
L01363,34616833.7,352855.46,9311.61,0,354,0,0,0,1,0,0,0,0,1,0,0,1,0,0,0,0,0,0,6,4,4,0,1,1,959,16,1
L01364,33100999.68,397388.19,88614.37,1,160,1,0,0,0,0,0,0,0,1,1,0,0,0,0,0,0,0,1,0,1,0,2,3,0,995,6,1
L01365,2016203.78,316413.2,27618.61,0,57,0,0,1,0,0,0,0,1,0,0,0,0,1,0,0,0,1,0,0,1,0,1,0,0,37,2,0
L01366,18475680.36,80565.79,25133.18,0,290,0,1,0,0,0,0,0,1,0,0,0,1,0,0,0,1,0,0,4,2,3,2,2,0,1130,13,0
L01367,48953688.86,356535.77,30412.01,0,339,0,0,0,0,1,0,0,1,0,0,0,0,0,1,0,0,0,1,7,0,0,3,0,3,358,13,1
L01368,21094754.47,340284.21,58143.02,0,65,0,0,0,1,0,0,0,1,0,0,0,0,1,0,0,0,0,0,2,1,4,1,3,1,1533,12,0
L01369,25147075.72,17091.31,54924.12,1,25,0,0,0,1,0,1,0,0,0,0,1,0,0,0,1,0,0,0,0,0,0,0,0,0,0,0,0
L01370,45505514.89,208815.1,49649.96,0,297,1,0,0,0,0,0,0,1,0,0,1,0,0,0,0,0,1,0,3,0,1,1,0,0,146,5,0
L01371,35891367.61,169810.37,72036.15,0,76,0,0,0,1,0,0,0,0,1,1,0,0,0,0,0,0,0,1,3,0,0,1,0,0,15,4,0
L01372,29145299.54,336358.97,32337.24,0,285,0,0,1,0,0,0,1,0,0,1,0,0,0,0,0,1,0,0,6,0,2,1,1,3,860,13,1
L01373,39910453.6,111987.23,78424.39,0,35,0,0,1,0,0,0,0,1,0,0,0,0,0,1,0,0,1,0,3,3,1,2,3,1,1169,13,0
L01374,43231876.7,297481.6,18356.85,0,18,1,0,0,0,0,1,0,0,0,0,0,0,0,1,0,1,0,0,3,0,0,0,0,0,0,3,0
L01375,22898714.78,457036.95,78479.46,0,277,0,0,1,0,0,0,0,0,1,0,1,0,0,0,0,0,1,0,4,4,2,3,1,3,955,17,1
L01376,23807907.41,399912.17,66717.2,0,320,0,1,0,0,0,0,1,0,0,0,0,1,0,0,0,1,0,0,4,4,1,4,1,1,936,15,0
L01377,19363941.69,461121.58,68637.62,0,312,1,0,0,0,0,0,1,0,0,0,1,0,0,0,0,0,0,0,3,3,0,1,1,0,516,8,0
L01378,48338636.39,489360.45,48673.79,0,266,0,1,0,0,0,0,0,1,0,0,1,0,0,0,1,0,0,0,4,5,0,6,1,2,931,18,1
L01379,34888596.09,10281.71,67033.15,0,281,0,0,0,0,1,0,1,0,0,0,0,0,0,1,1,0,0,0,0,4,0,0,0,0,0,4,0
L01380,4252831.0,313256.93,8899.91,0,18,0,1,0,0,0,0,0,1,0,1,0,0,0,0,0,1,0,0,5,7,1,2,4,0,1076,19,0
L01381,43161685.2,209355.5,85303.56,0,338,0,0,0,0,1,0,0,1,0,0,0,0,0,1,0,0,0,0,3,3,1,3,3,3,950,16,0
L01382,24079941.05,430627.97,6499.18,0,139,0,0,0,0,1,0,0,0,1,0,0,0,0,1,0,0,1,0,2,4,1,3,3,0,1203,13,0
L01383,3530819.93,129648.28,15725.41,0,66,0,1,0,0,0,0,0,0,1,0,0,0,0,1,0,0,1,0,5,6,0,2,2,2,574,17,1
L01384,27530891.03,490609.6,58102.18,0,311,1,0,0,0,0,1,0,0,0,0,1,0,0,0,0,0,0,1,2,2,0,0,3,1,732,8,1
L01385,20916497.52,308785.44,74201.73,1,17,0,0,1,0,0,0,0,0,1,0,0,1,0,0,0,0,0,1,1,1,0,0,0,0,0,2,0
L01386,43899695.3,397801.01,8548.9,0,260,0,0,1,0,0,0,0,0,1,0,1,0,0,0,0,1,0,0,1,2,2,1,0,1,459,7,1
L01387,10279330.72,47371.78,92155.72,0,111,0,0,0,0,1,0,0,1,0,0,0,0,1,0,0,0,0,1,3,2,0,2,1,1,336,9,0
L01388,41340584.01,95811.65,97387.16,0,114,0,0,0,0,1,0,0,0,1,0,0,0,0,1,1,0,0,0,0,0,0,3,0,0,557,3,0
L01389,27928665.69,380409.82,60989.07,0,165,1,0,0,0,0,0,0,1,0,0,0,0,0,1,0,0,0,0,3,3,2,6,0,2,1350,16,0
L01390,2825054.13,15883.33,48643.1,0,66,0,0,0,1,0,0,0,1,0,0,0,0,1,0,0,0,1,0,4,1,4,3,5,1,1781,18,1
L01391,48595080.54,409354.6,74398.1,0,254,0,1,0,0,0,0,0,0,1,0,0,0,0,1,0,0,0,1,5,3,3,0,2,1,603,14,1
L01392,25679500.68,11904.76,33507.38,0,69,0,0,0,0,1,1,0,0,0,0,0,0,0,1,0,1,0,0,6,5,2,4,2,0,1213,19,1
L01393,14614755.03,330273.83,49833.18,0,307,0,0,1,0,0,1,0,0,0,0,0,0,0,1,0,0,1,0,1,0,1,1,0,0,362,3,0
L01394,23523401.42,185721.49,91698.95,0,202,1,0,0,0,0,0,1,0,0,0,0,0,1,0,0,1,0,0,0,0,0,1,1,0,514,2,0
L01395,42907103.4,307689.95,95609.89,0,126,0,1,0,0,0,0,1,0,0,0,1,0,0,0,0,1,0,0,0,0,0,0,0,0,0,0,0
L01396,15314665.91,349535.55,92779.84,0,320,1,0,0,0,0,0,0,0,1,0,0,0,0,1,1,0,0,0,3,6,1,1,2,1,793,14,1
L01397,9714552.18,174525.23,26982.36,0,79,0,1,0,0,0,1,0,0,0,0,0,1,0,0,0,0,0,1,4,0,1,5,1,1,1273,12,0
L01398,6540655.22,58441.41,24014.43,1,175,0,1,0,0,0,0,0,1,0,0,0,0,1,0,0,0,1,0,9,4,2,1,1,2,639,19,1
L01399,14963183.98,39474.7,30468.79,1,112,0,0,0,0,1,0,1,0,0,1,0,0,0,0,1,0,0,0,4,3,3,0,3,2,827,15,1
L01400,39024399.54,296523.33,44689.8,0,110,1,0,0,0,0,0,0,1,0,0,0,0,1,0,0,1,0,0,3,2,3,2,1,1,956,12,1
L01401,23634155.62,262724.4,32102.57,0,308,1,0,0,0,0,0,1,0,0,0,1,0,0,0,0,0,0,1,1,0,1,1,1,0,423,4,0
L01402,11451332.02,372389.5,38047.07,0,136,0,0,1,0,0,0,0,0,1,0,0,0,1,0,0,0,1,0,4,0,0,0,0,0,0,4,0
L01403,8392631.48,257319.08,62443.06,0,132,0,0,1,0,0,1,0,0,0,1,0,0,0,0,1,0,0,0,2,6,0,3,2,3,904,16,1
L01404,16703200.88,214110.67,76490.04,0,327,0,0,0,0,1,0,1,0,0,0,0,1,0,0,1,0,0,0,1,2,2,3,2,1,899,11,0
L01405,47002226.21,202053.15,73820.26,0,188,0,0,0,0,1,1,0,0,0,1,0,0,0,0,0,0,0,0,4,0,2,2,1,1,312,10,0
L01406,17217032.96,18091.22,81627.93,0,276,0,0,0,1,0,0,0,1,0,0,0,0,1,0,0,0,0,0,0,0,0,1,0,0,212,1,0
L01407,49407391.39,171100.81,4186.26,0,224,0,0,1,0,0,0,0,0,1,1,0,0,0,0,0,0,0,0,5,1,1,0,1,0,376,8,0
L01408,24312999.74,488129.98,5725.65,0,102,0,1,0,0,0,1,0,0,0,0,0,0,1,0,0,0,0,0,3,7,2,3,1,1,979,17,1
L01409,9040279.52,437410.01,79148.91,0,106,1,0,0,0,0,0,0,0,1,0,0,1,0,0,0,1,0,0,3,2,0,5,1,3,804,14,1
L01410,44567890.58,168042.14,53774.8,0,62,0,0,0,0,1,1,0,0,0,0,0,1,0,0,1,0,0,0,0,0,0,1,0,0,92,1,0
L01411,23071733.12,295958.73,58235.93,0,244,1,0,0,0,0,0,0,1,0,0,1,0,0,0,1,0,0,0,3,0,0,3,0,0,481,6,0
L01412,35512600.04,424411.89,6206.1,0,172,1,0,0,0,0,0,0,1,0,0,0,1,0,0,1,0,0,0,4,4,2,3,2,1,956,16,0
L01413,49187208.0,223430.8,26276.07,0,332,0,0,0,1,0,0,0,0,1,0,0,0,0,1,0,0,0,0,8,3,2,3,3,0,1176,19,0
L01414,2603749.98,13889.14,64197.08,0,330,0,0,1,0,0,0,0,1,0,1,0,0,0,0,0,0,1,0,0,1,1,1,1,0,233,4,0
L01415,4925058.53,41882.68,86059.01,0,209,0,0,0,0,1,0,1,0,0,1,0,0,0,0,0,0,1,0,2,1,3,6,5,2,2265,19,1
L01416,36050791.4,257644.4,91781.36,0,190,1,0,0,0,0,1,0,0,0,0,0,0,1,0,0,1,0,0,1,3,1,3,0,0,179,8,0
L01417,14163067.66,484872.49,50541.53,0,157,0,0,0,0,1,0,0,1,0,0,0,1,0,0,0,0,0,0,3,8,2,2,1,1,818,17,0
L01418,9296639.71,348138.72,55001.95,0,318,0,1,0,0,0,0,1,0,0,0,1,0,0,0,0,0,0,0,3,1,1,0,0,0,181,5,1
L01419,2064157.8,40103.51,83471.91,0,224,0,0,0,1,0,0,0,0,1,0,1,0,0,0,0,1,0,0,3,1,1,2,0,1,487,8,1
L01420,1190150.93,98733.63,54224.84,0,171,0,1,0,0,0,0,1,0,0,0,1,0,0,0,0,0,0,0,2,4,0,3,0,0,221,9,1
L01421,38746831.6,386804.96,52168.99,0,322,0,0,0,0,1,0,0,0,1,0,0,0,0,1,1,0,0,0,0,1,0,1,0,0,234,2,0
L01422,6808228.03,421512.68,90603.32,0,35,0,0,0,0,1,0,0,0,1,0,0,1,0,0,0,1,0,0,3,2,1,2,3,2,1131,13,1
L01423,23439258.74,310758.82,79203.34,0,133,0,0,1,0,0,1,0,0,0,0,1,0,0,0,0,0,1,0,4,0,1,1,1,3,332,10,1
L01424,30334251.08,323989.47,90998.18,0,36,1,0,0,0,0,1,0,0,0,0,0,0,0,1,0,0,1,0,0,0,0,2,0,0,244,2,0
L01425,21474754.85,19027.04,22606.46,1,92,1,0,0,0,0,0,1,0,0,1,0,0,0,0,0,1,0,0,0,1,0,1,0,0,147,2,0
L01426,1452621.95,415122.48,52913.17,0,74,0,1,0,0,0,1,0,0,0,0,0,0,1,0,1,0,0,0,3,5,5,2,1,3,1081,19,1
L01427,39196724.98,395196.23,84404.74,1,243,0,0,0,1,0,1,0,0,0,0,0,1,0,0,0,0,0,0,2,0,0,3,1,0,580,6,0
L01428,624609.9,133222.4,12003.63,0,182,1,0,0,0,0,1,0,0,0,0,0,1,0,0,0,0,1,0,3,2,0,1,1,1,429,8,0
L01429,38118305.73,355794.98,79671.55,1,204,0,0,1,0,0,0,1,0,0,1,0,0,0,0,0,0,1,0,0,2,0,2,0,1,264,5,0
L01430,44675894.24,111353.03,19114.36,0,186,0,1,0,0,0,0,0,1,0,0,0,1,0,0,1,0,0,0,4,2,2,2,1,1,438,12,0
L01431,21698712.06,24963.43,81003.76,1,165,0,1,0,0,0,1,0,0,0,0,0,1,0,0,0,1,0,0,5,2,0,3,1,0,605,11,0
L01432,26823569.41,104562.59,61588.09,0,114,0,0,1,0,0,1,0,0,0,0,0,1,0,0,1,0,0,0,3,3,1,3,1,2,612,13,1
L01433,23901471.29,93421.29,20130.36,0,206,0,0,0,1,0,0,1,0,0,0,0,1,0,0,1,0,0,0,2,2,2,2,0,0,560,8,0
L01434,19521510.07,172185.26,47862.06,0,244,0,0,1,0,0,0,0,1,0,0,0,0,0,1,1,0,0,0,2,0,0,0,0,2,0,4,1
L01435,44382484.31,212132.5,68508.61,1,332,0,0,0,1,0,1,0,0,0,0,0,0,0,1,0,1,0,0,1,2,0,3,0,3,270,9,1
L01436,44707282.18,256726.75,63751.44,0,160,0,0,1,0,0,0,0,0,1,0,0,0,1,0,0,0,0,1,1,1,0,0,0,0,0,2,0
L01437,16857236.6,240993.17,43297.47,0,12,0,0,1,0,0,0,1,0,0,0,0,1,0,0,1,0,0,0,2,0,5,1,0,0,1168,8,0
L01438,30791980.73,138983.93,90037.29,0,293,0,0,0,0,1,1,0,0,0,1,0,0,0,0,0,0,0,0,3,4,2,2,0,0,886,11,1
L01439,46352687.35,19439.48,52407.08,0,235,0,1,0,0,0,1,0,0,0,0,1,0,0,0,0,1,0,0,8,2,2,4,0,1,930,17,0
L01440,48106719.1,304525.3,51080.86,0,272,0,0,1,0,0,0,0,0,1,0,0,0,1,0,0,0,0,1,1,5,2,3,1,2,935,14,1
L01441,25497056.12,200893.69,7162.81,0,113,0,0,1,0,0,0,0,0,1,0,1,0,0,0,0,1,0,0,4,3,1,1,3,0,969,12,0
L01442,22695957.78,152842.72,92289.92,1,151,1,0,0,0,0,0,1,0,0,0,1,0,0,0,0,0,0,1,4,1,1,5,1,2,1062,14,0
L01443,14006846.36,434135.82,18534.54,1,25,0,1,0,0,0,0,1,0,0,0,0,1,0,0,0,1,0,0,2,2,0,1,0,4,105,9,1
L01444,47947706.47,374637.94,53306.12,0,167,1,0,0,0,0,0,0,0,1,1,0,0,0,0,0,0,0,0,0,1,0,0,0,0,0,1,0
L01445,7226433.79,429593.95,80553.19,0,31,0,1,0,0,0,0,1,0,0,0,1,0,0,0,0,0,1,0,0,0,0,0,0,0,0,0,0
L01446,29033495.84,250016.48,22329.87,0,220,1,0,0,0,0,0,0,0,1,0,1,0,0,0,0,0,0,1,1,4,0,4,0,1,752,10,0
L01447,14199258.35,69810.97,53209.96,0,205,0,0,1,0,0,1,0,0,0,0,0,0,1,0,0,1,0,0,4,2,2,3,0,1,1098,12,1
L01448,14022513.69,349629.61,24827.81,0,341,0,0,1,0,0,0,0,0,1,1,0,0,0,0,0,0,0,1,3,3,1,3,3,1,1076,14,0
L01449,20307932.51,107006.52,76209.8,0,97,0,0,0,0,1,0,0,0,1,1,0,0,0,0,0,0,1,0,5,3,1,0,0,0,22,9,0
L01450,49939767.5,223408.69,56869.78,0,90,1,0,0,0,0,0,0,1,0,0,1,0,0,0,0,1,0,0,5,3,2,1,0,0,664,11,0
L01451,2842818.71,37175.39,85741.61,1,213,0,0,0,1,0,0,0,0,1,1,0,0,0,0,0,0,0,1,4,5,0,2,0,0,507,11,0
L01452,28969236.73,413527.66,89561.24,1,187,0,0,0,0,1,0,0,0,1,0,0,0,1,0,0,0,0,0,1,3,2,2,1,0,579,9,1
L01453,4220350.69,67340.62,65224.61,0,56,1,0,0,0,0,0,0,1,0,0,0,0,1,0,0,0,1,0,4,3,4,4,0,2,1450,17,1
L01454,7810589.42,452033.27,72813.73,1,106,1,0,0,0,0,0,1,0,0,0,0,0,1,0,0,0,0,0,2,1,0,1,1,1,50,6,1
L01455,22034190.79,432794.15,55372.79,0,194,0,0,0,0,1,0,0,1,0,0,0,1,0,0,0,0,0,0,5,3,2,4,0,3,881,17,1
L01456,25571960.55,234968.47,39058.44,0,21,0,0,1,0,0,1,0,0,0,0,1,0,0,0,0,0,0,0,2,0,0,5,1,3,1149,11,0
L01457,13013741.18,373462.26,65163.67,0,185,1,0,0,0,0,0,0,1,0,1,0,0,0,0,0,0,0,1,4,1,1,2,0,1,541,9,0
L01458,15891210.83,311625.31,90920.57,0,84,0,0,1,0,0,1,0,0,0,0,0,0,1,0,0,0,0,1,1,2,1,4,2,3,837,13,1
L01459,4439654.31,402522.44,42251.36,0,79,0,0,0,0,1,0,1,0,0,0,1,0,0,0,0,0,1,0,3,1,0,2,2,1,248,9,1
L01460,15230667.21,218743.52,32126.59,0,328,0,0,1,0,0,0,0,1,0,0,1,0,0,0,0,0,1,0,0,0,0,0,0,0,0,0,0
L01461,48331266.13,393975.2,39455.26,0,76,0,1,0,0,0,0,0,1,0,0,0,1,0,0,0,0,0,0,2,0,1,0,1,0,428,4,0
L01462,47240898.35,233916.12,44104.37,0,329,0,0,0,1,0,0,1,0,0,1,0,0,0,0,0,1,0,0,1,3,1,1,1,0,433,7,0
L01463,16810426.68,470778.06,8282.54,0,340,1,0,0,0,0,1,0,0,0,1,0,0,0,0,1,0,0,0,5,7,0,2,5,0,1350,19,0
L01464,28585611.42,245754.19,50345.74,0,176,0,0,0,1,0,0,0,1,0,0,0,0,1,0,1,0,0,0,0,0,0,1,0,0,194,1,0
L01465,45488810.02,233996.54,49937.11,0,173,0,0,1,0,0,1,0,0,0,0,0,0,1,0,1,0,0,0,2,4,3,4,2,1,1144,16,0
L01466,408572.75,393610.57,59255.94,0,81,1,0,0,0,0,0,0,1,0,0,1,0,0,0,1,0,0,0,4,1,1,0,1,1,498,8,0
L01467,40553110.16,411680.96,36919.18,0,20,0,0,1,0,0,0,0,0,1,1,0,0,0,0,0,0,1,0,6,4,1,1,4,2,441,18,1
L01468,47423640.68,279472.11,61697.65,0,178,0,1,0,0,0,0,0,1,0,1,0,0,0,0,0,1,0,0,3,2,2,1,0,0,542,8,0
L01469,4657154.14,93999.92,87943.41,1,329,0,0,0,0,1,0,1,0,0,0,0,0,1,0,0,0,1,0,2,3,2,4,1,0,777,12,1
L01470,8156239.53,236540.32,95591.63,0,224,1,0,0,0,0,0,1,0,0,0,0,0,0,1,0,0,1,0,3,4,1,7,1,2,1526,18,0
L01471,48041240.51,484195.89,58777.61,0,264,0,1,0,0,0,1,0,0,0,0,1,0,0,0,1,0,0,0,0,1,0,0,0,0,0,1,0
L01472,26923253.17,377728.17,5216.5,0,268,0,1,0,0,0,0,0,1,0,1,0,0,0,0,1,0,0,0,3,3,1,2,2,1,868,12,1
L01473,808412.06,406525.49,96954.36,0,250,1,0,0,0,0,1,0,0,0,0,0,1,0,0,0,0,1,0,2,1,0,2,0,0,388,5,0
L01474,12955836.74,21248.62,70880.34,0,272,0,0,1,0,0,1,0,0,0,0,0,1,0,0,0,0,1,0,2,1,0,1,1,2,315,7,1
L01475,22552189.35,236590.43,34260.4,0,342,0,1,0,0,0,0,0,0,1,0,0,0,0,1,0,0,0,0,5,1,1,3,1,2,727,13,1
L01476,34676154.66,325077.46,15568.61,1,271,0,0,0,1,0,0,0,0,1,0,0,0,1,0,0,0,0,0,4,2,2,1,2,3,687,14,1
L01477,36684702.87,415866.18,15198.44,0,279,0,1,0,0,0,0,1,0,0,0,0,0,1,0,0,0,0,0,3,1,3,2,1,1,960,11,0
L01478,49771533.49,29390.46,17606.7,0,222,0,0,1,0,0,1,0,0,0,0,0,0,1,0,0,0,0,1,11,4,1,2,0,1,622,19,0
L01479,14446808.85,426957.25,5511.68,1,74,0,0,1,0,0,0,1,0,0,0,0,1,0,0,0,0,0,0,1,0,2,0,0,0,200,3,0
L01480,26957183.08,276458.46,90313.26,0,150,0,0,0,1,0,0,0,1,0,0,0,0,1,0,0,0,0,0,5,3,2,2,0,2,742,14,1
L01481,26712845.04,102670.42,54536.06,1,358,0,1,0,0,0,1,0,0,0,0,0,1,0,0,0,0,0,0,4,3,3,3,1,2,1591,16,1
L01482,20341698.45,162041.33,70295.98,0,341,0,0,1,0,0,1,0,0,0,0,0,0,0,1,0,1,0,0,5,2,2,3,2,0,955,14,0
L01483,8541178.5,144555.13,82982.74,0,104,1,0,0,0,0,0,0,1,0,0,1,0,0,0,0,0,0,0,7,3,1,3,2,3,947,19,0
L01484,48875082.5,267775.22,79362.56,0,41,0,0,0,0,1,0,0,1,0,1,0,0,0,0,0,0,0,1,0,0,0,1,1,1,371,3,1
L01485,42680527.61,30584.41,88377.96,0,175,0,0,0,0,1,0,1,0,0,0,0,0,0,1,0,0,1,0,7,2,1,3,2,2,750,17,0
L01486,24966818.11,83475.4,96758.21,0,244,0,0,0,0,1,0,1,0,0,0,0,1,0,0,0,1,0,0,4,3,2,6,0,1,1060,16,0
L01487,30201946.59,407283.06,44467.99,0,252,0,1,0,0,0,0,0,1,0,0,0,0,0,1,1,0,0,0,4,0,0,3,0,1,495,8,1
L01488,11440326.57,70638.98,95083.21,0,273,0,0,0,1,0,0,1,0,0,1,0,0,0,0,1,0,0,0,6,3,1,2,1,4,617,17,1
L01489,27234974.81,120531.15,72605.7,0,333,0,0,1,0,0,0,0,1,0,0,1,0,0,0,1,0,0,0,5,3,3,3,1,2,864,17,0
L01490,34779009.64,229418.45,7996.15,0,91,1,0,0,0,0,1,0,0,0,1,0,0,0,0,0,1,0,0,3,0,0,2,0,0,296,5,0
L01491,25806834.72,260974.84,68496.53,0,10,1,0,0,0,0,1,0,0,0,0,0,1,0,0,0,0,0,0,7,2,1,3,3,1,1222,17,1
L01492,49515230.01,382987.19,68984.95,1,151,0,1,0,0,0,0,0,0,1,1,0,0,0,0,0,1,0,0,0,1,0,2,0,0,297,3,0
L01493,30605948.65,226429.55,90680.2,1,188,0,0,0,0,1,1,0,0,0,0,0,0,0,1,1,0,0,0,3,0,0,0,1,0,37,4,0
L01494,18611588.26,395982.99,37920.28,0,163,0,1,0,0,0,0,0,1,0,0,0,0,1,0,0,1,0,0,0,0,1,1,1,1,411,4,1
L01495,38630386.18,311081.42,58906.24,0,125,0,0,0,1,0,0,1,0,0,0,0,0,0,1,0,0,0,1,1,0,0,0,0,0,0,1,0
L01496,8606079.33,60984.37,2206.57,0,210,0,0,0,1,0,0,0,0,1,0,0,1,0,0,1,0,0,0,2,2,2,5,2,2,1213,15,1
L01497,19287339.1,82384.06,33875.45,0,96,0,0,1,0,0,0,1,0,0,0,1,0,0,0,1,0,0,0,2,5,3,3,2,2,1001,17,1
L01498,17413251.62,221331.69,7162.13,1,308,0,0,1,0,0,0,0,1,0,1,0,0,0,0,0,0,0,1,1,1,0,0,1,0,122,3,0
L01499,21647174.05,201460.25,52665.42,0,338,0,0,0,1,0,1,0,0,0,0,1,0,0,0,0,0,1,0,3,1,2,1,4,4,1187,15,1
L01500,39110813.31,373054.41,81927.32,1,46,0,0,0,1,0,0,0,0,1,0,0,1,0,0,0,1,0,0,3,2,1,1,0,1,246,8,1
L01501,24260234.3,292464.88,21437.83,0,307,0,0,0,1,0,0,0,1,0,1,0,0,0,0,0,1,0,0,0,2,0,0,0,0,0,2,0
L01502,39721321.07,197125.88,53216.66,0,223,0,1,0,0,0,0,0,0,1,0,0,0,0,1,1,0,0,0,0,3,0,2,1,0,666,6,0
L01503,28866796.27,89526.34,21196.86,1,56,0,0,0,1,0,0,0,0,1,0,0,0,0,1,0,0,0,0,2,2,0,1,1,0,99,6,0
L01504,17169264.79,117284.37,12948.16,0,74,1,0,0,0,0,1,0,0,0,0,0,1,0,0,1,0,0,0,4,2,0,1,2,2,385,11,1
L01505,40517939.31,289873.0,51588.68,0,253,0,0,0,0,1,0,0,1,0,1,0,0,0,0,0,0,0,1,7,4,1,3,3,1,688,19,0
L01506,11990654.56,214602.21,8835.71,0,150,0,0,0,1,0,0,1,0,0,0,0,0,0,1,1,0,0,0,5,3,0,0,0,1,0,9,1
L01507,11296710.69,259889.12,59148.11,0,58,0,0,0,0,1,0,0,0,1,0,0,1,0,0,0,0,0,1,0,0,1,0,0,0,185,1,0
L01508,25274695.91,89485.33,4102.41,0,324,0,1,0,0,0,0,0,0,1,0,0,1,0,0,0,1,0,0,1,0,0,0,0,0,0,1,0
L01509,13116377.37,333138.59,11564.78,1,85,0,0,0,0,1,0,1,0,0,0,1,0,0,0,0,1,0,0,3,6,1,3,3,2,1072,18,0
L01510,553443.04,427006.68,55449.75,0,169,0,1,0,0,0,0,0,1,0,0,0,0,0,1,0,0,0,1,5,0,0,0,0,1,0,6,0
L01511,32450046.61,132680.06,59549.33,1,145,1,0,0,0,0,0,0,0,1,1,0,0,0,0,1,0,0,0,3,3,2,2,1,1,758,12,0
L01512,25603581.69,248299.54,3869.71,0,326,0,1,0,0,0,0,0,0,1,0,0,0,0,1,0,1,0,0,1,1,0,0,1,0,85,3,0
L01513,22331338.94,487886.03,57764.3,0,32,0,1,0,0,0,0,0,0,1,0,0,0,0,1,0,0,1,0,0,0,0,1,1,0,324,2,0
L01514,48351728.88,169954.66,84011.75,1,2,0,0,1,0,0,0,0,1,0,0,0,0,0,1,0,0,0,0,8,1,1,4,1,0,1060,15,0
L01515,28602839.28,299547.94,72509.3,0,283,0,0,0,1,0,0,0,1,0,0,0,1,0,0,1,0,0,0,2,3,2,4,0,2,1119,13,0
L01516,43185235.73,49646.87,13987.33,0,256,0,0,0,1,0,0,1,0,0,0,0,0,1,0,0,0,1,0,4,5,1,6,0,1,837,17,1
L01517,7058566.79,304977.43,59654.99,0,125,1,0,0,0,0,0,0,1,0,0,0,0,1,0,0,0,0,0,3,1,2,0,3,2,774,11,0
L01518,28503402.51,49367.73,67553.0,0,112,1,0,0,0,0,0,0,1,0,0,1,0,0,0,0,0,0,0,7,1,1,6,2,2,831,19,1
L01519,43412183.37,479821.54,4685.89,0,302,0,0,0,1,0,1,0,0,0,0,0,0,0,1,0,0,0,1,2,1,2,4,2,0,1300,11,0
L01520,29196977.29,359253.01,85679.42,1,292,0,0,1,0,0,0,1,0,0,0,0,0,1,0,0,0,1,0,4,1,2,3,0,1,907,11,0
L01521,35928907.49,395139.1,90720.47,1,341,0,0,0,1,0,0,0,0,1,0,1,0,0,0,0,1,0,0,5,3,1,5,2,3,1006,19,1
L01522,18664974.03,353531.66,85194.78,0,47,0,0,1,0,0,0,0,1,0,0,0,1,0,0,0,0,0,1,3,4,3,1,4,1,1292,16,1
L01523,4713230.9,296915.87,82638.52,0,363,1,0,0,0,0,0,0,0,1,0,0,0,0,1,1,0,0,0,1,1,0,0,0,1,0,3,0
L01524,22949224.73,227706.83,74751.55,1,274,0,0,0,0,1,0,0,0,1,1,0,0,0,0,0,1,0,0,5,1,3,2,1,2,1142,14,1
L01525,19784521.6,429894.82,63709.77,0,194,1,0,0,0,0,1,0,0,0,0,0,1,0,0,0,0,0,1,2,1,3,7,1,2,1374,16,0
L01526,43366303.1,478633.66,68184.07,0,338,1,0,0,0,0,0,0,1,0,0,1,0,0,0,0,1,0,0,0,0,0,2,1,0,469,3,0
L01527,12275365.59,252022.91,80833.13,0,224,0,1,0,0,0,0,1,0,0,0,0,1,0,0,0,0,1,0,0,0,1,0,0,0,254,1,0
L01528,48340037.95,466109.85,66587.35,0,212,0,1,0,0,0,0,0,1,0,1,0,0,0,0,0,0,0,1,5,3,2,3,1,1,827,15,1
L01529,47911092.18,293749.79,33444.97,0,320,0,1,0,0,0,0,0,0,1,0,0,1,0,0,0,0,0,1,2,1,4,3,0,0,1444,10,0
L01530,12456818.99,271500.17,38220.15,0,281,0,1,0,0,0,0,1,0,0,0,1,0,0,0,0,1,0,0,1,0,1,0,1,0,164,3,0
L01531,17467792.58,229968.95,89808.69,0,137,0,0,1,0,0,0,0,1,0,1,0,0,0,0,0,1,0,0,6,5,1,3,1,0,954,16,0
L01532,44788231.47,108597.44,2695.09,0,354,0,0,0,1,0,0,0,0,1,1,0,0,0,0,0,0,0,1,7,3,0,0,2,3,266,15,1
L01533,48334448.82,6841.23,70183.24,0,332,0,0,0,0,1,0,0,0,1,0,0,1,0,0,0,0,0,0,0,0,0,0,0,0,0,0,0
L01534,22227611.23,124545.58,95522.98,0,69,1,0,0,0,0,1,0,0,0,1,0,0,0,0,0,1,0,0,0,0,0,0,0,1,0,1,0
L01535,16117752.58,257312.97,70916.59,0,298,0,0,1,0,0,1,0,0,0,0,0,1,0,0,1,0,0,0,2,1,4,1,1,0,532,9,0
L01536,26352091.26,193080.18,99397.29,0,69,0,0,0,0,1,1,0,0,0,0,0,0,0,1,0,0,0,0,3,2,1,1,0,0,319,7,1
L01537,34419683.4,227000.19,69066.95,0,207,0,0,1,0,0,0,0,0,1,1,0,0,0,0,0,1,0,0,3,1,1,2,1,0,541,8,0
L01538,13746378.32,490420.87,4401.94,1,199,0,0,1,0,0,0,0,1,0,0,0,1,0,0,0,0,0,0,4,4,3,2,0,2,819,15,1
L01539,36850011.41,178384.82,82873.98,1,58,1,0,0,0,0,1,0,0,0,0,0,0,0,1,0,0,0,1,5,5,1,4,2,2,656,19,1
L01540,2677702.12,228830.55,29178.36,0,258,0,0,0,1,0,0,0,1,0,1,0,0,0,0,0,0,0,1,3,2,1,2,2,3,983,13,1
L01541,2559795.19,71090.2,45159.67,0,340,0,1,0,0,0,1,0,0,0,0,0,0,0,1,1,0,0,0,0,1,1,1,1,2,416,6,1
L01542,19375756.49,28739.08,31897.1,1,350,0,0,0,1,0,0,1,0,0,1,0,0,0,0,1,0,0,0,7,1,4,1,1,1,579,15,1
L01543,17738312.28,388827.71,27586.86,0,333,1,0,0,0,0,0,1,0,0,0,1,0,0,0,1,0,0,0,3,3,2,4,2,2,1367,16,1
L01544,15850097.45,287488.17,43709.16,1,356,1,0,0,0,0,1,0,0,0,0,1,0,0,0,0,0,0,0,4,3,2,3,0,5,1121,17,1
L01545,24601886.16,381548.88,38496.39,0,338,1,0,0,0,0,0,0,0,1,0,0,1,0,0,0,0,1,0,1,0,0,1,0,1,67,3,1
L01546,16104605.76,79182.09,63700.52,0,164,0,0,0,0,1,1,0,0,0,0,0,0,1,0,0,0,1,0,0,1,1,2,0,1,265,5,0
L01547,9693670.13,288055.24,81501.97,0,244,0,0,0,1,0,1,0,0,0,0,1,0,0,0,0,0,1,0,1,2,0,0,0,0,0,3,0
L01548,15542530.5,130553.02,30411.78,0,83,0,0,0,1,0,0,0,0,1,0,0,0,1,0,1,0,0,0,0,0,0,1,0,0,31,1,0
L01549,48747723.21,117890.6,22158.39,0,308,0,0,1,0,0,0,1,0,0,0,0,0,0,1,0,0,1,0,3,4,1,3,2,2,651,15,1
L01550,20614559.51,10705.38,67022.63,0,113,0,0,1,0,0,0,0,1,0,0,0,0,0,1,0,0,0,1,3,0,3,0,0,0,195,6,0
L01551,22291167.57,69518.66,67361.69,0,233,0,0,1,0,0,1,0,0,0,0,0,0,1,0,0,0,1,0,1,5,1,2,4,0,1140,13,0
L01552,28869595.0,158087.72,90211.99,0,261,1,0,0,0,0,0,0,0,1,0,0,1,0,0,1,0,0,0,4,6,2,4,1,1,1470,18,0
L01553,49168704.34,62854.99,2578.62,0,171,0,0,0,1,0,1,0,0,0,1,0,0,0,0,0,0,1,0,1,5,0,2,4,2,827,14,1
L01554,12155903.69,492999.93,85451.03,0,17,1,0,0,0,0,0,0,0,1,0,0,0,1,0,0,0,0,0,0,1,1,1,5,1,1105,9,1
L01555,34095977.32,157773.16,52579.22,0,234,0,0,0,0,1,0,0,1,0,0,0,0,1,0,0,0,0,1,1,0,0,0,0,0,0,1,0
L01556,35827636.21,69510.35,62508.91,0,309,0,0,1,0,0,0,0,1,0,0,0,0,1,0,0,1,0,0,1,0,0,1,0,1,179,3,0
L01557,30405488.4,103545.74,10045.77,0,156,1,0,0,0,0,0,1,0,0,0,0,0,1,0,0,0,0,1,1,0,0,0,0,0,0,1,0
L01558,4520059.15,295913.1,43828.88,0,210,1,0,0,0,0,0,0,0,1,0,0,0,1,0,1,0,0,0,1,3,1,1,3,1,834,10,1
L01559,33875926.56,36701.54,23502.94,0,280,0,0,0,0,1,0,0,0,1,0,0,1,0,0,0,0,1,0,0,1,0,1,0,0,183,2,0
L01560,3298326.08,431904.89,26168.28,0,318,0,1,0,0,0,0,1,0,0,0,1,0,0,0,0,0,0,0,1,0,0,1,0,1,149,3,0
L01561,29847518.21,480942.34,50905.42,1,195,0,0,0,1,0,0,1,0,0,1,0,0,0,0,0,0,0,1,1,1,1,0,1,3,362,7,1
L01562,37005100.74,127139.97,81433.14,0,114,0,1,0,0,0,0,0,0,1,0,1,0,0,0,0,0,0,1,4,1,4,3,1,3,1201,16,1
L01563,10627397.54,227797.16,74634.31,0,159,0,0,1,0,0,0,1,0,0,0,0,0,1,0,0,0,1,0,8,1,2,5,1,2,1399,19,0
L01564,42096938.18,15956.55,59509.0,0,154,1,0,0,0,0,0,0,1,0,0,1,0,0,0,0,1,0,0,5,4,3,4,1,1,1564,18,1
L01565,1614654.9,322151.56,54402.4,0,50,0,0,0,0,1,1,0,0,0,0,0,1,0,0,1,0,0,0,2,2,1,3,2,1,921,11,1
L01566,42206261.9,209893.4,43303.3,0,283,0,0,0,0,1,0,0,1,0,0,0,0,0,1,0,0,0,0,6,7,1,3,2,0,1026,19,0
L01567,23070419.63,138678.94,97298.29,1,72,0,0,0,1,0,0,1,0,0,0,1,0,0,0,0,0,1,0,1,0,0,0,0,0,0,1,0
L01568,10957638.2,107384.37,56459.06,0,327,0,1,0,0,0,0,0,0,1,1,0,0,0,0,0,1,0,0,0,0,1,0,0,0,118,1,0
L01569,6775529.44,328741.42,26142.67,0,340,0,0,0,1,0,0,0,0,1,0,0,1,0,0,1,0,0,0,1,0,0,1,1,0,288,3,0
L01570,47670027.66,211027.43,23778.99,1,109,1,0,0,0,0,0,0,1,0,0,0,0,0,1,0,0,1,0,7,2,0,1,0,0,29,10,0
L01571,3726012.82,93931.35,61523.95,0,285,0,0,0,1,0,0,0,0,1,0,0,1,0,0,0,0,1,0,3,2,1,2,2,1,813,11,0
L01572,10034761.65,346109.0,52759.93,0,220,0,0,0,0,1,0,1,0,0,0,0,0,1,0,0,0,0,0,4,1,1,1,3,1,741,11,1
L01573,17456335.14,284710.78,1762.08,0,8,0,0,0,0,1,0,0,1,0,0,0,0,0,1,1,0,0,0,3,1,2,1,2,0,942,9,0
L01574,31049718.96,430042.67,83176.47,0,81,0,0,1,0,0,0,0,0,1,1,0,0,0,0,0,0,0,0,1,3,0,1,0,1,111,6,0
L01575,27285574.16,63150.57,70708.11,0,319,0,0,1,0,0,1,0,0,0,0,0,0,0,1,0,0,0,1,6,5,2,3,0,1,507,17,0
L01576,6369610.27,393904.97,66521.1,0,293,1,0,0,0,0,1,0,0,0,1,0,0,0,0,0,0,1,0,2,4,1,3,1,3,821,14,1
L01577,14557426.39,338390.81,7809.29,0,21,0,1,0,0,0,0,1,0,0,0,0,0,1,0,0,0,0,1,4,1,2,4,4,0,1587,15,1
L01578,12013713.38,61930.41,36843.53,0,98,0,0,0,1,0,0,0,0,1,1,0,0,0,0,0,1,0,0,3,2,1,0,0,1,177,7,1
L01579,10755788.44,348936.26,93602.84,1,169,1,0,0,0,0,0,1,0,0,0,0,1,0,0,0,0,0,0,2,0,1,0,0,0,138,3,0
L01580,20616102.39,223565.91,86396.33,0,189,0,0,1,0,0,0,0,1,0,0,1,0,0,0,0,1,0,0,4,1,3,5,2,1,925,16,0
L01581,35231169.48,472767.47,29268.75,0,105,0,0,0,1,0,1,0,0,0,0,0,1,0,0,1,0,0,0,0,1,0,2,1,0,601,4,0
L01582,10950901.32,75097.62,16548.83,0,319,0,0,1,0,0,0,0,1,0,0,0,1,0,0,0,0,0,0,4,4,0,4,3,0,1039,15,1
L01583,18397276.1,323202.53,45459.71,0,264,0,0,0,1,0,0,0,0,1,0,0,0,0,1,0,0,1,0,7,2,1,3,2,3,1150,18,1
L01584,19606779.6,194080.12,36227.21,0,350,0,1,0,0,0,0,1,0,0,0,0,0,1,0,0,0,0,0,1,1,0,1,1,0,244,4,1
L01585,48825180.82,478623.26,68540.41,0,167,1,0,0,0,0,0,1,0,0,0,1,0,0,0,0,0,0,1,5,1,2,1,1,4,539,14,1
L01586,47737851.21,168337.57,96677.05,0,343,0,0,0,1,0,0,1,0,0,1,0,0,0,0,1,0,0,0,6,3,2,2,3,1,1349,17,0
L01587,40026865.38,481282.03,36937.14,0,112,0,0,0,0,1,0,0,1,0,0,0,0,0,1,0,0,0,0,1,2,1,2,2,1,1002,9,0
L01588,12158780.15,451235.5,7160.19,0,327,0,0,0,0,1,1,0,0,0,0,0,0,1,0,0,1,0,0,3,0,4,3,0,2,1051,12,1
L01589,3495061.97,138839.7,89863.79,1,305,0,0,0,1,0,0,0,1,0,0,1,0,0,0,0,0,0,0,0,2,0,1,0,1,195,4,1
L01590,15913516.47,402753.18,4757.02,0,147,0,0,0,1,0,0,0,1,0,0,0,1,0,0,1,0,0,0,5,3,1,0,0,2,57,11,0
L01591,13413048.02,497824.08,95323.82,0,336,0,0,0,1,0,0,0,0,1,0,0,0,1,0,0,0,0,0,4,4,2,2,2,3,809,17,1
L01592,25345697.43,130068.19,66793.36,0,219,0,0,0,0,1,0,0,0,1,0,0,0,1,0,0,1,0,0,0,2,1,1,1,0,409,5,0
L01593,38908622.71,221204.7,94227.23,0,32,0,0,0,0,1,0,0,0,1,0,0,0,1,0,0,0,0,1,4,3,1,3,1,2,802,14,1
L01594,42930314.65,262489.46,20766.31,0,219,0,0,0,1,0,1,0,0,0,0,0,1,0,0,0,0,0,0,0,0,0,0,0,0,0,0,1
L01595,42258717.86,150990.91,5029.28,0,318,0,0,1,0,0,1,0,0,0,1,0,0,0,0,0,0,0,1,4,1,0,1,1,1,135,8,1
L01596,18047810.51,12556.1,49332.79,1,184,0,0,1,0,0,0,0,0,1,0,0,0,0,1,0,0,1,0,4,4,0,6,3,1,1454,18,1
L01597,34392993.74,113963.98,45611.72,0,192,0,1,0,0,0,0,0,0,1,1,0,0,0,0,0,0,0,0,1,3,0,1,1,1,156,7,1
L01598,15710426.46,144558.76,33817.74,0,360,1,0,0,0,0,1,0,0,0,0,1,0,0,0,0,0,1,0,2,4,2,1,1,0,317,10,0
L01599,3139186.61,224581.85,95807.99,1,179,0,0,1,0,0,0,1,0,0,0,0,0,0,1,0,0,0,0,1,3,2,2,0,1,376,9,0
L01600,35108106.75,89695.73,82435.79,1,354,0,0,0,0,1,1,0,0,0,0,1,0,0,0,0,0,0,1,0,2,0,0,0,0,0,2,0
L01601,590394.87,437260.91,66496.62,0,5,0,0,1,0,0,1,0,0,0,0,0,1,0,0,0,1,0,0,0,0,1,1,0,1,277,3,1
L01602,20518211.11,353931.01,17122.97,0,8,0,1,0,0,0,1,0,0,0,1,0,0,0,0,0,1,0,0,4,5,1,2,1,0,391,13,0
L01603,16536025.54,47174.24,73698.02,0,356,0,1,0,0,0,0,0,0,1,0,0,0,1,0,1,0,0,0,3,5,1,1,1,1,488,12,0
L01604,34699539.17,326795.76,72974.23,0,60,1,0,0,0,0,0,1,0,0,0,0,0,0,1,0,1,0,0,2,3,0,5,0,1,1079,11,0
L01605,38335649.09,328559.96,43081.75,0,162,0,0,1,0,0,1,0,0,0,0,0,0,1,0,0,0,0,1,3,3,1,1,2,3,611,13,1
L01606,15274322.33,478329.48,92553.81,0,98,0,0,0,0,1,0,0,0,1,0,1,0,0,0,0,1,0,0,4,3,1,4,2,2,1428,16,0
L01607,40600188.02,6495.33,17530.81,1,147,0,0,0,0,1,0,0,1,0,0,0,0,1,0,0,1,0,0,3,2,2,6,1,4,1726,18,1
L01608,14766446.35,127726.56,27466.42,0,57,0,0,0,1,0,0,0,1,0,0,0,0,1,0,0,1,0,0,5,2,2,1,4,1,1175,15,1
L01609,22371685.36,464256.78,7259.21,1,214,0,0,0,0,1,1,0,0,0,0,0,1,0,0,0,0,0,0,1,0,3,2,1,4,1019,11,1
L01610,36378224.5,466406.29,79749.64,1,315,1,0,0,0,0,0,0,1,0,0,0,1,0,0,0,0,0,1,0,1,1,1,0,0,449,3,0
L01611,34676719.44,361690.28,62554.18,0,181,1,0,0,0,0,0,1,0,0,1,0,0,0,0,1,0,0,0,4,4,2,2,0,2,474,14,0
L01612,49369686.77,384052.84,32179.09,0,34,0,0,0,0,1,0,0,1,0,0,1,0,0,0,0,0,0,0,6,3,2,2,2,2,966,17,1
L01613,11335535.11,50284.06,17217.55,0,302,0,0,0,0,1,0,0,1,0,0,0,1,0,0,0,1,0,0,0,0,0,0,1,0,262,1,0
L01614,33149663.89,259368.54,4974.63,0,45,0,0,0,1,0,0,1,0,0,0,0,1,0,0,0,0,0,0,2,1,2,4,2,3,1383,14,0
L01615,30523127.22,119633.58,17507.81,0,86,0,0,0,0,1,1,0,0,0,1,0,0,0,0,0,0,1,0,1,0,0,1,0,1,189,3,0
L01616,45763412.88,94702.93,45875.18,0,3,0,0,0,1,0,1,0,0,0,0,0,0,0,1,0,1,0,0,0,0,0,0,0,1,0,1,0
L01617,7902470.87,406100.13,25470.52,0,265,0,0,0,1,0,0,1,0,0,1,0,0,0,0,0,0,1,0,5,3,0,1,2,2,397,13,1
L01618,37614728.36,71843.88,26639.24,1,106,0,0,0,0,1,0,1,0,0,0,0,0,1,0,0,0,1,0,7,1,1,5,2,3,1202,19,1
L01619,28456603.95,236982.56,87682.06,0,74,0,1,0,0,0,0,1,0,0,0,0,0,1,0,0,0,0,1,3,1,2,3,1,0,963,10,0
L01620,13805826.9,469596.23,51998.63,0,39,0,1,0,0,0,0,0,1,0,0,0,1,0,0,0,0,0,0,8,0,2,3,1,1,1103,15,1
L01621,23774302.22,96986.87,73195.95,0,126,0,0,0,1,0,0,1,0,0,0,0,1,0,0,0,1,0,0,1,1,0,1,1,0,396,4,0
L01622,16755452.19,489106.74,4535.38,0,182,0,0,0,0,1,0,0,0,1,1,0,0,0,0,1,0,0,0,0,0,0,0,0,0,0,0,0
L01623,29007738.8,497172.55,37151.17,1,118,0,1,0,0,0,0,0,1,0,1,0,0,0,0,0,1,0,0,6,4,1,5,1,1,705,18,1
L01624,44461130.48,280030.49,48437.77,1,72,0,0,0,0,1,1,0,0,0,0,1,0,0,0,1,0,0,0,6,5,3,2,2,1,847,19,0
L01625,28508318.72,89220.66,19455.27,0,39,0,0,0,0,1,1,0,0,0,0,0,0,1,0,1,0,0,0,5,4,2,2,1,1,899,15,1
L01626,31622948.67,161471.92,12898.96,0,203,0,0,0,0,1,1,0,0,0,1,0,0,0,0,0,0,0,0,0,3,0,1,0,0,85,4,0
L01627,25985517.57,215123.95,87160.07,0,95,0,0,1,0,0,0,0,1,0,0,0,0,0,1,0,1,0,0,1,1,1,3,1,3,371,10,1
L01628,2653158.77,158115.49,94003.73,0,278,0,0,0,0,1,0,0,0,1,0,1,0,0,0,0,0,0,1,4,4,0,5,1,1,1061,15,0
L01629,11719641.99,143914.61,8801.86,0,142,0,0,1,0,0,0,1,0,0,1,0,0,0,0,0,0,0,1,2,0,0,0,1,0,19,3,0
L01630,24650886.3,486253.71,35552.85,0,114,0,0,0,1,0,0,1,0,0,0,0,1,0,0,0,0,0,0,4,2,0,4,1,1,1262,12,1
L01631,15580740.66,80915.59,95870.28,0,132,0,1,0,0,0,1,0,0,0,1,0,0,0,0,0,0,0,0,0,1,3,0,0,1,297,5,0
L01632,9170003.53,367997.31,9233.01,1,167,0,1,0,0,0,1,0,0,0,0,0,1,0,0,0,0,1,0,3,3,1,4,1,0,1201,12,0
L01633,25256228.81,5203.09,64720.5,0,244,0,1,0,0,0,0,0,1,0,0,0,1,0,0,0,0,0,0,2,2,1,0,0,0,67,5,0
L01634,16208208.69,300110.42,97249.92,0,276,0,1,0,0,0,0,0,0,1,0,0,0,1,0,0,0,1,0,4,4,1,1,2,1,664,13,1
L01635,12979571.39,458391.79,97844.14,0,258,0,1,0,0,0,0,1,0,0,0,0,0,1,0,0,0,0,0,5,3,4,3,2,1,1616,18,0
L01636,23252872.33,147527.38,47651.11,1,45,0,1,0,0,0,0,0,1,0,1,0,0,0,0,0,0,1,0,1,0,1,2,1,1,952,6,0
L01637,6750884.48,96835.36,17112.16,0,345,0,1,0,0,0,0,1,0,0,1,0,0,0,0,0,1,0,0,1,0,0,1,0,0,111,2,0
L01638,46394512.08,327581.5,21006.35,1,334,0,0,0,1,0,1,0,0,0,0,0,0,0,1,0,0,0,1,0,0,1,6,2,0,806,9,0
L01639,43398334.69,357737.7,89070.54,0,236,0,0,0,0,1,0,1,0,0,0,1,0,0,0,0,0,1,0,3,1,0,1,1,0,459,6,1
L01640,35410267.23,345575.11,91256.62,0,52,1,0,0,0,0,0,0,0,1,0,1,0,0,0,1,0,0,0,1,1,0,1,0,0,53,3,0
L01641,5400070.0,163061.86,61180.08,0,147,0,0,1,0,0,0,0,0,1,1,0,0,0,0,1,0,0,0,5,4,0,4,3,0,1191,16,0
L01642,38816275.0,129840.19,76851.46,0,186,1,0,0,0,0,1,0,0,0,0,0,0,1,0,0,0,0,1,4,3,2,0,0,1,114,10,1
L01643,40417070.67,478179.81,74253.19,0,20,1,0,0,0,0,0,0,0,1,0,0,0,0,1,0,0,0,0,3,2,2,3,4,1,1195,15,0
L01644,38411454.42,462033.26,66520.34,1,89,0,0,0,0,1,0,0,0,1,0,1,0,0,0,0,1,0,0,1,2,1,0,0,0,77,4,0
L01645,5786897.77,231371.72,82900.42,0,232,0,0,0,0,1,0,0,1,0,1,0,0,0,0,0,0,1,0,2,2,1,1,0,0,390,6,0
L01646,32231007.06,423865.96,68855.26,0,214,0,0,0,0,1,0,1,0,0,0,0,0,1,0,0,0,1,0,8,1,1,1,1,0,304,12,0
L01647,41732807.31,228900.12,53866.23,0,50,0,1,0,0,0,1,0,0,0,0,0,0,1,0,0,0,0,0,2,0,3,0,1,0,396,6,0
L01648,28909934.72,215072.56,24458.68,0,152,0,0,0,1,0,1,0,0,0,0,0,0,1,0,0,0,0,0,3,2,2,2,1,1,690,11,0
L01649,32355728.02,82597.66,74644.93,0,323,0,1,0,0,0,1,0,0,0,0,0,1,0,0,0,0,1,0,5,5,1,2,2,1,1006,16,1
L01650,22972337.62,216071.0,47870.35,0,115,0,0,0,1,0,1,0,0,0,0,0,0,1,0,0,0,0,1,1,0,0,0,0,0,0,1,0
L01651,26482495.26,271021.38,30184.38,0,213,0,0,0,1,0,1,0,0,0,1,0,0,0,0,1,0,0,0,3,3,2,2,3,1,1088,14,1
L01652,1815405.23,16139.64,80392.68,1,338,1,0,0,0,0,0,0,0,1,0,0,0,0,1,0,0,0,1,3,1,0,1,0,1,70,6,0
L01653,31984254.8,224835.94,69974.65,0,350,1,0,0,0,0,0,0,1,0,1,0,0,0,0,0,0,1,0,0,0,1,1,0,1,291,3,1
L01654,4164215.92,391771.33,93796.62,1,136,0,0,0,1,0,1,0,0,0,0,0,0,1,0,0,0,0,0,0,0,2,1,0,1,638,4,1
L01655,21807228.26,341622.8,17378.72,0,284,0,0,0,1,0,0,0,1,0,0,0,0,0,1,0,0,1,0,2,1,0,1,1,0,342,5,0
L01656,14703489.37,319402.71,65269.74,1,70,0,1,0,0,0,0,0,1,0,0,1,0,0,0,0,1,0,0,3,2,0,1,0,0,24,6,0
L01657,27316854.72,455229.94,25179.71,0,244,0,1,0,0,0,0,0,0,1,0,1,0,0,0,0,0,0,1,3,0,1,0,2,1,545,7,0
L01658,6757475.14,13925.84,90454.72,0,37,1,0,0,0,0,1,0,0,0,1,0,0,0,0,1,0,0,0,3,1,0,0,4,0,657,8,1
L01659,34613005.76,280738.56,10850.44,0,215,0,0,0,0,1,0,0,0,1,0,0,0,0,1,0,1,0,0,1,3,2,2,2,1,769,11,1
L01660,39771075.69,394737.68,65960.02,0,126,0,0,0,1,0,1,0,0,0,1,0,0,0,0,1,0,0,0,7,1,0,2,2,2,455,14,0
L01661,8251387.04,272961.01,79317.49,1,71,0,1,0,0,0,0,0,0,1,0,0,0,0,1,0,1,0,0,1,3,0,3,1,1,472,9,1
L01662,5305223.06,165328.3,36136.87,0,225,1,0,0,0,0,0,0,1,0,0,0,0,0,1,0,0,0,0,0,0,0,0,2,0,391,2,1
L01663,7361222.59,72444.03,95459.67,1,314,0,1,0,0,0,1,0,0,0,1,0,0,0,0,1,0,0,0,0,1,0,3,0,1,589,5,1
L01664,43868665.34,444343.72,85222.34,0,283,0,0,0,1,0,0,1,0,0,0,0,0,0,1,1,0,0,0,6,4,1,6,1,1,1185,19,0
L01665,26456644.16,238027.38,30167.21,0,301,0,0,0,1,0,0,0,1,0,0,0,0,1,0,0,0,0,0,5,2,1,5,1,4,1214,18,0
L01666,23416323.7,439667.02,1746.57,1,245,0,0,1,0,0,0,1,0,0,0,0,0,0,1,1,0,0,0,5,0,0,1,2,3,270,11,1
L01667,5424919.77,294996.8,30369.06,0,70,0,0,0,0,1,0,0,1,0,0,0,0,0,1,0,1,0,0,0,1,0,1,0,0,88,2,0
L01668,32512844.74,338725.1,28849.74,0,194,0,0,1,0,0,0,0,0,1,1,0,0,0,0,1,0,0,0,5,2,2,2,3,1,1131,15,0
L01669,43413179.64,403109.27,89106.5,0,37,1,0,0,0,0,1,0,0,0,0,1,0,0,0,0,1,0,0,6,3,0,3,3,2,1023,17,1
L01670,41426474.88,331281.99,96745.0,1,116,0,1,0,0,0,0,0,1,0,0,0,1,0,0,0,1,0,0,3,2,1,1,1,5,408,13,1
L01671,31340129.98,202037.15,7973.56,0,237,1,0,0,0,0,0,0,0,1,0,0,0,0,1,0,1,0,0,4,2,1,2,0,1,312,10,0
L01672,3856407.96,259248.53,47658.19,0,363,0,0,0,1,0,1,0,0,0,0,0,1,0,0,0,0,0,1,10,3,2,0,2,2,461,19,1
L01673,5708611.66,402507.53,55284.87,0,203,0,0,1,0,0,1,0,0,0,0,0,0,0,1,0,1,0,0,1,1,0,2,0,0,73,4,0
L01674,2560518.46,189956.9,10198.25,0,350,0,0,1,0,0,0,0,1,0,1,0,0,0,0,1,0,0,0,0,0,0,0,0,0,0,0,0
L01675,12948212.9,197120.12,38372.27,1,318,0,0,1,0,0,1,0,0,0,1,0,0,0,0,0,0,0,0,8,5,1,2,1,2,696,19,1
L01676,6869507.21,52366.61,32391.16,1,358,1,0,0,0,0,0,0,1,0,0,0,0,0,1,0,0,0,1,3,1,3,2,1,1,762,11,1
L01677,13076397.21,457719.3,54069.58,0,4,0,0,0,1,0,1,0,0,0,1,0,0,0,0,0,0,0,0,1,3,2,4,3,4,1374,17,0
L01678,19314396.98,50062.98,66457.9,0,156,0,1,0,0,0,0,1,0,0,1,0,0,0,0,0,0,0,1,0,0,1,0,0,0,151,1,0
L01679,47154840.93,325863.54,70645.03,0,106,0,1,0,0,0,0,0,0,1,0,0,0,0,1,1,0,0,0,2,0,2,2,1,1,1075,8,1
L01680,30557765.38,209531.27,14538.75,0,227,1,0,0,0,0,0,1,0,0,0,1,0,0,0,0,0,1,0,0,0,0,1,0,0,109,1,0
L01681,41765191.91,205781.6,81481.82,0,141,0,0,1,0,0,0,0,1,0,0,0,0,0,1,0,1,0,0,3,0,2,0,2,0,529,7,0
L01682,35546539.89,341378.16,68175.66,0,313,0,0,0,0,1,0,1,0,0,0,1,0,0,0,0,1,0,0,1,0,0,0,0,0,0,1,0
L01683,5713906.21,38211.4,89018.42,0,171,1,0,0,0,0,0,0,1,0,1,0,0,0,0,0,0,1,0,1,4,1,0,1,0,405,7,0
L01684,36822428.28,298884.36,45484.27,0,145,1,0,0,0,0,1,0,0,0,0,1,0,0,0,0,0,0,1,5,2,1,2,0,2,193,12,0
L01685,13827434.19,387155.73,89495.09,0,6,0,0,0,1,0,1,0,0,0,1,0,0,0,0,0,0,1,0,3,1,1,3,0,1,403,9,0
L01686,31991481.57,414965.32,86711.64,0,342,0,1,0,0,0,0,0,1,0,0,1,0,0,0,0,0,0,0,5,1,4,2,0,1,1041,13,0
L01687,17114002.48,89412.54,44402.52,1,352,1,0,0,0,0,0,1,0,0,0,1,0,0,0,1,0,0,0,3,4,1,1,3,0,411,12,0
L01688,49883845.94,449222.43,38733.19,0,300,1,0,0,0,0,1,0,0,0,0,0,0,0,1,0,0,0,1,7,3,2,3,1,0,1372,16,0
L01689,13251218.83,329792.32,93348.39,0,15,0,0,1,0,0,0,0,0,1,0,1,0,0,0,0,0,0,1,4,2,0,2,1,1,290,10,0
L01690,14028610.49,441518.13,71801.31,0,319,0,0,1,0,0,1,0,0,0,1,0,0,0,0,0,0,0,0,7,2,2,4,1,1,1061,17,0
L01691,46540545.55,245213.95,92896.29,0,36,0,0,0,0,1,0,0,0,1,0,0,0,0,1,0,0,0,0,0,0,0,0,0,0,0,0,1
L01692,1329755.79,273306.51,79900.5,0,152,0,0,0,1,0,0,1,0,0,0,1,0,0,0,0,0,0,0,7,4,2,3,0,2,1068,18,0
L01693,34864780.49,459923.95,61320.45,0,264,0,0,0,0,1,0,0,0,1,0,0,0,0,1,1,0,0,0,4,1,0,0,1,0,29,6,0
L01694,36293786.9,450455.22,12469.42,0,182,0,0,1,0,0,0,0,0,1,0,0,1,0,0,0,0,1,0,9,5,0,2,0,0,63,16,0
L01695,41835291.01,226839.63,29856.59,0,155,0,1,0,0,0,0,0,0,1,0,0,0,0,1,1,0,0,0,0,0,0,0,0,0,0,0,0
L01696,48724521.6,140834.25,96915.4,1,136,0,0,1,0,0,0,0,0,1,0,0,1,0,0,1,0,0,0,3,0,1,3,1,1,730,9,1
L01697,48782535.77,199619.37,32622.79,0,89,0,0,0,1,0,1,0,0,0,0,0,1,0,0,0,0,0,0,1,2,0,3,1,0,610,7,0
L01698,3357310.2,196943.34,10232.23,1,217,0,0,1,0,0,0,0,0,1,0,0,0,0,1,0,1,0,0,4,6,1,3,0,5,565,19,1
L01699,41109782.21,146999.1,71047.78,0,329,0,0,0,1,0,1,0,0,0,1,0,0,0,0,0,0,0,0,3,1,1,2,0,5,505,12,0
L01700,32350865.69,137946.9,73666.42,0,185,0,0,0,1,0,0,0,0,1,1,0,0,0,0,0,1,0,0,1,1,1,3,1,0,763,7,0
L01701,32402372.51,431226.15,29260.31,0,208,0,0,0,1,0,0,0,1,0,1,0,0,0,0,0,0,0,0,4,4,3,4,1,3,918,19,1
L01702,6504661.34,39581.65,30469.53,0,50,0,0,0,1,0,0,1,0,0,0,0,0,1,0,1,0,0,0,2,1,2,0,1,0,534,6,1
L01703,32544339.61,340417.54,47420.41,0,287,0,0,0,1,0,0,0,0,1,0,0,1,0,0,1,0,0,0,5,0,0,1,1,2,211,9,0
L01704,49125880.77,90545.93,3157.11,0,87,0,1,0,0,0,0,0,1,0,0,0,0,0,1,1,0,0,0,2,5,1,4,0,0,701,12,0
L01705,45599746.62,175530.42,79142.98,0,135,0,0,0,0,1,0,0,0,1,1,0,0,0,0,0,0,0,1,0,0,1,2,0,0,350,3,0
L01706,22012619.97,35463.8,32391.79,0,157,1,0,0,0,0,0,0,0,1,1,0,0,0,0,1,0,0,0,0,0,0,0,0,1,0,1,1
L01707,2093403.87,138636.95,85522.55,0,281,0,0,0,0,1,0,0,0,1,0,0,0,0,1,0,0,1,0,5,3,2,2,2,1,895,15,1
L01708,18178445.15,385368.43,80460.41,0,154,0,0,0,1,0,0,0,1,0,0,0,1,0,0,0,1,0,0,1,2,2,1,3,0,826,9,0
L01709,41336876.55,443082.59,66478.8,0,219,0,1,0,0,0,0,1,0,0,0,0,0,0,1,0,1,0,0,3,2,0,4,0,0,431,9,0
L01710,35104805.16,114655.94,33162.61,0,166,0,0,1,0,0,0,0,1,0,0,0,0,1,0,0,1,0,0,5,4,1,5,3,1,1451,19,1
L01711,23021248.41,234456.18,52115.34,0,321,0,1,0,0,0,0,1,0,0,0,0,0,1,0,0,0,0,1,3,7,1,1,0,2,423,14,1
L01712,2849566.6,237810.4,45038.1,0,178,0,0,0,1,0,0,0,0,1,0,0,0,0,1,0,0,0,0,2,1,2,0,1,0,619,6,1
L01713,21402046.92,437419.78,34549.31,0,328,0,1,0,0,0,1,0,0,0,0,0,1,0,0,0,0,0,0,3,2,1,0,0,1,277,7,1
L01714,23504344.49,382585.53,84965.49,0,49,0,1,0,0,0,0,0,0,1,1,0,0,0,0,1,0,0,0,0,0,0,0,0,0,0,0,0
L01715,46434921.09,258973.22,48867.2,0,300,0,0,0,1,0,0,1,0,0,0,0,0,1,0,0,0,0,1,0,1,1,6,0,0,639,8,0
L01716,32090196.57,337019.86,83439.59,1,86,0,1,0,0,0,0,0,1,0,0,0,0,1,0,0,0,1,0,0,0,0,0,2,0,342,2,0
L01717,15651480.54,424440.75,11416.63,0,32,1,0,0,0,0,0,0,0,1,0,0,1,0,0,1,0,0,0,2,5,2,1,0,0,403,10,0
L01718,26313381.4,9721.78,14961.45,0,274,1,0,0,0,0,0,0,1,0,0,0,0,1,0,0,0,0,1,3,2,1,1,0,0,253,7,0
L01719,3396159.86,204430.57,97754.71,1,140,0,1,0,0,0,0,0,1,0,0,0,0,1,0,0,0,0,1,2,0,1,1,0,0,466,4,0
L01720,48631154.96,454085.37,59189.08,0,205,0,0,1,0,0,0,0,1,0,0,0,1,0,0,0,1,0,0,4,4,1,3,4,0,1029,16,0
L01721,18066989.11,371454.95,51467.2,0,223,0,0,0,1,0,0,0,0,1,0,0,0,0,1,0,1,0,0,2,3,2,1,0,2,479,10,1
L01722,23945581.01,273706.48,52792.45,0,112,1,0,0,0,0,0,0,1,0,1,0,0,0,0,0,1,0,0,0,0,0,1,0,0,298,1,1
L01723,17828670.31,267174.04,22311.61,0,277,0,0,1,0,0,0,0,1,0,1,0,0,0,0,0,0,1,0,0,0,0,0,1,0,97,1,0
L01724,34157335.33,177146.2,72151.69,0,352,0,1,0,0,0,0,0,0,1,0,0,0,1,0,0,1,0,0,5,1,1,1,0,1,207,9,0
L01725,33145384.7,262657.66,9393.28,0,4,0,0,1,0,0,0,0,1,0,1,0,0,0,0,0,1,0,0,0,2,2,4,1,2,787,11,1
L01726,35794583.3,329414.68,57759.05,1,211,0,0,0,0,1,0,0,0,1,0,0,0,0,1,1,0,0,0,1,0,1,2,0,1,595,5,1
L01727,13480347.16,212089.7,57506.11,0,255,1,0,0,0,0,0,1,0,0,0,0,0,1,0,0,1,0,0,3,4,2,2,0,0,450,11,0
L01728,15851857.21,358505.81,91504.65,0,333,0,1,0,0,0,0,1,0,0,1,0,0,0,0,0,1,0,0,0,0,0,0,0,0,0,0,0
L01729,6350036.43,431309.95,53092.1,0,29,0,0,0,1,0,0,1,0,0,0,1,0,0,0,0,0,0,0,1,0,0,0,0,0,0,1,0
L01730,32809947.6,81569.0,14569.21,1,346,0,1,0,0,0,0,0,1,0,0,1,0,0,0,0,1,0,0,3,4,0,4,1,1,750,13,0
L01731,2085876.65,228515.78,57702.57,0,81,0,0,0,1,0,1,0,0,0,0,1,0,0,0,0,0,1,0,3,4,1,2,1,2,663,13,0
L01732,29924348.54,206969.95,10041.44,0,235,0,1,0,0,0,1,0,0,0,0,1,0,0,0,1,0,0,0,3,4,0,6,0,1,907,14,0
L01733,43497824.65,345295.08,21175.59,0,343,0,0,1,0,0,0,0,1,0,0,1,0,0,0,0,0,1,0,2,1,1,1,0,0,233,5,0
L01734,44552524.2,128684.4,4079.75,0,360,0,0,1,0,0,1,0,0,0,0,0,0,1,0,0,0,0,1,3,0,1,4,0,1,577,9,0
L01735,22506984.24,321924.2,51816.06,0,322,0,0,1,0,0,0,0,0,1,0,0,1,0,0,1,0,0,0,4,4,2,6,3,0,1522,19,0
L01736,23019254.04,439357.17,9368.73,1,252,0,0,0,0,1,1,0,0,0,0,0,1,0,0,0,0,0,0,1,1,1,0,0,2,117,5,1
L01737,3940762.23,211975.14,47470.04,0,117,0,0,0,1,0,0,0,1,0,0,0,0,1,0,0,0,0,1,1,0,0,1,0,1,123,3,0
L01738,33571174.77,455952.77,93361.56,0,29,0,0,1,0,0,0,0,1,0,0,0,0,1,0,0,0,0,0,1,3,1,4,2,3,1329,14,1
L01739,41080845.08,496616.05,72256.38,1,110,0,0,0,0,1,0,0,0,1,0,0,0,0,1,0,0,0,1,5,6,0,5,1,2,1095,19,0
L01740,12308287.22,57515.56,8663.76,0,253,0,0,0,1,0,0,1,0,0,0,0,1,0,0,0,0,0,0,0,1,1,0,0,0,268,2,0
L01741,21122913.99,120361.33,23196.77,0,198,0,1,0,0,0,0,0,1,0,0,1,0,0,0,0,0,1,0,1,1,1,2,0,1,308,6,1
L01742,41958082.9,475437.98,67692.58,0,294,0,0,0,0,1,0,0,0,1,0,0,0,1,0,0,0,0,0,6,2,0,1,0,2,136,11,0
L01743,43868311.34,479372.2,89575.48,0,341,1,0,0,0,0,1,0,0,0,0,1,0,0,0,0,0,0,1,3,2,0,3,2,0,988,10,0
L01744,12234681.02,53365.1,4258.94,0,296,0,0,0,0,1,1,0,0,0,0,0,1,0,0,0,0,0,1,3,4,0,2,2,2,580,13,0
L01745,27573474.66,12424.26,81432.66,1,286,0,0,0,0,1,0,0,0,1,1,0,0,0,0,0,0,1,0,6,4,2,2,0,2,697,16,1
L01746,9705408.22,84744.51,56619.57,0,243,0,0,0,1,0,0,0,0,1,1,0,0,0,0,0,0,0,0,0,2,2,2,0,0,715,6,1
L01747,5183750.33,498026.33,55063.04,0,220,0,1,0,0,0,0,0,1,0,0,0,0,1,0,0,0,0,0,2,1,1,1,0,1,165,6,0
L01748,45564913.02,94099.81,95823.51,0,155,1,0,0,0,0,1,0,0,0,0,0,0,0,1,1,0,0,0,0,0,0,0,0,0,0,0,0
L01749,41043324.46,253761.07,75016.82,0,235,0,0,1,0,0,0,0,0,1,0,1,0,0,0,0,0,1,0,3,1,0,1,0,0,284,5,0
L01750,38025741.6,424966.77,85161.77,0,319,0,0,1,0,0,1,0,0,0,0,0,0,1,0,1,0,0,0,3,0,1,2,0,3,388,9,1
L01751,2533439.31,15098.8,36045.56,0,18,0,0,0,0,1,0,0,0,1,0,0,0,0,1,0,0,0,1,0,1,0,2,2,0,816,5,0
L01752,42202066.76,304222.05,55882.04,0,214,0,0,0,1,0,1,0,0,0,0,1,0,0,0,0,1,0,0,4,0,0,0,0,1,0,5,1
L01753,21958399.39,142127.6,61925.16,0,113,0,0,0,1,0,0,1,0,0,0,0,1,0,0,1,0,0,0,3,2,1,5,1,1,1566,13,0
L01754,17185516.65,431855.78,32836.81,0,199,0,0,1,0,0,0,0,1,0,1,0,0,0,0,0,0,0,0,1,0,0,0,0,1,0,2,0
L01755,27369170.42,145313.27,57454.56,0,24,1,0,0,0,0,1,0,0,0,0,0,0,0,1,0,1,0,0,6,2,1,3,2,4,1089,18,1
L01756,4658526.81,344944.08,24428.88,0,120,0,1,0,0,0,0,1,0,0,0,1,0,0,0,0,0,1,0,5,1,2,1,0,2,666,11,0
L01757,37856662.81,338738.72,15194.19,0,229,1,0,0,0,0,1,0,0,0,0,0,0,1,0,0,0,0,1,5,1,1,1,3,2,726,13,1
L01758,29163510.34,114639.31,38023.06,0,98,0,1,0,0,0,1,0,0,0,0,1,0,0,0,0,1,0,0,3,1,2,3,1,1,646,11,1
L01759,9410845.83,22225.6,74189.67,0,345,0,0,1,0,0,0,1,0,0,0,0,0,1,0,1,0,0,0,2,1,0,0,2,1,282,6,1
L01760,9492786.77,207578.54,91702.53,0,2,0,1,0,0,0,1,0,0,0,1,0,0,0,0,0,0,0,1,2,1,0,3,0,2,678,8,1
L01761,9294007.71,148150.61,46313.69,0,260,0,0,0,1,0,1,0,0,0,1,0,0,0,0,0,1,0,0,3,2,2,2,1,1,665,11,1
L01762,2944419.14,405443.99,64639.55,0,253,0,0,0,0,1,0,0,1,0,0,1,0,0,0,0,0,0,0,1,0,0,0,0,0,0,1,1
L01763,29431142.62,401180.27,11200.68,0,19,0,0,0,0,1,0,1,0,0,0,1,0,0,0,0,0,0,0,4,4,0,6,2,1,1339,17,0
L01764,42033374.06,231226.86,90541.91,0,203,0,0,1,0,0,0,1,0,0,0,0,0,1,0,1,0,0,0,3,0,0,0,1,1,168,5,1
L01765,973160.88,305223.55,57291.82,0,293,0,0,0,1,0,0,0,0,1,0,0,0,1,0,0,1,0,0,3,2,3,2,2,1,903,13,1
L01766,2545331.78,304108.46,78253.49,0,356,1,0,0,0,0,1,0,0,0,0,0,0,0,1,0,0,0,1,0,0,0,2,2,1,661,5,0
L01767,28681236.81,414443.28,79649.68,0,127,0,0,0,1,0,0,0,1,0,0,0,0,0,1,0,0,1,0,3,4,2,3,1,2,954,15,1
L01768,40992834.7,215376.19,26391.57,0,357,0,0,0,0,1,1,0,0,0,0,0,0,0,1,1,0,0,0,0,0,0,0,0,0,0,0,0
L01769,16404270.64,141346.11,53388.27,0,291,0,0,0,0,1,1,0,0,0,0,1,0,0,0,0,1,0,0,0,0,0,1,0,0,214,1,0
L01770,17545758.5,136192.28,96087.5,0,173,0,0,0,1,0,0,0,0,1,0,0,0,0,1,0,0,0,1,3,2,2,2,0,4,757,13,1
L01771,29857690.23,270415.18,9873.82,0,220,0,0,0,1,0,1,0,0,0,0,1,0,0,0,0,0,0,0,8,3,0,5,2,1,1151,19,0
L01772,13783223.17,227328.36,68621.94,0,354,0,0,0,0,1,0,0,1,0,1,0,0,0,0,1,0,0,0,2,0,0,0,3,3,441,8,1
L01773,1427757.47,222859.78,96264.14,0,36,1,0,0,0,0,0,0,1,0,0,0,1,0,0,0,0,0,1,2,3,1,2,1,2,872,11,1
L01774,36787903.05,50112.98,30757.13,0,309,0,0,1,0,0,0,0,0,1,1,0,0,0,0,0,0,0,0,4,5,2,5,0,1,1154,17,0
L01775,31319930.66,360708.85,86283.34,0,148,0,0,1,0,0,1,0,0,0,0,1,0,0,0,0,0,1,0,1,1,0,1,0,3,98,6,1
L01776,29079724.35,110799.66,93432.1,0,91,0,0,0,1,0,0,0,1,0,0,1,0,0,0,0,0,1,0,4,1,0,2,2,1,667,10,1
L01777,37110038.04,102492.05,74961.53,0,69,0,0,1,0,0,1,0,0,0,0,0,1,0,0,0,0,0,1,3,0,0,0,0,0,0,3,0
L01778,33794018.79,209315.37,23901.5,0,83,0,0,0,0,1,1,0,0,0,0,0,0,1,0,0,0,0,0,4,0,0,0,0,0,0,4,0
L01779,10373511.21,117750.28,34066.07,1,204,0,0,0,0,1,1,0,0,0,0,0,0,1,0,0,0,1,0,2,0,0,1,0,0,18,3,0
L01780,17688804.24,294009.84,4545.12,0,266,0,0,0,1,0,0,0,0,1,0,0,0,1,0,0,0,0,0,1,2,0,2,0,0,233,5,1
L01781,6392896.07,188874.35,83313.87,1,87,0,0,0,1,0,1,0,0,0,0,0,0,0,1,0,0,1,0,1,0,0,0,1,2,139,4,1
L01782,6579864.97,227211.3,85111.51,0,251,0,0,0,1,0,0,0,1,0,0,0,0,1,0,0,0,1,0,6,5,2,4,1,0,1168,18,1
L01783,33842167.74,270898.81,63638.32,0,210,1,0,0,0,0,1,0,0,0,0,0,0,0,1,1,0,0,0,3,5,0,7,3,0,1181,18,0
L01784,42944145.34,105750.08,35900.26,0,342,0,0,1,0,0,0,0,1,0,0,0,0,0,1,1,0,0,0,0,0,0,0,0,0,0,0,0
L01785,48140355.93,82097.05,8604.29,0,30,0,0,0,1,0,1,0,0,0,0,0,0,1,0,0,0,1,0,5,6,0,0,4,4,532,19,1
L01786,31454521.17,440808.84,75552.7,0,356,0,1,0,0,0,0,0,1,0,0,0,0,1,0,1,0,0,0,1,0,1,0,1,1,388,4,0
L01787,9286656.04,219693.23,72926.09,1,315,0,1,0,0,0,0,0,1,0,0,0,1,0,0,0,0,0,1,6,3,3,3,2,1,1363,18,0
L01788,5371952.24,208986.34,91347.65,1,60,0,0,0,0,1,1,0,0,0,0,0,1,0,0,1,0,0,0,2,3,0,3,2,1,888,11,1
L01789,40661263.48,22628.01,73322.67,0,66,0,0,1,0,0,1,0,0,0,0,0,0,0,1,0,0,0,0,4,3,1,2,1,0,820,11,1
L01790,28979948.17,251498.27,83040.8,0,225,0,0,0,1,0,0,0,1,0,0,0,1,0,0,0,1,0,0,3,1,1,0,1,1,235,7,1
L01791,30952422.55,279314.01,74849.51,1,334,0,1,0,0,0,0,1,0,0,0,0,0,0,1,0,0,0,0,3,2,1,0,1,2,131,9,1
L01792,39094958.23,281626.23,63438.03,1,326,0,0,1,0,0,0,0,0,1,0,1,0,0,0,0,0,1,0,0,0,0,0,1,1,31,2,1
L01793,35193533.66,354980.43,43269.67,0,66,0,0,0,0,1,0,1,0,0,0,0,0,0,1,0,1,0,0,0,2,0,0,1,0,243,3,0
L01794,41739466.82,92853.51,90309.61,0,127,1,0,0,0,0,0,1,0,0,0,0,0,0,1,0,0,0,1,4,2,1,1,5,3,934,16,1
L01795,2905073.88,129850.45,65445.89,0,110,0,0,1,0,0,1,0,0,0,0,0,1,0,0,1,0,0,0,1,0,0,0,1,0,209,2,1
L01796,37401279.77,406311.58,40437.18,0,271,0,0,1,0,0,0,0,0,1,0,1,0,0,0,1,0,0,0,5,4,1,1,0,0,112,11,0
L01797,42557552.59,473849.46,9263.46,0,300,1,0,0,0,0,0,1,0,0,1,0,0,0,0,1,0,0,0,4,1,1,2,0,1,440,9,0
L01798,14378138.62,72286.71,29779.78,0,33,0,0,1,0,0,1,0,0,0,1,0,0,0,0,0,1,0,0,5,4,2,6,2,0,1258,19,0
L01799,32058318.97,251336.53,54828.95,0,211,0,0,0,0,1,0,1,0,0,1,0,0,0,0,0,0,0,0,1,2,2,3,0,3,523,11,0
L01800,15776686.99,111017.25,28287.9,0,299,0,0,0,0,1,0,1,0,0,0,1,0,0,0,0,1,0,0,3,2,1,5,4,2,2098,17,1
L01801,47902756.22,34736.22,22902.3,0,124,1,0,0,0,0,1,0,0,0,0,0,0,1,0,0,0,1,0,5,4,2,3,1,1,1019,16,1
L01802,1767836.26,166124.15,53211.96,1,102,0,0,0,1,0,1,0,0,0,0,1,0,0,0,1,0,0,0,2,2,0,2,1,1,312,8,1
L01803,29031662.91,76125.37,17812.21,1,205,0,1,0,0,0,1,0,0,0,0,0,1,0,0,0,0,1,0,0,2,0,1,0,0,103,3,0
L01804,8408527.0,356416.87,80240.6,0,119,0,0,0,1,0,0,0,0,1,0,0,0,0,1,1,0,0,0,0,0,0,0,0,0,0,0,0
L01805,35639788.24,269194.08,48952.45,0,169,0,0,1,0,0,0,1,0,0,0,0,0,0,1,0,0,1,0,6,5,1,3,0,0,806,15,0
L01806,8876925.14,76198.06,57812.41,0,34,0,1,0,0,0,1,0,0,0,0,0,1,0,0,0,0,1,0,2,1,0,2,2,0,483,7,0
L01807,11845624.77,9574.59,15590.94,0,330,1,0,0,0,0,0,0,1,0,0,0,1,0,0,0,0,1,0,0,0,0,0,0,0,0,0,0
L01808,24769103.47,405037.74,33133.06,0,245,1,0,0,0,0,0,1,0,0,0,0,0,0,1,0,1,0,0,5,5,0,1,0,1,278,12,0
L01809,45750264.0,92216.23,41598.88,0,339,0,1,0,0,0,0,0,1,0,0,0,0,1,0,0,0,1,0,3,0,2,1,1,0,873,7,0
L01810,10664547.17,305077.24,81013.07,0,308,0,0,0,0,1,0,0,0,1,0,0,0,1,0,1,0,0,0,3,0,1,6,0,3,846,13,1
L01811,7297577.05,171776.35,77245.79,0,57,0,1,0,0,0,1,0,0,0,0,0,0,1,0,0,1,0,0,7,3,3,2,0,1,1141,16,0
L01812,37972943.91,294815.54,23074.77,0,305,0,0,1,0,0,0,0,1,0,0,0,1,0,0,0,0,0,1,2,3,0,1,0,1,85,7,0
L01813,25080914.66,161248.55,62001.73,1,140,0,0,0,0,1,0,0,0,1,0,0,0,0,1,0,0,0,1,6,3,1,1,2,1,733,14,0
L01814,45598077.11,48035.08,25102.18,0,110,1,0,0,0,0,1,0,0,0,0,0,0,0,1,0,0,0,1,0,3,0,2,0,0,326,5,0
L01815,7416066.4,115360.25,98836.47,0,162,0,1,0,0,0,0,0,1,0,0,0,0,0,1,0,0,1,0,1,2,0,2,0,0,574,5,0
L01816,32331801.86,98088.99,95260.26,0,110,0,0,0,1,0,0,0,1,0,0,1,0,0,0,1,0,0,0,0,0,1,0,0,0,21,1,0
L01817,11720669.39,216869.58,56763.21,0,151,0,0,0,1,0,0,0,0,1,0,1,0,0,0,1,0,0,0,0,0,0,1,0,0,134,1,0
L01818,7922345.39,330850.47,70191.35,0,64,0,0,1,0,0,1,0,0,0,1,0,0,0,0,0,1,0,0,0,0,0,0,2,1,323,3,0
L01819,34203127.82,135584.01,80341.61,0,105,0,0,0,1,0,1,0,0,0,0,1,0,0,0,0,0,1,0,3,2,0,7,1,4,1618,17,1
L01820,29724862.53,10974.62,72378.84,0,215,0,1,0,0,0,0,0,1,0,0,0,0,1,0,0,0,0,1,5,5,1,2,0,2,332,15,1
L01821,37765890.17,261874.0,70283.04,1,90,0,1,0,0,0,0,0,1,0,0,0,0,1,0,1,0,0,0,1,2,0,0,0,0,0,3,0
L01822,15542182.56,304850.95,95896.85,0,25,0,0,0,1,0,0,0,1,0,0,0,0,1,0,0,0,1,0,0,7,4,4,0,3,1234,18,1
L01823,22453785.65,481620.89,60049.15,0,156,0,1,0,0,0,1,0,0,0,0,0,0,1,0,0,0,0,1,4,6,1,2,0,2,283,15,1
L01824,20333036.65,296788.05,63993.96,0,71,0,0,1,0,0,0,0,0,1,1,0,0,0,0,0,0,0,1,2,5,2,4,3,0,1784,16,1
L01825,49206064.25,238230.42,85077.61,0,43,0,0,0,0,1,0,0,0,1,0,0,0,1,0,0,0,0,1,4,1,1,0,2,3,610,11,1
L01826,14683222.94,288833.8,67319.2,0,89,0,0,1,0,0,1,0,0,0,0,0,1,0,0,0,0,1,0,1,1,1,3,2,0,737,8,1
L01827,14811380.19,464310.81,73560.33,1,132,0,0,1,0,0,0,1,0,0,0,0,1,0,0,0,0,1,0,2,0,1,0,0,0,108,3,0
L01828,17791955.62,415047.18,24182.7,0,160,0,1,0,0,0,0,0,0,1,0,0,1,0,0,1,0,0,0,2,1,0,0,2,3,72,8,1
L01829,28273244.66,164874.47,37755.43,0,231,0,0,0,0,1,0,0,1,0,0,1,0,0,0,0,1,0,0,1,1,0,1,0,0,298,3,0
L01830,12690904.94,122440.91,15582.83,1,260,0,1,0,0,0,0,1,0,0,0,0,0,0,1,0,1,0,0,7,0,0,7,2,2,1248,18,1
L01831,45772968.02,135003.64,51070.78,0,110,1,0,0,0,0,0,1,0,0,1,0,0,0,0,0,0,1,0,3,3,1,1,0,1,399,9,0
L01832,13357709.69,254688.41,46117.01,0,163,0,1,0,0,0,0,0,0,1,0,0,1,0,0,0,0,0,0,2,1,2,0,2,0,818,7,1
L01833,44801205.0,373304.48,99719.12,0,76,0,1,0,0,0,0,1,0,0,0,0,1,0,0,0,0,0,1,4,2,1,2,1,1,650,11,1
L01834,5263405.68,254093.51,61509.66,0,208,0,1,0,0,0,0,1,0,0,0,0,0,1,0,0,1,0,0,3,4,2,4,1,3,1149,17,1
L01835,32862478.85,38559.22,78858.04,0,12,0,0,0,0,1,0,0,0,1,0,0,1,0,0,0,0,1,0,1,2,1,0,0,0,78,4,0
L01836,45358577.37,363172.45,34067.45,0,57,0,1,0,0,0,0,0,0,1,0,0,0,1,0,0,0,0,0,2,1,2,4,0,2,845,11,1
L01837,8520596.98,403955.21,83322.99,0,343,0,0,0,0,1,0,1,0,0,0,0,0,1,0,0,0,0,0,3,1,1,2,2,0,467,9,1
L01838,48419515.31,148301.44,61893.41,0,35,0,0,0,1,0,0,0,1,0,0,0,0,0,1,0,0,1,0,4,0,1,0,3,1,786,9,0
L01839,22698879.68,333742.24,70002.24,0,24,1,0,0,0,0,1,0,0,0,0,1,0,0,0,0,0,0,0,5,0,0,3,0,0,490,8,1
L01840,47291183.91,216162.99,30148.65,0,33,0,0,0,0,1,0,1,0,0,0,0,0,1,0,0,1,0,0,7,1,1,4,1,1,816,15,0
L01841,33873320.18,445114.08,55315.2,0,139,0,0,0,1,0,0,1,0,0,0,0,0,1,0,0,1,0,0,2,0,0,1,0,0,286,3,0
L01842,15149184.81,423386.65,63769.66,1,274,0,0,0,0,1,0,0,1,0,0,0,0,0,1,0,1,0,0,0,0,0,1,0,1,42,2,1
L01843,9496295.99,265088.84,59320.37,0,361,0,0,0,0,1,0,1,0,0,0,0,0,1,0,0,0,1,0,5,0,1,4,3,4,1174,17,1
L01844,15256378.81,347295.25,91604.18,0,221,1,0,0,0,0,0,1,0,0,1,0,0,0,0,0,1,0,0,6,1,1,1,0,0,349,9,0
L01845,4741568.72,442258.1,89928.99,0,36,0,0,1,0,0,1,0,0,0,0,1,0,0,0,0,0,0,1,1,0,0,1,0,0,30,2,0
L01846,7279011.52,250379.92,97127.42,0,362,0,0,1,0,0,1,0,0,0,1,0,0,0,0,0,0,0,1,0,0,0,0,1,0,61,1,0
L01847,5322555.97,160059.12,67075.37,0,128,0,0,0,0,1,1,0,0,0,0,0,1,0,0,1,0,0,0,0,0,0,0,0,0,0,0,0
L01848,21204882.83,378064.74,97219.5,1,315,0,1,0,0,0,0,0,0,1,0,1,0,0,0,0,0,0,0,8,3,1,0,2,0,368,14,1
L01849,39799360.98,113932.8,83415.32,0,322,0,0,0,1,0,0,0,0,1,0,0,1,0,0,0,1,0,0,4,2,0,3,0,1,285,10,0
L01850,7155039.36,197322.92,27812.38,1,217,0,1,0,0,0,1,0,0,0,0,0,0,1,0,1,0,0,0,0,0,0,0,0,0,0,0,0
L01851,6602989.62,433534.98,43316.13,1,334,0,1,0,0,0,1,0,0,0,0,0,0,0,1,0,0,1,0,4,3,2,5,0,1,1185,15,0
L01852,32207104.58,363589.06,24600.85,0,247,0,0,0,0,1,0,0,0,1,1,0,0,0,0,0,1,0,0,6,4,1,3,1,0,870,15,0
L01853,9939430.8,204886.45,1415.52,0,110,0,0,0,0,1,0,0,1,0,0,0,1,0,0,0,0,1,0,3,0,3,8,2,1,2469,17,1
L01854,4970740.9,111298.53,19616.83,0,303,0,0,0,0,1,0,1,0,0,0,0,0,1,0,0,0,0,0,5,1,0,2,1,2,407,11,1
L01855,8425744.05,181204.35,1402.0,0,219,0,0,0,0,1,0,1,0,0,1,0,0,0,0,0,0,0,0,1,4,1,2,0,2,229,10,0
L01856,46194196.65,145631.55,72264.01,0,195,0,0,1,0,0,1,0,0,0,1,0,0,0,0,0,0,0,0,3,2,1,1,0,0,215,7,1
L01857,41091415.51,92164.2,43127.9,1,146,0,0,0,0,1,0,0,1,0,0,0,1,0,0,1,0,0,0,5,1,0,2,2,1,651,11,0
L01858,17767821.66,372949.79,31944.9,0,343,0,0,1,0,0,0,0,0,1,0,0,0,1,0,0,0,0,1,2,3,0,0,1,2,20,8,0
L01859,32825456.29,129774.59,76410.37,0,39,0,0,1,0,0,1,0,0,0,0,0,0,0,1,0,1,0,0,3,6,0,3,1,2,761,15,1
L01860,26910056.12,229812.9,83416.19,0,133,0,0,0,0,1,0,0,1,0,0,0,1,0,0,1,0,0,0,2,1,0,4,1,4,849,12,1
L01861,33888500.75,196000.43,97554.65,1,351,1,0,0,0,0,0,0,1,0,1,0,0,0,0,0,1,0,0,4,3,1,4,1,1,968,14,1
L01862,34165290.51,491128.3,64559.34,0,190,0,0,0,1,0,0,0,1,0,1,0,0,0,0,1,0,0,0,5,4,0,4,4,1,848,18,1
L01863,31473827.35,198590.66,46691.37,1,162,0,1,0,0,0,0,0,0,1,0,1,0,0,0,0,0,0,0,4,3,2,0,0,0,306,9,1
L01864,13378458.29,44591.33,31221.17,1,60,0,0,1,0,0,0,0,0,1,0,0,0,1,0,1,0,0,0,4,6,2,5,1,1,1476,19,0
L01865,2046420.4,49463.75,23009.5,0,4,0,0,0,1,0,0,1,0,0,0,1,0,0,0,0,0,0,1,2,4,3,2,1,1,952,13,0
L01866,22832782.42,297423.09,22079.67,0,36,1,0,0,0,0,0,1,0,0,0,0,0,0,1,0,0,0,1,0,1,1,0,0,0,230,2,0
L01867,44559596.85,301684.96,41509.75,0,216,0,1,0,0,0,0,0,1,0,0,0,1,0,0,0,0,0,1,0,0,0,0,0,0,0,0,0
L01868,28517913.2,212285.7,99186.85,0,224,0,1,0,0,0,0,0,1,0,1,0,0,0,0,0,0,0,0,0,0,0,1,0,0,293,1,0
L01869,41636312.98,218762.63,1084.52,0,215,0,0,1,0,0,0,0,0,1,0,0,0,1,0,1,0,0,0,6,1,0,4,1,4,802,16,1
L01870,49582054.71,31696.63,20523.38,0,138,0,0,0,0,1,0,1,0,0,1,0,0,0,0,0,0,1,0,0,0,0,0,0,0,0,0,0
L01871,8264448.59,260690.52,19650.91,0,105,1,0,0,0,0,0,0,1,0,0,1,0,0,0,0,0,0,1,3,2,1,1,1,0,328,8,0
L01872,34619704.19,254846.04,71994.83,0,98,0,0,1,0,0,0,1,0,0,0,1,0,0,0,0,1,0,0,3,1,0,0,0,1,0,5,0
L01873,33747249.33,79026.91,35895.99,0,167,1,0,0,0,0,0,1,0,0,0,0,1,0,0,0,0,0,1,3,1,0,2,2,0,441,8,1
L01874,48999776.82,56400.5,46268.82,0,263,0,0,0,0,1,0,0,1,0,0,0,0,1,0,0,0,0,0,3,1,1,1,0,1,479,7,1
L01875,49281476.62,66168.38,15713.79,0,86,0,0,0,0,1,0,0,0,1,0,0,0,1,0,0,1,0,0,1,0,1,0,0,1,83,3,1
L01876,34365262.73,55008.98,41094.71,1,83,0,0,1,0,0,0,0,1,0,0,0,1,0,0,0,1,0,0,0,0,1,3,0,0,816,4,0
L01877,12256378.12,306805.56,11216.78,0,223,0,0,0,0,1,0,0,1,0,0,1,0,0,0,0,1,0,0,4,1,3,3,3,3,1394,17,1
L01878,39947936.32,102258.91,53771.29,0,10,0,0,0,1,0,0,1,0,0,0,1,0,0,0,0,0,1,0,2,2,0,2,1,1,672,8,1
L01879,5440753.8,129457.93,10695.9,0,326,0,1,0,0,0,0,0,1,0,0,1,0,0,0,0,0,1,0,4,3,0,1,1,1,177,10,0
L01880,39056895.28,90918.21,79260.33,1,185,0,0,1,0,0,0,0,0,1,1,0,0,0,0,0,0,0,1,0,1,0,0,0,0,0,1,0
L01881,45518786.59,479128.48,57093.57,0,349,1,0,0,0,0,0,0,1,0,0,0,0,0,1,0,0,0,1,5,7,2,3,0,2,671,19,0
L01882,19203386.4,428035.64,72672.82,0,230,0,0,0,1,0,0,0,0,1,0,1,0,0,0,0,0,0,0,2,3,0,1,0,0,175,6,1
L01883,31568701.22,119094.94,42433.12,0,140,0,0,1,0,0,0,0,0,1,0,0,0,0,1,0,0,1,0,2,0,2,2,2,0,893,8,0
L01884,21564122.33,167145.32,38767.64,0,105,0,0,0,0,1,0,1,0,0,0,0,0,0,1,0,0,0,0,4,1,1,2,2,0,781,10,1
L01885,21944476.24,108896.96,10722.68,1,252,0,0,0,0,1,1,0,0,0,0,0,0,1,0,0,0,0,0,2,0,0,1,1,1,523,5,1
L01886,15587507.37,248478.6,52861.71,0,48,0,0,0,0,1,1,0,0,0,0,0,1,0,0,0,0,1,0,1,0,0,1,0,1,150,3,1
L01887,38130268.06,14707.21,51935.71,0,262,0,0,0,0,1,0,1,0,0,1,0,0,0,0,0,0,0,1,6,4,2,3,2,0,1092,17,1
L01888,46815210.55,337327.16,47342.1,0,204,1,0,0,0,0,0,0,1,0,0,0,0,0,1,0,0,0,0,7,0,2,2,0,3,564,14,1
L01889,47043467.88,263963.28,74311.32,0,356,0,0,0,1,0,0,1,0,0,1,0,0,0,0,0,0,0,0,4,3,2,3,2,3,694,17,0
L01890,8821586.12,449826.27,83417.94,0,50,0,1,0,0,0,0,0,0,1,0,0,0,1,0,0,1,0,0,1,0,0,2,0,0,349,3,0
L01891,43749708.12,86374.38,75328.18,0,174,1,0,0,0,0,1,0,0,0,0,1,0,0,0,0,1,0,0,3,2,4,6,2,1,1801,18,0
L01892,36897828.93,403034.08,15242.71,0,224,1,0,0,0,0,0,1,0,0,0,0,0,0,1,0,0,0,0,1,0,1,1,2,1,993,6,0
L01893,12716586.29,397020.7,62583.89,0,260,0,1,0,0,0,0,0,1,0,0,0,1,0,0,1,0,0,0,7,1,1,1,0,3,329,13,1
L01894,3457502.18,67954.69,8951.99,0,221,0,1,0,0,0,0,1,0,0,0,0,0,1,0,0,0,0,0,3,1,0,2,2,1,896,9,1
L01895,13473063.62,202286.82,69767.61,1,222,0,0,0,0,1,1,0,0,0,1,0,0,0,0,1,0,0,0,2,4,2,3,3,2,1405,16,1
L01896,45619191.02,89225.56,38802.07,0,268,1,0,0,0,0,0,1,0,0,0,1,0,0,0,0,1,0,0,2,0,0,0,3,0,378,5,0
L01897,31695615.88,131086.65,14117.4,0,297,0,0,1,0,0,0,1,0,0,1,0,0,0,0,0,1,0,0,4,3,1,1,2,1,677,12,1
L01898,36080627.58,135306.86,86343.03,0,317,0,1,0,0,0,1,0,0,0,0,0,1,0,0,0,1,0,0,1,0,0,1,0,1,150,3,0
L01899,12931902.32,280337.02,61786.83,0,73,0,1,0,0,0,0,0,0,1,0,0,0,0,1,1,0,0,0,2,0,1,3,0,4,692,10,1
L01900,35997468.96,208648.41,36117.77,1,113,0,0,0,1,0,0,0,0,1,0,0,1,0,0,0,0,0,1,3,0,1,2,1,5,749,12,1
L01901,1503263.16,474127.74,4041.99,0,218,0,0,1,0,0,1,0,0,0,1,0,0,0,0,0,0,1,0,3,0,2,1,2,0,617,8,0
L01902,18828535.15,67553.22,54193.72,1,53,0,0,1,0,0,0,1,0,0,1,0,0,0,0,0,0,0,0,3,3,0,10,1,1,1731,18,0
L01903,31374992.09,486977.61,92399.36,0,199,0,1,0,0,0,1,0,0,0,0,0,1,0,0,0,0,0,1,5,5,0,3,3,1,1408,17,1
L01904,7390218.62,119166.13,60041.6,1,130,0,0,0,0,1,0,0,0,1,0,0,1,0,0,0,0,0,1,2,1,1,3,0,0,421,7,0
L01905,41167878.36,387572.6,97193.41,0,338,0,0,0,1,0,0,0,1,0,0,0,1,0,0,0,0,0,1,0,0,0,0,0,0,0,0,0
L01906,11828061.81,172790.11,14508.66,0,191,0,0,1,0,0,0,1,0,0,0,1,0,0,0,0,0,0,1,3,2,1,2,3,3,1306,14,1
L01907,32648827.53,75825.29,57262.21,0,178,0,1,0,0,0,0,0,0,1,1,0,0,0,0,0,0,0,1,1,2,0,1,1,0,272,5,0
L01908,20319337.41,429655.15,80014.38,0,304,0,0,1,0,0,0,1,0,0,0,0,0,1,0,0,1,0,0,2,0,1,1,1,0,190,5,0
L01909,29842575.41,157886.15,53028.53,0,286,0,0,0,1,0,1,0,0,0,0,1,0,0,0,0,1,0,0,0,0,0,0,0,0,0,0,0
L01910,5461782.58,331133.43,10015.57,1,239,0,0,0,1,0,0,0,1,0,0,1,0,0,0,0,1,0,0,3,4,1,4,1,2,994,15,1
L01911,943948.72,285389.62,58705.71,0,244,1,0,0,0,0,1,0,0,0,0,1,0,0,0,0,1,0,0,5,3,1,6,1,1,1078,17,0
L01912,45487264.93,238519.37,61562.05,0,329,0,1,0,0,0,0,0,1,0,0,0,0,1,0,0,0,1,0,7,4,0,3,1,4,531,19,1
L01913,13554537.44,250430.64,73142.22,1,116,0,0,0,1,0,0,1,0,0,0,0,1,0,0,1,0,0,0,2,2,1,3,2,3,1015,13,1
L01914,41001882.44,367457.77,76359.94,0,207,1,0,0,0,0,0,1,0,0,1,0,0,0,0,0,0,0,0,0,0,1,0,0,0,276,1,1
L01915,49967579.99,48447.59,77306.5,0,211,1,0,0,0,0,1,0,0,0,0,0,0,0,1,0,0,0,0,0,0,0,0,1,0,201,1,0
L01916,10650419.77,335749.43,66680.99,0,258,0,0,1,0,0,0,0,1,0,0,0,0,0,1,0,0,0,0,5,6,2,2,1,3,885,19,0
L01917,13332019.99,448426.99,22365.31,0,162,0,0,1,0,0,0,0,1,0,1,0,0,0,0,0,0,0,0,5,4,2,2,1,0,686,14,0
L01918,33176703.4,33605.16,41019.34,1,225,1,0,0,0,0,0,1,0,0,0,0,0,1,0,1,0,0,0,4,3,2,3,2,3,884,17,1
L01919,48275886.87,74623.4,77836.87,1,340,0,0,1,0,0,1,0,0,0,0,0,0,0,1,0,0,0,1,0,0,1,1,0,0,187,2,0
L01920,45799135.97,359732.81,95389.27,0,63,0,0,0,1,0,0,0,1,0,0,1,0,0,0,0,1,0,0,0,0,0,0,0,0,0,0,0
L01921,25193488.45,221454.42,8815.75,0,245,0,0,0,0,1,0,1,0,0,0,0,0,0,1,0,0,0,0,3,5,1,4,0,2,767,15,1
L01922,39776003.1,204756.57,54018.13,0,17,0,0,0,1,0,0,0,0,1,1,0,0,0,0,0,0,0,0,3,2,1,6,3,2,1812,17,1
L01923,6873718.07,72798.48,31939.7,1,33,1,0,0,0,0,1,0,0,0,0,1,0,0,0,0,0,0,0,2,5,0,4,0,1,694,12,1
L01924,48874165.39,255851.17,23314.0,0,311,1,0,0,0,0,0,0,0,1,0,0,0,0,1,0,0,0,1,7,2,1,5,0,4,1236,19,1
L01925,48221226.38,67639.93,51075.26,0,322,0,0,0,1,0,1,0,0,0,1,0,0,0,0,0,0,1,0,3,2,0,5,0,2,499,12,1
L01926,8270075.0,240927.13,61002.84,0,180,0,0,1,0,0,0,1,0,0,0,0,0,1,0,0,1,0,0,0,0,0,0,0,0,0,0,0
L01927,15041213.93,382989.57,1967.45,0,346,0,0,1,0,0,0,0,1,0,1,0,0,0,0,0,1,0,0,3,7,3,1,2,2,1242,18,1
L01928,5097734.38,132840.86,78240.45,0,193,1,0,0,0,0,0,0,1,0,0,0,0,1,0,0,0,1,0,4,2,2,0,2,1,472,11,0
L01929,13658708.19,242989.15,82168.33,1,191,0,1,0,0,0,0,0,1,0,0,1,0,0,0,0,0,0,1,4,1,0,5,2,0,1235,12,0
L01930,40816193.89,496047.9,96585.57,0,66,0,0,1,0,0,1,0,0,0,1,0,0,0,0,0,0,0,0,0,1,0,0,1,0,136,2,0
L01931,18977948.8,344891.96,18883.73,1,208,0,0,0,1,0,0,1,0,0,0,0,1,0,0,0,1,0,0,4,2,1,2,1,3,424,13,1
L01932,4511008.66,421471.6,59860.7,0,166,0,0,1,0,0,0,0,0,1,0,0,1,0,0,0,0,0,0,0,3,2,1,2,0,1217,8,1
L01933,17177053.69,210349.57,43235.91,1,245,0,0,0,1,0,0,1,0,0,0,0,1,0,0,0,0,0,1,5,2,0,1,0,1,230,9,1
L01934,49071028.38,385091.16,34147.96,0,244,1,0,0,0,0,0,0,0,1,0,0,1,0,0,0,0,0,0,2,3,1,2,1,1,673,10,1
L01935,31521211.4,25052.04,56997.71,0,165,0,0,1,0,0,1,0,0,0,0,0,1,0,0,0,0,0,0,0,5,3,1,0,0,705,9,1
L01936,20866431.23,65841.04,78455.93,0,295,0,0,0,1,0,1,0,0,0,0,0,0,1,0,0,0,0,0,2,4,0,3,1,2,455,12,0
L01937,8410271.82,105519.94,3282.23,0,210,1,0,0,0,0,0,0,0,1,1,0,0,0,0,1,0,0,0,1,0,0,2,3,0,859,6,0
L01938,49310222.18,203966.2,96970.61,1,132,0,1,0,0,0,0,0,0,1,0,1,0,0,0,0,0,0,0,1,0,1,2,0,2,510,6,0
L01939,41060365.56,423643.71,81178.28,0,196,0,0,0,1,0,0,0,0,1,0,0,1,0,0,0,1,0,0,7,2,1,2,2,0,469,14,0
L01940,14145717.39,176401.7,75364.22,0,346,0,1,0,0,0,0,1,0,0,0,0,1,0,0,0,1,0,0,6,0,2,5,2,0,2036,15,1
L01941,3596427.92,329037.49,76278.35,1,48,0,1,0,0,0,0,0,0,1,0,1,0,0,0,0,0,0,1,0,1,0,2,1,1,261,5,0
L01942,2925615.31,356110.58,39517.01,1,63,0,0,0,0,1,1,0,0,0,0,1,0,0,0,0,0,0,0,0,0,0,0,0,0,0,0,1
L01943,6106869.66,295160.27,75410.43,0,111,0,0,1,0,0,1,0,0,0,0,0,1,0,0,0,0,0,1,4,0,1,1,2,0,625,8,1
L01944,29080352.32,181834.77,39290.25,1,355,0,0,0,1,0,0,0,1,0,0,0,0,1,0,0,0,0,0,4,1,3,1,0,0,653,9,1
L01945,46445294.72,290641.4,89971.98,0,184,0,1,0,0,0,0,0,0,1,0,1,0,0,0,0,0,1,0,0,0,0,0,0,0,0,0,0
L01946,24887497.06,174421.47,18545.02,0,103,0,0,0,0,1,0,1,0,0,1,0,0,0,0,1,0,0,0,2,6,2,1,1,1,869,13,0
L01947,42162979.57,46517.5,29942.39,0,212,1,0,0,0,0,0,1,0,0,1,0,0,0,0,0,0,0,0,1,0,1,2,1,0,634,5,0
L01948,22349742.33,496437.97,55582.42,0,4,0,0,0,1,0,0,1,0,0,0,0,0,1,0,0,1,0,0,1,0,0,2,1,1,576,5,0
L01949,35458318.93,67955.31,32601.89,0,118,0,1,0,0,0,0,0,1,0,0,0,0,0,1,0,0,0,0,1,0,0,1,1,1,265,4,1
L01950,36620449.59,40812.45,42999.49,0,343,0,0,1,0,0,1,0,0,0,0,0,0,1,0,1,0,0,0,2,1,3,1,1,0,936,8,0
L01951,8780788.92,439872.72,49749.85,0,248,0,0,0,0,1,0,1,0,0,0,0,1,0,0,0,0,0,1,2,1,0,1,2,1,605,7,0
L01952,18124681.34,154408.16,85778.98,1,166,0,1,0,0,0,1,0,0,0,0,0,0,0,1,0,0,0,1,2,1,0,5,1,1,1001,10,1
L01953,31901377.61,326897.0,52796.03,0,241,0,0,1,0,0,0,0,1,0,0,0,1,0,0,0,1,0,0,2,3,1,3,1,3,678,13,1
L01954,3627760.75,167857.84,36883.53,1,279,0,1,0,0,0,0,0,0,1,1,0,0,0,0,1,0,0,0,8,1,0,3,4,2,913,18,1
L01955,18140855.37,198769.86,25525.88,0,362,0,0,0,1,0,0,0,0,1,0,1,0,0,0,0,1,0,0,0,0,0,0,0,0,0,0,0
L01956,26786493.37,134745.92,41458.92,0,237,0,0,0,1,0,0,0,0,1,0,0,1,0,0,1,0,0,0,7,3,2,0,1,1,481,14,0
L01957,49811602.2,174806.78,52057.87,0,305,0,0,0,1,0,0,1,0,0,1,0,0,0,0,0,1,0,0,3,7,2,1,6,0,1559,19,1
L01958,23779224.77,208296.7,74865.37,0,204,0,0,0,0,1,0,0,0,1,0,0,0,1,0,0,0,0,1,2,2,0,3,0,0,289,7,0
L01959,40821232.18,361605.95,12983.83,1,313,0,0,0,1,0,0,1,0,0,0,0,1,0,0,0,0,1,0,8,3,1,4,0,1,789,17,1
L01960,21660157.52,258210.42,22939.31,0,0,0,0,1,0,0,0,0,1,0,1,0,0,0,0,0,0,0,1,1,0,0,0,0,0,0,1,0
L01961,39839897.06,472064.78,38585.75,0,170,0,1,0,0,0,0,0,1,0,0,1,0,0,0,0,0,0,0,2,1,1,1,0,0,251,5,1
L01962,29811198.6,25730.79,36679.44,1,166,1,0,0,0,0,0,1,0,0,0,0,1,0,0,0,0,1,0,2,0,0,0,1,0,83,3,1
L01963,44341112.53,254018.82,39783.06,0,257,0,0,1,0,0,1,0,0,0,1,0,0,0,0,0,0,1,0,0,0,0,1,1,0,325,2,0
L01964,20606033.36,294191.27,79558.61,0,62,0,0,1,0,0,0,0,0,1,0,0,1,0,0,0,0,1,0,1,3,0,2,0,0,281,6,0
L01965,30254790.55,460497.51,33091.29,0,271,0,0,0,1,0,0,0,0,1,0,1,0,0,0,0,0,0,1,5,2,0,5,2,2,1034,16,0
L01966,31537932.16,29333.47,50687.92,1,36,0,0,0,0,1,0,0,0,1,0,0,1,0,0,0,0,1,0,5,2,1,3,2,1,1348,14,1
L01967,20927408.8,288882.29,62766.8,1,15,0,1,0,0,0,0,1,0,0,0,0,1,0,0,0,1,0,0,6,2,2,5,1,0,1093,16,0
L01968,7301170.98,427546.81,23985.68,0,253,0,0,0,0,1,0,0,1,0,1,0,0,0,0,0,0,0,0,2,0,0,1,1,0,172,4,1
L01969,4768614.4,124754.23,72150.84,0,342,0,1,0,0,0,0,0,0,1,0,0,0,0,1,0,0,1,0,2,2,0,1,0,0,21,5,0
L01970,931910.37,438764.71,55164.02,1,345,0,1,0,0,0,0,0,1,0,0,0,1,0,0,1,0,0,0,0,0,1,0,0,1,265,2,1
L01971,43689359.79,14426.49,45231.34,0,335,0,0,0,0,1,0,0,0,1,0,0,0,0,1,0,0,1,0,5,7,0,5,1,0,725,18,0
L01972,11900098.12,367565.04,81168.62,1,26,0,0,1,0,0,0,0,0,1,0,0,0,1,0,0,1,0,0,6,2,1,2,0,0,556,11,0
L01973,10654186.79,466891.04,25106.03,0,110,0,1,0,0,0,0,1,0,0,0,0,1,0,0,1,0,0,0,4,2,0,1,0,1,104,8,0
L01974,36828166.48,330312.84,88434.42,1,232,0,0,0,0,1,1,0,0,0,0,0,0,0,1,0,1,0,0,4,1,1,2,1,2,432,11,1
L01975,16068804.04,222319.48,56543.82,0,63,0,1,0,0,0,0,1,0,0,0,0,0,1,0,0,0,1,0,3,2,0,3,1,3,496,12,1
L01976,25351630.15,27216.1,61308.31,0,96,1,0,0,0,0,0,0,0,1,1,0,0,0,0,0,0,1,0,10,3,2,2,1,0,487,18,0
L01977,8209302.16,460456.34,87630.84,0,266,0,0,1,0,0,0,0,0,1,0,0,1,0,0,0,0,0,0,1,1,0,3,1,0,427,6,1
L01978,47991311.5,237796.63,81940.69,0,325,0,0,0,1,0,1,0,0,0,1,0,0,0,0,0,1,0,0,5,3,1,2,3,2,934,16,1
L01979,42593911.86,19353.39,60554.64,1,231,0,1,0,0,0,0,0,1,0,0,0,0,1,0,0,0,0,1,0,0,0,0,0,0,0,0,0
L01980,43203102.19,346461.43,75565.58,0,47,1,0,0,0,0,0,0,1,0,1,0,0,0,0,0,0,1,0,6,1,2,2,3,1,1063,15,1
L01981,20398010.05,243509.44,43898.63,1,349,0,0,0,1,0,0,0,0,1,1,0,0,0,0,0,1,0,0,4,1,1,4,3,1,1282,14,1
L01982,38141824.56,66550.93,55190.4,0,209,0,0,0,1,0,0,0,1,0,0,1,0,0,0,0,0,1,0,5,0,0,1,1,0,269,7,0
L01983,7279420.15,111064.55,7144.94,0,75,0,1,0,0,0,0,0,0,1,0,0,0,1,0,0,1,0,0,3,1,0,0,1,3,71,8,1
L01984,530088.23,36922.89,9895.93,0,246,0,0,0,0,1,1,0,0,0,1,0,0,0,0,0,1,0,0,3,1,0,0,4,1,905,9,1
L01985,1096649.34,289275.3,83113.12,0,315,0,1,0,0,0,1,0,0,0,0,0,0,0,1,0,0,0,1,1,0,2,1,1,0,607,5,1
L01986,29371426.7,312904.59,6907.49,0,67,1,0,0,0,0,0,0,0,1,0,0,0,1,0,0,0,1,0,0,1,0,1,0,0,214,2,0
L01987,22824205.77,255342.44,17770.51,0,312,0,0,0,1,0,1,0,0,0,0,1,0,0,0,0,1,0,0,2,2,1,2,2,1,462,10,1
L01988,25948965.91,409465.56,79787.43,0,63,0,1,0,0,0,0,1,0,0,0,0,1,0,0,0,1,0,0,4,2,1,2,1,2,890,12,0
L01989,472410.71,431199.37,1113.45,0,181,0,0,0,0,1,0,1,0,0,1,0,0,0,0,1,0,0,0,0,0,0,3,1,0,597,4,0
L01990,21192062.32,309734.08,28958.03,1,79,0,1,0,0,0,1,0,0,0,0,0,0,0,1,1,0,0,0,1,0,0,0,1,1,152,3,0
L01991,35931601.24,11314.46,58819.83,0,342,0,0,1,0,0,0,0,0,1,0,1,0,0,0,1,0,0,0,1,0,0,1,1,0,266,3,0
L01992,22190415.73,349138.68,59949.54,0,202,0,0,0,0,1,0,0,0,1,0,0,0,1,0,1,0,0,0,2,0,0,0,0,0,0,2,0
L01993,36637738.39,211909.61,77938.14,0,181,1,0,0,0,0,1,0,0,0,1,0,0,0,0,0,0,1,0,2,4,1,4,2,2,1174,15,1
L01994,11727646.32,284950.95,51086.7,1,213,0,0,0,1,0,0,0,1,0,0,1,0,0,0,0,0,0,1,0,0,0,0,0,0,0,0,0
L01995,40675786.02,326294.9,51430.79,0,119,0,1,0,0,0,0,1,0,0,0,1,0,0,0,0,0,1,0,8,2,1,1,2,2,772,16,1
L01996,29462718.9,178367.12,72805.75,0,240,0,0,0,0,1,0,0,1,0,0,0,0,0,1,0,0,1,0,0,3,0,0,1,0,163,4,0
L01997,10617078.66,458963.76,50363.82,0,334,0,0,1,0,0,0,0,0,1,0,0,1,0,0,0,1,0,0,2,1,1,1,1,1,539,7,1
L01998,11912351.75,71317.56,61240.62,0,201,0,0,0,0,1,0,0,0,1,0,0,1,0,0,0,1,0,0,0,0,0,0,0,0,0,0,0
L01999,31438720.18,337398.34,89879.63,0,291,0,0,1,0,0,0,0,1,0,0,0,1,0,0,0,0,0,0,4,3,1,2,3,1,975,14,1
L02000,41513985.7,7157.99,40743.65,1,53,1,0,0,0,0,1,0,0,0,0,0,0,1,0,0,1,0,0,3,1,2,0,0,1,409,7,1
L02001,20839826.32,462702.3,39127.38,0,144,0,0,0,1,0,0,0,1,0,0,1,0,0,0,0,1,0,0,3,3,3,2,0,0,691,11,0
L02002,12989191.41,60689.55,1351.35,0,355,1,0,0,0,0,0,0,1,0,0,0,0,1,0,0,1,0,0,2,0,1,2,2,2,1020,9,1
L02003,43363879.18,51967.69,61729.2,0,85,0,1,0,0,0,0,1,0,0,0,1,0,0,0,0,0,1,0,3,0,1,2,1,0,627,7,0
L02004,33496487.76,169838.78,3947.42,1,21,0,0,0,0,1,0,1,0,0,0,0,0,0,1,0,0,0,1,2,4,1,1,2,2,576,12,1
L02005,22459465.82,189915.31,50910.7,0,330,0,0,1,0,0,0,0,1,0,0,0,0,0,1,0,0,0,0,3,5,1,5,2,0,1545,16,0
L02006,24446219.74,111078.54,80619.15,0,291,0,0,1,0,0,0,0,1,0,0,0,0,1,0,0,0,0,0,3,6,0,3,4,1,1305,17,1
L02007,10292397.75,294635.22,55442.19,0,235,0,0,0,0,1,0,0,0,1,0,0,0,1,0,0,0,0,1,4,1,0,1,1,4,176,11,1
L02008,31377451.24,224242.48,27693.98,0,28,0,0,0,0,1,0,1,0,0,0,0,0,0,1,1,0,0,0,0,0,0,0,0,0,0,0,0
L02009,18001251.28,21916.92,78830.67,0,182,0,1,0,0,0,0,1,0,0,1,0,0,0,0,1,0,0,0,1,3,0,2,0,2,537,8,1
L02010,49782694.32,163227.77,27701.98,0,159,1,0,0,0,0,0,0,0,1,0,0,1,0,0,0,1,0,0,5,0,0,2,2,1,871,10,0
L02011,24061157.41,406164.29,73570.15,0,17,0,0,1,0,0,1,0,0,0,0,0,1,0,0,0,1,0,0,5,2,0,1,0,1,215,9,0
L02012,24345691.75,346402.26,61415.59,0,37,0,1,0,0,0,0,1,0,0,0,0,0,0,1,0,1,0,0,8,3,0,3,4,0,887,18,1
L02013,28336004.19,363811.07,17829.63,0,100,1,0,0,0,0,0,1,0,0,0,0,1,0,0,0,1,0,0,0,1,1,2,1,0,734,5,0
L02014,45846124.56,350567.88,90608.25,0,289,0,1,0,0,0,1,0,0,0,1,0,0,0,0,1,0,0,0,4,1,2,2,0,0,622,9,0
L02015,40060823.18,158931.65,20863.72,1,172,0,0,1,0,0,0,1,0,0,1,0,0,0,0,1,0,0,0,4,3,1,5,1,2,778,16,1
L02016,22611390.48,54333.64,98969.12,0,342,0,0,0,0,1,0,1,0,0,0,1,0,0,0,0,0,0,0,2,1,3,2,1,0,659,9,0
L02017,35963093.37,139871.26,1723.74,0,66,0,0,0,0,1,1,0,0,0,0,0,0,1,0,0,0,0,1,1,2,1,1,2,1,313,8,1
L02018,29353151.39,416733.72,27084.85,0,190,1,0,0,0,0,1,0,0,0,0,0,1,0,0,0,0,0,0,6,4,0,5,2,1,938,18,0
L02019,24669115.73,490333.04,20786.17,0,42,0,0,0,1,0,0,0,1,0,1,0,0,0,0,1,0,0,0,0,0,0,0,0,0,0,0,0
L02020,9696557.06,249454.27,2385.35,1,122,1,0,0,0,0,0,0,0,1,0,0,0,1,0,0,0,0,1,7,4,0,3,2,0,532,16,0
L02021,23250419.55,9801.68,73504.42,1,277,0,0,0,1,0,0,0,0,1,0,0,0,1,0,1,0,0,0,4,1,2,6,3,2,1439,18,1
L02022,12366347.49,74322.18,69649.15,0,342,0,1,0,0,0,1,0,0,0,0,1,0,0,0,0,1,0,0,4,3,1,3,3,1,1030,15,1
L02023,45750623.28,164429.88,79442.75,0,195,0,1,0,0,0,1,0,0,0,0,0,0,1,0,0,1,0,0,4,6,0,1,3,4,705,18,1
L02024,16836799.99,291399.75,26413.16,0,332,0,0,1,0,0,0,1,0,0,0,0,0,1,0,0,0,0,0,2,3,1,2,1,2,920,11,0
L02025,47617974.33,42171.35,44989.18,1,124,0,0,0,1,0,0,0,1,0,0,0,0,0,1,0,0,0,0,0,1,0,1,0,0,70,2,0
L02026,26699458.98,471961.86,66252.24,0,95,0,0,1,0,0,0,0,1,0,0,1,0,0,0,0,1,0,0,0,0,0,0,0,0,0,0,0
L02027,31614064.5,185716.42,44537.08,0,156,0,0,0,0,1,1,0,0,0,0,1,0,0,0,0,1,0,0,4,1,4,1,1,0,1023,11,1
L02028,27192728.18,456729.19,70035.25,0,39,0,0,0,1,0,0,1,0,0,0,0,1,0,0,0,0,0,1,2,3,0,1,0,1,168,7,0
L02029,6556092.79,391358.29,63763.37,1,359,1,0,0,0,0,0,1,0,0,0,0,0,1,0,0,1,0,0,2,1,1,2,0,1,621,7,1
L02030,18853478.83,378941.45,12350.13,0,172,0,0,0,0,1,0,0,0,1,0,0,1,0,0,1,0,0,0,7,3,1,1,1,3,611,16,1
L02031,5047391.0,305326.19,78323.27,0,172,0,0,0,0,1,0,0,0,1,1,0,0,0,0,0,1,0,0,5,3,2,4,3,0,1167,17,0
L02032,31185406.8,315257.99,72346.96,0,119,1,0,0,0,0,0,1,0,0,0,0,0,1,0,0,0,0,1,2,0,2,1,1,1,622,7,0
L02033,22399022.34,320811.6,65927.6,0,272,0,0,0,0,1,0,0,0,1,1,0,0,0,0,1,0,0,0,0,0,1,0,0,1,261,2,0
L02034,38921450.08,316217.09,16354.27,0,357,0,0,0,1,0,1,0,0,0,0,0,0,0,1,1,0,0,0,3,5,1,1,4,1,1190,15,1
L02035,11101477.0,279095.47,27531.65,1,363,0,0,1,0,0,0,1,0,0,0,0,0,1,0,0,1,0,0,3,3,2,2,2,0,497,12,0
L02036,8311846.32,493274.94,39924.53,1,345,0,0,0,0,1,0,0,0,1,0,0,1,0,0,0,0,0,1,7,5,0,1,1,1,158,15,0
L02037,20375978.33,367483.83,28713.03,0,318,0,0,0,1,0,0,0,1,0,0,0,1,0,0,0,0,0,0,7,2,0,6,0,0,915,15,0
L02038,46336610.62,389588.46,23553.22,1,260,0,1,0,0,0,0,1,0,0,0,0,0,1,0,1,0,0,0,2,0,1,1,0,1,244,5,1
L02039,35550048.57,436869.09,80730.41,0,280,0,0,0,1,0,0,1,0,0,0,0,1,0,0,0,0,0,0,5,1,0,2,3,1,790,12,1
L02040,21004288.88,111741.68,64184.99,0,328,0,0,1,0,0,0,0,1,0,0,0,0,1,0,0,0,0,0,0,0,1,1,0,0,223,2,1
L02041,25911881.27,46483.06,56981.74,1,123,0,0,0,1,0,1,0,0,0,0,1,0,0,0,0,0,0,0,2,4,3,3,3,0,1320,15,0
L02042,4302229.26,244032.75,23369.32,0,277,1,0,0,0,0,0,0,1,0,0,0,1,0,0,0,0,1,0,3,1,1,4,1,2,700,12,0
L02043,49230337.23,259469.94,91889.58,0,92,0,0,1,0,0,0,1,0,0,0,0,0,1,0,0,0,1,0,6,5,1,4,1,1,632,18,0
L02044,33353724.5,415444.98,19927.12,1,34,0,1,0,0,0,1,0,0,0,0,0,0,1,0,0,0,0,0,4,3,1,3,2,2,579,15,1
L02045,14341663.02,224672.87,79700.14,0,310,1,0,0,0,0,0,0,0,1,0,0,1,0,0,0,1,0,0,0,0,0,1,1,0,457,2,0
L02046,29331838.87,287572.25,96700.59,0,127,0,0,0,1,0,0,0,0,1,0,1,0,0,0,0,0,0,1,1,1,0,0,0,0,0,2,0
L02047,5563170.07,265900.11,72982.18,1,19,0,0,1,0,0,0,0,0,1,0,0,1,0,0,0,0,0,0,5,2,0,3,1,4,508,15,0
L02048,48295249.77,23910.38,99293.02,0,260,0,1,0,0,0,0,1,0,0,0,0,0,1,0,0,0,1,0,2,2,1,3,0,1,413,9,1
L02049,8821770.9,309531.37,65454.06,0,166,1,0,0,0,0,0,0,1,0,0,1,0,0,0,0,0,0,0,0,0,0,0,0,0,0,0,0
L02050,32436712.87,414881.43,22528.57,0,318,0,1,0,0,0,1,0,0,0,1,0,0,0,0,0,0,1,0,2,0,1,1,0,0,261,4,1
L02051,12348177.68,82962.77,21178.13,0,235,0,0,0,1,0,0,0,0,1,0,0,0,0,1,0,0,0,0,6,7,1,1,2,0,663,17,1
L02052,35906312.99,299194.21,33131.86,0,31,0,1,0,0,0,1,0,0,0,0,0,1,0,0,0,0,1,0,3,0,1,1,1,1,499,7,0
L02053,38863386.23,298837.22,1705.87,0,230,0,0,0,0,1,0,1,0,0,0,0,0,1,0,0,0,1,0,6,2,3,1,0,2,596,14,1
L02054,33703644.47,86271.56,68488.15,0,190,1,0,0,0,0,0,0,0,1,0,1,0,0,0,0,0,0,1,2,3,1,1,0,0,194,7,0
L02055,30763523.07,66114.47,27598.11,0,329,0,1,0,0,0,0,1,0,0,0,1,0,0,0,0,0,0,0,4,0,0,0,0,0,0,4,0
L02056,44634207.79,490125.71,81703.14,0,144,0,0,0,1,0,0,0,1,0,1,0,0,0,0,0,0,0,0,4,4,2,2,2,2,1148,16,1
L02057,4023472.88,199890.99,36558.09,0,100,0,0,0,1,0,0,1,0,0,0,0,1,0,0,0,0,0,0,3,1,0,2,1,1,641,8,1
L02058,16612646.81,117573.76,48515.69,1,78,0,1,0,0,0,0,1,0,0,0,1,0,0,0,0,0,1,0,5,0,2,6,2,0,1500,15,0
L02059,12489545.23,89805.65,96603.2,0,159,0,0,0,1,0,0,0,1,0,1,0,0,0,0,1,0,0,0,1,3,1,2,2,2,680,11,1
L02060,49401896.71,335462.85,24975.04,1,254,0,0,1,0,0,1,0,0,0,0,0,0,1,0,0,1,0,0,1,3,1,2,4,1,746,12,0
L02061,19530550.01,306675.42,72404.16,0,278,0,0,1,0,0,0,0,1,0,1,0,0,0,0,0,0,0,0,5,2,0,1,5,0,809,13,0
L02062,36657373.69,323558.3,75756.66,0,187,0,0,1,0,0,0,0,1,0,0,0,1,0,0,0,0,0,1,4,2,1,1,1,0,639,9,1
L02063,34267785.68,48562.98,22878.82,0,209,0,0,0,0,1,0,1,0,0,1,0,0,0,0,1,0,0,0,2,1,0,1,2,0,595,6,1
L02064,10682853.75,447299.62,50598.69,0,240,0,1,0,0,0,1,0,0,0,0,1,0,0,0,0,1,0,0,7,4,2,1,3,2,968,19,1
L02065,12025984.24,197686.87,35669.99,0,55,0,0,0,0,1,0,0,0,1,0,1,0,0,0,0,0,0,0,5,1,4,7,2,0,2060,19,1
L02066,14136099.72,160117.86,77418.72,0,136,0,0,0,1,0,0,0,1,0,0,0,0,0,1,0,0,0,0,2,2,0,6,1,3,944,14,1
L02067,20615251.19,233868.92,62625.85,1,105,0,0,0,0,1,1,0,0,0,1,0,0,0,0,0,0,0,0,0,1,1,2,1,1,783,6,1
L02068,11792820.78,198082.7,48122.32,0,68,0,0,0,1,0,0,0,1,0,0,0,0,1,0,0,0,1,0,4,2,1,1,2,2,475,12,1
L02069,1080608.99,432470.62,78156.96,1,189,0,0,0,1,0,0,0,1,0,0,0,1,0,0,1,0,0,0,0,0,1,1,1,2,420,5,1
L02070,43981713.53,464984.18,24280.4,0,191,1,0,0,0,0,0,0,1,0,0,0,0,0,1,1,0,0,0,2,2,0,2,1,0,427,7,0
L02071,48283930.59,155209.34,75608.57,0,277,0,0,1,0,0,0,0,1,0,1,0,0,0,0,0,1,0,0,6,3,0,4,1,2,891,16,0
L02072,17144362.31,432648.22,86672.06,0,31,0,0,0,1,0,0,1,0,0,0,0,0,1,0,0,0,0,0,2,5,2,3,3,0,1003,15,1
L02073,16991493.28,391853.95,87983.54,0,174,1,0,0,0,0,1,0,0,0,0,0,0,0,1,0,1,0,0,5,4,0,4,4,2,1301,19,1
L02074,453881.46,465749.8,78583.69,1,257,0,0,1,0,0,1,0,0,0,0,1,0,0,0,0,0,1,0,3,0,1,5,0,0,827,9,0
L02075,34044509.35,126646.4,41393.4,0,122,0,0,0,1,0,1,0,0,0,0,0,1,0,0,0,0,0,1,1,2,1,1,1,0,634,6,0
L02076,41289450.8,290594.78,98198.99,0,84,0,0,0,1,0,0,0,1,0,1,0,0,0,0,0,0,0,1,0,0,0,0,0,0,0,0,0
L02077,7415754.19,140899.57,38579.77,0,215,0,0,0,0,1,0,1,0,0,0,0,0,1,0,0,0,0,0,5,2,0,3,3,1,618,14,0
L02078,8067350.83,412926.77,64223.91,0,215,0,0,0,0,1,0,0,1,0,0,1,0,0,0,0,1,0,0,6,0,1,4,2,1,986,14,0
L02079,39525154.17,7635.47,16946.34,1,13,0,0,1,0,0,0,0,1,0,0,0,0,0,1,0,0,1,0,3,2,1,1,2,3,745,12,1
L02080,30852908.34,284585.49,98064.44,0,36,0,0,0,1,0,1,0,0,0,0,0,1,0,0,0,1,0,0,1,1,2,0,0,1,281,5,0
L02081,2338541.83,172905.7,70694.61,0,26,0,1,0,0,0,0,0,1,0,0,0,0,0,1,0,1,0,0,2,1,3,4,0,1,765,11,0
L02082,31165094.82,164728.44,75584.38,0,151,0,0,0,0,1,0,0,0,1,0,0,0,0,1,0,0,0,1,1,2,3,5,2,0,1623,13,0
L02083,15514994.37,324228.63,7511.89,1,63,0,0,1,0,0,0,0,1,0,0,0,0,1,0,0,1,0,0,2,0,0,1,1,0,388,4,0
L02084,18499385.26,426484.8,76578.36,0,69,0,0,0,1,0,0,0,0,1,0,1,0,0,0,0,0,1,0,4,1,1,5,3,0,876,14,0
L02085,38509597.77,306551.72,77697.62,0,153,0,0,0,1,0,0,0,1,0,1,0,0,0,0,0,0,0,1,2,2,1,0,0,0,118,5,0
L02086,40565666.11,427320.62,67505.5,0,252,0,1,0,0,0,0,1,0,0,0,0,0,1,0,0,1,0,0,4,2,2,4,1,0,1127,13,0
L02087,20077795.68,135975.57,29899.05,1,270,0,0,1,0,0,0,1,0,0,0,0,1,0,0,0,1,0,0,5,1,0,0,0,0,0,6,0
L02088,47362931.51,262153.42,49479.31,0,28,0,0,0,1,0,1,0,0,0,0,0,0,0,1,0,0,1,0,3,0,0,0,0,1,0,4,1
L02089,20382489.63,228015.59,11933.0,0,73,0,0,0,0,1,0,0,1,0,0,0,1,0,0,0,0,0,0,6,1,0,0,2,1,429,10,1
L02090,38614618.16,10764.23,47687.12,0,283,0,1,0,0,0,0,0,0,1,0,0,0,1,0,0,0,0,1,11,1,2,2,2,0,1138,18,0
L02091,24245475.5,280622.01,25138.56,0,58,0,0,1,0,0,0,0,0,1,0,0,0,1,0,0,0,0,1,1,2,1,0,0,1,174,5,0
L02092,44886863.09,332454.54,35560.6,0,242,0,1,0,0,0,0,0,1,0,1,0,0,0,0,0,0,1,0,4,2,1,2,1,3,559,13,1
L02093,45397286.06,297997.63,17097.44,0,328,0,0,0,0,1,0,0,0,1,0,0,0,0,1,0,0,1,0,4,1,1,6,3,2,1801,17,1
L02094,4462098.71,369458.55,23775.38,0,148,0,0,1,0,0,0,1,0,0,0,0,0,1,0,1,0,0,0,1,0,0,1,1,0,223,3,0
L02095,46831017.23,287813.07,8580.3,0,9,0,1,0,0,0,0,0,0,1,0,0,1,0,0,0,0,1,0,8,0,3,6,0,0,1696,17,0
L02096,41294188.59,38041.38,92070.24,0,131,1,0,0,0,0,1,0,0,0,1,0,0,0,0,0,0,1,0,0,0,1,1,0,1,349,3,1
L02097,39586404.64,62640.53,53510.66,0,61,0,0,0,0,1,0,1,0,0,0,0,1,0,0,0,0,1,0,3,4,3,3,2,4,511,19,1
L02098,10125475.85,300254.92,40277.46,1,261,0,0,0,0,1,0,1,0,0,0,0,0,0,1,0,0,1,0,1,6,1,3,2,1,615,14,0
L02099,40275448.52,141114.7,53967.89,1,217,0,0,0,0,1,0,1,0,0,1,0,0,0,0,0,0,0,0,4,2,0,2,3,1,517,12,0
L02100,42521623.46,44424.34,63201.03,0,231,1,0,0,0,0,0,0,1,0,1,0,0,0,0,0,1,0,0,5,3,2,2,1,2,970,15,0
L02101,14528601.69,217653.36,92266.0,0,335,1,0,0,0,0,0,0,1,0,1,0,0,0,0,0,0,0,0,0,0,1,0,0,0,48,1,0
L02102,47617777.91,279389.69,18690.6,1,71,0,0,0,1,0,0,1,0,0,0,1,0,0,0,0,0,0,1,2,1,1,2,0,0,544,6,0
L02103,2588021.31,167729.26,30259.7,0,15,0,1,0,0,0,0,0,1,0,1,0,0,0,0,0,0,1,0,3,1,0,0,0,0,0,4,0
L02104,7580471.74,361614.68,97603.14,0,37,0,0,0,1,0,0,0,0,1,0,0,1,0,0,0,1,0,0,7,4,0,1,2,0,440,14,0
L02105,26925298.79,323666.45,37748.11,1,176,0,1,0,0,0,0,0,1,0,0,0,1,0,0,1,0,0,0,4,8,0,1,2,3,264,18,1
L02106,28832044.31,169745.09,3233.6,0,320,1,0,0,0,0,0,0,1,0,0,0,0,0,1,0,0,1,0,0,1,0,1,1,0,320,3,0
L02107,32292989.16,378661.9,15616.71,0,82,1,0,0,0,0,0,1,0,0,0,0,0,1,0,0,0,1,0,0,0,0,0,0,0,0,0,1
L02108,946759.55,326104.05,3607.53,0,16,0,0,0,1,0,1,0,0,0,0,0,0,1,0,0,1,0,0,3,5,1,3,2,2,922,16,1
L02109,48022302.05,320535.46,99002.39,0,155,0,0,1,0,0,1,0,0,0,0,1,0,0,0,0,0,0,1,0,0,0,0,0,0,0,0,0
L02110,2324945.83,278946.71,28608.21,0,171,0,0,0,1,0,1,0,0,0,1,0,0,0,0,0,1,0,0,2,1,3,2,4,1,1104,13,1
L02111,7238791.44,10637.89,92430.73,1,69,0,1,0,0,0,0,0,0,1,0,1,0,0,0,0,0,0,0,2,4,0,2,0,0,523,8,0
L02112,799324.42,349771.06,99592.74,0,70,0,0,0,1,0,0,0,1,0,0,0,0,0,1,0,0,0,0,5,1,0,1,1,0,385,8,1
L02113,28386235.82,191140.69,60384.28,0,254,0,0,0,0,1,1,0,0,0,0,0,0,0,1,0,1,0,0,3,4,1,4,0,3,676,15,1
L02114,46620117.51,471591.81,4286.44,1,130,0,1,0,0,0,0,1,0,0,0,0,0,1,0,0,0,0,0,0,1,0,0,1,1,195,3,1
L02115,33330763.59,409902.46,9077.57,0,48,0,1,0,0,0,1,0,0,0,0,0,0,0,1,0,0,0,0,5,3,0,1,0,1,206,10,0
L02116,41150607.68,295908.76,48677.32,0,20,0,0,1,0,0,1,0,0,0,1,0,0,0,0,1,0,0,0,1,0,1,2,0,0,600,4,0
L02117,762732.05,129830.08,41211.03,0,319,1,0,0,0,0,0,0,1,0,0,0,1,0,0,0,0,1,0,1,0,0,0,0,0,0,1,0
L02118,27146563.39,105840.11,61011.55,1,219,0,1,0,0,0,0,0,1,0,0,0,0,0,1,0,0,0,1,2,4,1,2,1,1,653,11,0
L02119,23032192.58,173490.49,44445.93,0,186,1,0,0,0,0,0,0,1,0,0,1,0,0,0,0,0,1,0,3,7,1,4,1,1,925,17,1
L02120,24998500.42,240901.13,93473.61,0,31,0,0,0,1,0,0,0,0,1,1,0,0,0,0,1,0,0,0,1,3,2,2,0,0,358,8,0
L02121,3703437.95,151552.43,53939.23,0,202,0,0,0,0,1,0,0,0,1,0,0,0,0,1,1,0,0,0,3,4,2,2,0,2,501,13,1
L02122,34253324.52,259890.1,69678.88,0,275,0,0,1,0,0,1,0,0,0,0,0,0,0,1,0,0,0,1,0,0,0,0,0,0,0,0,0
L02123,25210698.7,86858.36,89752.04,0,241,1,0,0,0,0,0,0,1,0,1,0,0,0,0,0,1,0,0,0,1,0,3,4,0,761,8,0
L02124,38280927.61,488967.84,15540.32,0,15,0,1,0,0,0,1,0,0,0,0,0,0,0,1,0,0,0,0,0,0,0,0,0,0,0,0,1
L02125,24316002.64,58422.65,23743.73,0,315,1,0,0,0,0,0,1,0,0,0,0,1,0,0,1,0,0,0,2,3,5,5,0,2,1709,17,1
L02126,7554143.65,466312.35,11624.55,0,172,0,1,0,0,0,0,1,0,0,0,0,0,1,0,0,0,0,1,0,0,0,0,0,0,0,0,0
L02127,32448022.01,457221.12,14824.2,0,136,1,0,0,0,0,0,0,1,0,1,0,0,0,0,0,0,0,0,0,1,0,3,1,0,833,5,1
L02128,8702079.47,265053.44,51745.81,0,178,0,1,0,0,0,0,0,1,0,0,1,0,0,0,0,0,0,1,5,3,2,5,3,1,1740,19,0
L02129,43632488.71,363830.58,32796.75,0,358,0,0,0,1,0,0,1,0,0,0,0,0,0,1,0,0,0,1,2,3,0,0,0,0,0,5,0
L02130,30694500.33,220843.91,42894.11,1,60,0,1,0,0,0,0,0,1,0,0,0,0,1,0,0,0,0,0,3,2,2,5,1,0,1227,13,0
L02131,7944473.79,316867.12,98266.49,1,103,0,1,0,0,0,0,0,0,1,0,1,0,0,0,0,0,0,0,6,3,6,1,1,2,1267,19,1
L02132,48120669.07,173585.09,16513.73,1,316,0,0,0,0,1,0,0,0,1,0,1,0,0,0,0,1,0,0,0,2,1,2,1,0,746,6,0
L02133,25966436.62,154073.71,54540.4,0,194,0,1,0,0,0,0,0,1,0,0,0,1,0,0,0,0,0,1,3,1,0,3,0,0,297,7,0
L02134,3737632.75,291223.74,10788.24,0,255,0,0,0,0,1,0,1,0,0,0,0,0,1,0,0,0,0,0,4,5,3,2,2,0,895,16,0
L02135,31378961.93,251574.19,32531.14,0,75,0,0,1,0,0,1,0,0,0,1,0,0,0,0,1,0,0,0,3,0,0,0,0,1,0,4,0
L02136,12734625.46,291870.5,53225.07,0,270,0,0,0,0,1,0,0,1,0,0,0,0,1,0,1,0,0,0,4,6,0,3,3,2,1026,18,1
L02137,40204303.25,146896.99,94716.54,0,180,0,0,0,1,0,0,0,1,0,0,0,0,1,0,0,1,0,0,6,1,2,2,1,1,804,13,0
L02138,40909321.47,186644.13,39731.59,0,131,0,0,0,0,1,1,0,0,0,0,1,0,0,0,0,1,0,0,3,0,2,0,0,1,113,6,0
L02139,48949473.06,46529.49,7425.76,0,150,0,0,1,0,0,0,0,1,0,0,0,1,0,0,0,0,1,0,1,2,1,2,2,3,433,11,1
L02140,25143289.6,30876.8,39427.98,0,154,0,0,0,1,0,1,0,0,0,0,0,1,0,0,0,0,1,0,2,1,1,1,4,0,832,9,0
L02141,22802348.3,130461.28,15428.38,0,358,1,0,0,0,0,0,1,0,0,0,0,0,1,0,0,0,0,0,2,0,1,0,0,1,198,4,0
L02142,37698432.71,41752.2,23768.97,0,234,1,0,0,0,0,0,0,0,1,0,0,0,1,0,0,0,1,0,1,3,2,5,4,1,1187,16,1
L02143,6710285.75,56368.48,62190.97,0,247,0,0,0,0,1,0,1,0,0,0,0,0,0,1,1,0,0,0,4,4,0,2,1,1,454,12,0
L02144,27391084.14,407399.56,7674.96,0,164,0,0,0,0,1,0,0,0,1,0,1,0,0,0,0,1,0,0,5,4,2,2,1,1,674,15,0
L02145,27357755.25,24242.48,47007.65,1,204,0,0,1,0,0,1,0,0,0,1,0,0,0,0,0,0,0,0,4,3,1,2,0,0,213,10,0
L02146,4564708.83,331176.68,61336.7,0,164,0,0,1,0,0,0,0,0,1,1,0,0,0,0,1,0,0,0,0,0,0,0,0,0,0,0,0
L02147,20957405.87,139916.09,42763.98,0,212,0,1,0,0,0,0,1,0,0,0,0,1,0,0,1,0,0,0,9,3,0,3,1,1,782,17,1
L02148,42678911.45,436415.11,2893.51,1,253,0,0,1,0,0,0,0,0,1,0,1,0,0,0,0,0,0,0,0,0,0,0,0,0,0,0,0
L02149,42822065.74,245071.18,98566.42,0,156,0,1,0,0,0,1,0,0,0,0,0,1,0,0,0,0,0,1,6,1,1,1,3,1,631,13,1
L02150,5051959.48,156260.35,37344.46,0,176,0,0,0,1,0,0,0,0,1,1,0,0,0,0,1,0,0,0,0,0,0,0,0,1,0,1,0
L02151,4626972.05,261231.27,78079.14,0,74,0,0,0,0,1,0,0,1,0,0,0,0,1,0,0,0,0,0,3,2,0,1,0,0,85,6,1
L02152,13208504.3,194069.22,33239.0,0,177,0,0,0,1,0,0,1,0,0,0,1,0,0,0,0,0,0,0,3,0,2,0,2,0,649,7,0
L02153,43750826.52,284329.03,48026.66,0,283,0,0,1,0,0,0,0,1,0,0,1,0,0,0,0,1,0,0,0,1,1,3,2,2,607,9,1
L02154,6532239.0,61693.77,39457.9,0,329,0,0,0,1,0,1,0,0,0,0,0,0,0,1,0,0,0,0,4,6,2,3,1,0,947,16,1
L02155,36027840.45,498510.3,34911.38,0,132,0,0,0,1,0,0,0,0,1,0,0,0,1,0,1,0,0,0,1,0,0,0,0,0,0,1,0
L02156,5148164.42,215650.16,3163.29,1,124,0,0,0,1,0,0,0,1,0,0,0,0,1,0,0,0,0,1,0,0,0,0,0,0,0,0,0
L02157,31194578.9,177374.17,36642.07,0,311,0,0,1,0,0,0,0,1,0,0,0,1,0,0,0,0,0,0,0,2,0,2,0,0,364,4,0
L02158,17867758.23,356553.87,89059.51,0,319,0,0,0,1,0,0,0,0,1,0,1,0,0,0,0,0,0,0,2,2,1,1,0,0,476,6,0
L02159,39466806.75,185130.21,69348.94,0,126,0,1,0,0,0,0,0,0,1,0,0,1,0,0,1,0,0,0,1,3,0,3,0,0,361,7,0
L02160,11761153.4,417470.78,15396.86,0,344,0,0,1,0,0,0,1,0,0,0,0,0,1,0,1,0,0,0,5,5,3,3,1,2,1123,19,0
L02161,31996171.29,229864.01,59524.35,1,224,0,0,0,1,0,0,0,1,0,0,0,0,0,1,0,1,0,0,2,2,1,5,4,1,1380,15,1
L02162,11860558.48,361181.41,89330.86,0,16,0,0,1,0,0,0,0,1,0,0,1,0,0,0,0,0,0,1,4,1,1,3,2,0,240,11,0
L02163,35711648.13,58189.34,70303.37,1,352,1,0,0,0,0,1,0,0,0,0,0,0,1,0,0,1,0,0,3,2,1,4,1,1,972,12,1
L02164,43696533.92,423829.0,15719.75,0,310,0,1,0,0,0,0,1,0,0,0,0,0,0,1,0,0,0,1,4,0,1,3,1,2,641,11,1
L02165,6427409.78,369180.4,86915.42,1,245,0,0,0,1,0,1,0,0,0,1,0,0,0,0,0,1,0,0,5,2,1,3,0,0,412,11,0
L02166,43343124.86,109799.81,30852.86,0,136,1,0,0,0,0,0,0,1,0,0,0,0,1,0,0,0,0,1,4,4,1,0,1,1,255,11,1
L02167,29719405.2,76916.57,45953.54,0,216,1,0,0,0,0,1,0,0,0,1,0,0,0,0,0,1,0,0,4,0,2,2,4,4,1499,16,1
L02168,6442813.49,161564.71,53088.13,0,195,0,0,1,0,0,0,0,1,0,0,0,1,0,0,0,0,0,0,4,0,0,4,1,0,740,9,1
L02169,21434338.58,488154.94,85200.15,0,200,1,0,0,0,0,0,0,1,0,1,0,0,0,0,1,0,0,0,0,0,0,0,0,0,0,0,0
L02170,8126928.64,132131.63,93229.14,0,206,0,1,0,0,0,1,0,0,0,0,0,0,1,0,1,0,0,0,1,4,3,3,1,0,1259,12,0
L02171,35047359.65,230782.97,93035.63,1,15,0,1,0,0,0,1,0,0,0,1,0,0,0,0,0,0,0,0,8,4,2,2,1,1,726,18,1
L02172,37967519.91,19860.01,1787.46,0,12,0,0,0,0,1,0,0,0,1,0,1,0,0,0,0,0,1,0,4,3,1,0,1,1,286,10,0
L02173,5379246.36,201627.63,92266.96,0,77,0,1,0,0,0,0,0,0,1,0,0,0,1,0,1,0,0,0,2,2,1,3,2,1,1003,11,0
L02174,25356378.65,287803.41,6384.31,0,213,1,0,0,0,0,0,0,0,1,0,0,0,0,1,0,1,0,0,6,5,0,0,0,0,0,11,0
L02175,40749790.3,476796.68,27311.59,0,340,0,1,0,0,0,0,0,1,0,1,0,0,0,0,0,0,1,0,2,3,4,2,1,1,977,13,0
L02176,46814535.77,260784.34,51983.8,1,328,0,0,1,0,0,1,0,0,0,0,1,0,0,0,1,0,0,0,4,2,0,3,0,1,564,10,1
L02177,25724541.55,410458.13,48512.64,0,118,0,0,0,0,1,0,1,0,0,0,0,1,0,0,0,0,1,0,0,0,0,1,0,1,155,2,1
L02178,47518933.26,275828.18,60866.27,0,180,1,0,0,0,0,0,0,1,0,0,0,1,0,0,0,0,0,1,2,2,0,1,2,0,585,7,1
L02179,26830879.63,25188.58,48465.18,0,323,0,0,0,0,1,0,1,0,0,1,0,0,0,0,1,0,0,0,1,2,1,4,1,1,1024,10,1
L02180,19770105.68,160929.1,93503.19,0,329,1,0,0,0,0,1,0,0,0,0,0,1,0,0,0,0,0,1,3,5,1,2,0,2,452,13,0
L02181,42425336.11,289897.01,24814.34,0,354,0,0,1,0,0,0,0,1,0,0,0,0,0,1,0,0,1,0,1,0,0,2,0,0,304,3,0
L02182,24699837.25,475544.01,28128.44,0,136,0,0,0,0,1,0,1,0,0,0,0,0,1,0,0,0,0,0,4,2,1,1,0,2,251,10,0
L02183,23647935.28,430269.53,92153.06,0,178,0,0,0,1,0,0,1,0,0,0,1,0,0,0,0,1,0,0,2,0,0,0,1,0,138,3,0
L02184,24566593.22,118036.03,8597.21,0,207,1,0,0,0,0,0,0,0,1,1,0,0,0,0,0,0,0,1,3,1,2,2,2,1,997,11,0
L02185,42354571.59,113954.37,61346.52,0,53,0,0,0,1,0,0,0,0,1,0,0,1,0,0,0,1,0,0,3,2,1,1,1,1,536,9,0
L02186,41613882.93,104580.62,68491.86,0,78,0,0,0,0,1,0,0,0,1,0,0,0,1,0,0,0,0,1,1,1,0,1,0,2,263,5,1
L02187,20235647.62,461636.95,51048.63,0,270,0,0,0,1,0,0,0,1,0,0,0,0,0,1,0,0,0,0,2,0,0,1,0,0,214,3,1
L02188,16731663.01,427069.75,69728.96,0,117,0,0,0,1,0,1,0,0,0,0,0,1,0,0,1,0,0,0,1,0,1,0,0,0,46,2,0
L02189,24647208.4,388567.3,18102.71,0,105,0,0,0,0,1,1,0,0,0,0,0,1,0,0,0,0,0,0,4,6,0,3,2,2,449,17,0
L02190,28681348.24,199403.88,85410.59,0,104,0,0,1,0,0,0,0,0,1,0,1,0,0,0,0,0,1,0,4,5,1,4,0,1,956,15,0
L02191,11993026.81,254668.45,14862.54,0,302,0,0,0,1,0,0,0,0,1,0,0,0,0,1,0,0,0,0,0,2,0,0,0,0,0,2,0
L02192,39718358.73,234844.21,40680.43,0,117,0,0,0,1,0,0,0,0,1,0,0,0,0,1,0,0,1,0,0,2,0,3,1,2,581,8,1
L02193,24375490.01,130432.06,8450.5,1,228,0,0,1,0,0,0,1,0,0,1,0,0,0,0,0,1,0,0,1,3,2,0,0,2,271,8,0
L02194,16768872.87,254988.88,54975.9,0,147,0,0,0,1,0,0,0,0,1,0,1,0,0,0,1,0,0,0,5,2,1,5,0,2,858,15,1
L02195,5430367.55,20095.79,67304.83,0,353,0,0,0,1,0,0,1,0,0,1,0,0,0,0,1,0,0,0,1,1,0,1,2,1,716,6,1
L02196,12018373.5,70246.13,94180.94,0,149,0,0,0,1,0,1,0,0,0,0,1,0,0,0,0,1,0,0,4,4,1,6,1,2,1272,18,0
L02197,47469130.47,443861.85,74194.28,0,303,0,1,0,0,0,0,0,1,0,0,0,0,0,1,0,0,0,1,1,1,0,1,0,0,176,3,1
L02198,15324474.37,377081.48,54569.19,1,255,0,0,1,0,0,0,0,1,0,0,1,0,0,0,0,0,0,1,3,0,0,1,0,0,269,4,0
L02199,8526078.54,214319.86,93329.08,1,81,0,0,0,1,0,0,0,1,0,0,1,0,0,0,0,0,0,0,4,5,3,3,1,2,1090,18,0
L02200,23087572.3,260989.43,48365.25,0,15,0,0,1,0,0,0,0,1,0,0,1,0,0,0,0,0,0,1,0,0,0,0,0,0,0,0,0
L02201,15423678.39,188149.45,56559.36,0,192,1,0,0,0,0,0,1,0,0,0,0,0,1,0,0,0,1,0,3,1,0,1,0,2,157,7,1
L02202,1854446.59,371686.03,60013.75,0,210,1,0,0,0,0,0,1,0,0,0,0,0,1,0,0,0,0,0,1,1,2,1,2,1,584,8,0
L02203,16224946.34,393172.65,41587.99,0,73,0,0,0,1,0,0,0,0,1,0,0,0,0,1,0,0,0,0,2,2,0,1,1,0,124,6,1
L02204,27251020.33,382826.17,84009.79,0,276,0,0,1,0,0,0,1,0,0,0,1,0,0,0,1,0,0,0,2,3,1,0,1,0,381,7,1
L02205,27630447.36,362692.8,19332.42,1,60,0,0,1,0,0,0,0,0,1,0,0,0,0,1,0,0,0,1,6,3,1,3,4,2,1650,19,1
L02206,17892290.17,106229.65,55929.38,0,23,0,0,1,0,0,0,0,0,1,0,0,0,1,0,1,0,0,0,3,3,1,1,3,1,631,12,0
L02207,22420407.54,172295.14,72501.09,1,22,0,1,0,0,0,0,0,1,0,0,1,0,0,0,1,0,0,0,2,2,3,5,0,4,1287,16,1
L02208,48279344.12,237573.49,90493.64,1,342,1,0,0,0,0,0,1,0,0,1,0,0,0,0,1,0,0,0,5,6,1,1,0,1,354,14,0
L02209,18929689.01,168742.53,88507.92,1,257,0,0,1,0,0,0,1,0,0,0,0,0,1,0,0,0,0,0,0,1,1,1,0,0,452,3,1
L02210,12985517.98,378695.4,51365.29,0,197,0,0,1,0,0,0,0,0,1,0,0,0,1,0,0,0,0,1,1,1,1,6,1,1,1318,11,1
L02211,12249005.5,168029.99,64672.98,0,52,0,1,0,0,0,0,0,0,1,0,0,0,1,0,0,0,0,1,3,2,3,2,1,2,595,13,0
L02212,22942454.17,73424.88,40029.54,0,138,0,1,0,0,0,1,0,0,0,0,1,0,0,0,0,0,0,0,1,1,0,0,0,1,0,3,0
L02213,38000055.42,202525.02,47349.6,0,270,0,0,1,0,0,1,0,0,0,0,0,1,0,0,0,1,0,0,5,5,0,5,0,1,759,16,1
L02214,10378810.39,490057.64,90720.31,0,200,0,0,0,0,1,0,0,0,1,1,0,0,0,0,0,0,0,1,4,2,1,4,0,3,470,14,0
L02215,35493876.74,116811.3,93139.7,0,163,0,0,1,0,0,1,0,0,0,1,0,0,0,0,0,0,1,0,1,3,1,2,1,5,648,13,1
L02216,1155376.19,308018.54,89645.99,0,91,0,0,1,0,0,1,0,0,0,0,0,0,0,1,0,1,0,0,3,3,0,2,1,3,389,12,1
L02217,21004755.6,219321.66,14698.72,0,22,0,1,0,0,0,0,0,0,1,0,1,0,0,0,0,0,1,0,5,3,2,1,3,2,586,16,1
L02218,38815666.75,40157.16,85158.32,0,87,0,1,0,0,0,0,0,0,1,0,0,0,1,0,1,0,0,0,1,1,0,0,0,0,0,2,0
L02219,17002774.49,246498.92,94888.01,0,181,0,0,1,0,0,0,1,0,0,0,0,1,0,0,0,0,0,0,1,3,0,0,0,0,0,4,1
L02220,28230481.36,352571.34,36763.72,0,354,0,0,1,0,0,0,0,0,1,0,1,0,0,0,1,0,0,0,1,1,1,2,1,0,388,6,1
L02221,10328463.72,259043.89,52345.98,0,282,0,0,1,0,0,0,0,0,1,0,1,0,0,0,1,0,0,0,1,0,0,0,1,0,101,2,0
L02222,37125570.02,436692.5,78130.43,0,20,0,1,0,0,0,0,0,1,0,0,0,1,0,0,0,0,0,1,3,2,0,0,1,2,96,8,1
L02223,2708727.25,148023.82,56645.74,1,48,0,0,1,0,0,0,1,0,0,0,0,0,1,0,0,1,0,0,0,1,0,1,0,0,188,2,0
L02224,42641877.98,47693.34,99354.87,0,189,0,0,1,0,0,0,1,0,0,0,1,0,0,0,1,0,0,0,2,1,2,2,0,1,734,8,1
L02225,9989999.68,468599.98,46115.62,0,204,0,0,0,1,0,0,1,0,0,1,0,0,0,0,0,0,0,1,4,3,1,0,4,0,813,12,0
L02226,43732461.78,192207.19,71680.33,0,43,0,0,0,0,1,0,0,1,0,1,0,0,0,0,1,0,0,0,4,3,4,4,1,3,1647,19,1
L02227,17691209.14,290320.75,79466.52,0,299,1,0,0,0,0,0,0,0,1,0,0,1,0,0,0,0,0,1,7,4,3,1,1,3,1248,19,1
L02228,36161910.37,397041.55,49915.94,0,127,0,0,0,0,1,0,1,0,0,0,0,0,1,0,0,0,0,1,2,0,1,0,0,1,72,4,0
L02229,16029342.36,165535.26,85841.4,1,188,0,0,0,1,0,0,1,0,0,0,0,1,0,0,0,0,0,1,0,1,1,0,0,0,29,2,0
L02230,45304992.39,359501.45,55069.3,1,169,1,0,0,0,0,1,0,0,0,0,1,0,0,0,0,0,1,0,9,4,0,1,1,2,348,17,1
L02231,6419192.56,72032.33,41753.43,0,278,0,0,1,0,0,0,1,0,0,1,0,0,0,0,1,0,0,0,5,2,1,0,2,0,861,10,0
L02232,9008137.48,149190.4,11674.54,0,200,0,0,0,1,0,0,0,0,1,0,0,0,0,1,0,1,0,0,1,0,0,0,0,0,0,1,0
L02233,24702203.25,76631.76,39947.94,0,124,0,0,1,0,0,0,0,0,1,0,0,1,0,0,0,0,1,0,4,2,2,2,0,2,528,12,0
L02234,4188728.11,406559.13,73659.71,0,291,0,1,0,0,0,1,0,0,0,0,0,0,0,1,0,0,0,0,0,0,0,0,0,0,0,0,1
L02235,9879411.22,115211.37,92207.35,0,310,0,0,0,1,0,0,1,0,0,0,0,0,0,1,1,0,0,0,0,2,0,0,0,0,0,2,0
L02236,47193942.47,360114.76,25916.26,0,15,0,1,0,0,0,0,1,0,0,1,0,0,0,0,0,0,0,1,1,1,0,2,0,0,121,4,0
L02237,48826834.09,471932.71,36168.32,0,344,0,0,0,1,0,0,1,0,0,0,0,1,0,0,0,0,0,1,2,3,0,3,5,0,1024,13,1
L02238,18875340.53,266247.24,16242.14,0,273,0,0,0,1,0,0,0,1,0,0,0,0,0,1,0,0,0,1,5,3,1,2,3,2,1072,16,0
L02239,46171972.45,272314.45,69381.57,0,293,0,1,0,0,0,0,1,0,0,0,1,0,0,0,0,0,1,0,0,2,1,1,1,0,570,5,0
L02240,27286751.32,233211.62,96058.65,0,19,1,0,0,0,0,0,0,0,1,0,0,0,1,0,0,1,0,0,2,0,0,0,0,0,0,2,0
L02241,13560149.05,166315.62,64454.27,0,18,0,0,0,0,1,0,0,0,1,0,0,0,1,0,0,0,1,0,0,1,0,2,2,0,481,5,0
L02242,35149696.18,240449.24,62090.58,0,12,0,0,1,0,0,0,0,1,0,1,0,0,0,0,0,1,0,0,4,2,1,4,1,3,877,15,1
L02243,32979200.15,303389.73,55795.5,0,16,0,0,0,1,0,0,0,1,0,0,0,1,0,0,0,0,0,1,0,1,2,1,2,0,684,6,1
L02244,49457353.42,493065.83,9757.12,0,205,0,0,1,0,0,0,1,0,0,0,0,1,0,0,0,0,0,0,3,3,2,1,4,2,1153,15,1
L02245,13325859.64,469193.46,73220.88,0,29,0,1,0,0,0,1,0,0,0,0,0,0,1,0,0,0,0,1,4,5,1,2,4,1,993,17,1
L02246,33635769.18,431765.71,60602.9,0,298,0,0,1,0,0,0,0,1,0,0,1,0,0,0,0,1,0,0,0,0,0,0,0,0,0,0,0
L02247,2695985.38,445119.62,66486.2,0,303,0,1,0,0,0,0,0,1,0,0,0,0,1,0,0,0,0,0,4,2,1,4,4,2,1323,17,0
L02248,5770937.33,236585.35,89982.3,0,42,0,0,1,0,0,0,1,0,0,0,0,0,1,0,0,0,0,0,2,0,1,1,2,0,366,6,1
L02249,295526.91,330434.94,78612.12,0,92,0,0,0,0,1,0,1,0,0,0,0,1,0,0,0,0,1,0,5,2,0,2,0,1,578,10,0
L02250,49973087.98,448058.03,78310.61,0,65,0,0,0,0,1,0,0,1,0,0,0,0,0,1,0,0,0,1,8,6,1,3,0,1,782,19,1
L02251,40133457.49,199510.63,92791.19,0,118,0,0,0,0,1,1,0,0,0,0,1,0,0,0,0,1,0,0,0,2,1,0,2,1,438,6,1
L02252,39357478.44,481072.43,99003.56,0,308,0,0,0,0,1,0,0,1,0,0,0,1,0,0,0,0,0,0,6,2,2,2,2,1,724,15,0
L02253,25535331.16,210814.1,58546.99,0,71,0,0,0,0,1,0,1,0,0,0,0,0,1,0,0,0,0,1,0,0,0,0,0,0,0,0,1
L02254,15073347.44,302535.92,11779.28,0,333,0,0,0,0,1,0,1,0,0,0,0,0,0,1,0,0,0,0,4,3,0,2,0,2,438,11,1
L02255,7648087.79,356353.33,46453.86,1,161,0,1,0,0,0,0,0,1,0,0,1,0,0,0,1,0,0,0,1,2,1,0,3,1,598,8,0
L02256,14305269.47,475543.05,78972.51,0,329,0,0,0,1,0,1,0,0,0,1,0,0,0,0,1,0,0,0,4,0,0,2,1,2,646,9,1
L02257,18860963.97,126085.06,3744.81,0,327,0,0,1,0,0,0,0,1,0,0,1,0,0,0,0,0,0,0,5,4,1,4,3,1,1133,18,0
L02258,37839873.84,374334.83,6631.86,0,268,0,0,0,0,1,0,0,1,0,0,1,0,0,0,0,0,0,1,2,2,0,3,0,1,304,8,1
L02259,27029123.27,262803.72,7648.62,0,217,0,1,0,0,0,0,1,0,0,0,0,0,1,0,0,1,0,0,0,0,0,0,1,0,153,1,1
L02260,3966432.97,137935.78,73372.54,0,253,0,1,0,0,0,1,0,0,0,0,0,0,1,0,1,0,0,0,3,2,5,3,0,1,1209,14,0
L02261,999647.55,389420.39,50615.5,1,58,0,1,0,0,0,0,0,0,1,1,0,0,0,0,0,0,0,1,7,1,0,3,2,1,881,14,1
L02262,5206375.76,278350.03,37520.9,0,31,0,0,0,1,0,1,0,0,0,1,0,0,0,0,0,1,0,0,4,2,2,2,3,2,1442,15,1
L02263,20583885.81,332182.04,11456.09,0,338,0,0,1,0,0,0,0,1,0,1,0,0,0,0,0,0,0,1,3,2,0,2,2,1,573,10,1
L02264,46666326.56,164836.03,73491.78,0,119,0,0,0,1,0,0,0,1,0,0,0,1,0,0,0,0,0,1,6,2,1,2,1,4,599,16,1
L02265,31906383.81,243230.61,32780.96,0,309,1,0,0,0,0,0,0,1,0,0,0,1,0,0,0,0,1,0,0,0,0,3,1,0,403,4,0
L02266,40111112.4,310590.35,27267.08,1,1,0,1,0,0,0,1,0,0,0,0,0,0,1,0,1,0,0,0,1,2,1,0,0,1,194,5,0
L02267,23372092.27,205430.85,65579.6,0,117,1,0,0,0,0,0,1,0,0,0,0,0,1,0,0,0,0,0,5,7,0,4,1,1,649,18,0
L02268,18147137.55,103194.41,56342.08,0,36,0,0,0,0,1,0,0,1,0,1,0,0,0,0,0,1,0,0,2,1,1,2,0,1,504,7,0
L02269,5509178.6,481012.04,36878.65,1,96,0,0,0,0,1,0,0,1,0,0,0,1,0,0,0,0,0,1,6,0,1,3,2,1,979,13,0
L02270,43809057.81,258176.43,64507.26,0,358,0,0,0,1,0,1,0,0,0,0,0,0,0,1,0,1,0,0,3,2,0,5,1,2,644,13,1
L02271,39179685.45,368290.58,27850.93,0,256,0,0,1,0,0,0,0,0,1,0,0,1,0,0,0,0,1,0,2,2,0,0,0,0,0,4,0
L02272,8489093.07,208468.36,79688.2,1,127,1,0,0,0,0,0,0,0,1,0,0,0,1,0,0,0,0,0,2,1,2,2,0,0,439,7,0
L02273,25661802.14,180790.22,23702.58,0,358,0,0,1,0,0,0,1,0,0,0,0,1,0,0,0,0,0,0,3,6,0,3,1,4,644,17,1
L02274,24420002.92,206546.33,16724.93,0,155,0,0,0,1,0,0,1,0,0,0,0,0,1,0,0,0,0,1,3,2,2,5,1,2,1490,15,0
L02275,31292068.48,207552.34,78461.5,0,144,0,0,0,0,1,0,0,1,0,1,0,0,0,0,0,0,0,1,0,0,0,0,0,0,0,0,0
L02276,47314726.01,274369.16,71081.31,0,56,0,0,1,0,0,1,0,0,0,1,0,0,0,0,0,0,0,0,5,5,3,3,1,0,1271,17,1
L02277,29030594.94,274017.59,19081.26,0,69,0,0,1,0,0,0,0,1,0,1,0,0,0,0,0,0,0,0,5,2,0,2,1,0,214,10,0
L02278,27056841.61,251091.14,12508.33,0,43,0,0,0,0,1,0,1,0,0,0,0,0,0,1,0,0,0,0,1,4,1,3,1,0,979,10,0
L02279,2611114.35,71718.96,84001.51,1,211,1,0,0,0,0,1,0,0,0,0,0,0,0,1,1,0,0,0,4,5,1,1,3,2,589,16,1
L02280,3239083.05,250557.36,77883.25,1,174,0,0,0,0,1,1,0,0,0,0,0,0,1,0,0,0,0,0,4,3,2,1,2,1,687,13,0
L02281,9448604.89,88706.43,33398.48,1,140,0,0,1,0,0,0,1,0,0,0,1,0,0,0,0,1,0,0,7,2,4,3,3,0,2012,19,0
L02282,1720291.51,67437.21,66161.54,0,75,1,0,0,0,0,0,0,0,1,0,0,0,0,1,1,0,0,0,2,0,1,0,0,0,60,3,0
L02283,37193309.49,466659.63,13291.86,1,157,1,0,0,0,0,0,0,0,1,0,0,0,1,0,0,1,0,0,1,3,0,1,1,0,207,6,0
L02284,36194182.17,304450.26,51197.72,0,84,0,0,0,0,1,1,0,0,0,0,0,1,0,0,1,0,0,0,5,3,5,2,1,1,929,17,1
L02285,6889206.1,331447.58,2854.3,0,321,0,0,1,0,0,0,0,1,0,1,0,0,0,0,0,0,1,0,0,0,1,0,1,0,340,2,0
L02286,41820337.15,203887.87,39768.59,0,308,0,0,0,1,0,0,0,0,1,1,0,0,0,0,0,0,0,0,3,3,3,1,2,0,908,12,1
L02287,7823823.14,454945.54,8409.44,0,17,0,0,1,0,0,0,0,1,0,1,0,0,0,0,0,0,1,0,4,2,1,4,3,0,1421,14,0
L02288,15128661.79,320775.59,48039.57,0,283,0,1,0,0,0,0,0,0,1,0,0,0,1,0,0,0,1,0,3,2,0,3,0,3,207,11,1
L02289,12523947.27,385739.09,42746.48,1,41,0,0,0,1,0,0,0,0,1,1,0,0,0,0,0,0,0,1,1,0,0,3,0,0,473,4,0
L02290,18678124.22,187438.42,44994.12,0,133,1,0,0,0,0,0,0,1,0,0,0,0,0,1,0,0,1,0,4,5,1,3,3,2,755,18,1
L02291,12807721.92,480205.88,5487.8,0,101,0,0,0,1,0,0,1,0,0,0,0,1,0,0,1,0,0,0,6,6,0,1,1,3,419,17,1
L02292,24498651.23,411128.34,36800.02,0,136,1,0,0,0,0,0,0,0,1,1,0,0,0,0,0,0,0,0,8,1,2,5,0,0,1029,16,1
L02293,20429653.28,427704.49,75891.9,1,221,1,0,0,0,0,0,0,0,1,0,0,0,1,0,0,0,1,0,3,2,3,5,3,1,1895,17,1
L02294,49329817.59,90236.16,37522.52,0,228,0,0,0,1,0,0,0,1,0,0,0,1,0,0,0,0,1,0,0,1,0,2,1,1,293,5,0
L02295,2890724.87,139126.79,71802.02,0,293,1,0,0,0,0,0,1,0,0,1,0,0,0,0,0,0,0,1,7,1,3,4,3,1,1732,19,1
L02296,7194850.68,146385.17,37578.39,0,305,1,0,0,0,0,0,0,0,1,0,1,0,0,0,0,0,0,0,5,2,1,5,0,3,945,16,1
L02297,2736012.11,139100.07,42900.7,0,315,0,1,0,0,0,0,0,0,1,1,0,0,0,0,1,0,0,0,1,1,0,0,2,1,454,5,0
L02298,31329475.63,428427.04,56825.32,1,118,0,0,1,0,0,0,1,0,0,0,0,0,0,1,1,0,0,0,2,0,1,2,1,0,538,6,0
L02299,2820012.94,20782.97,95117.51,0,98,0,0,1,0,0,0,0,0,1,0,0,1,0,0,0,0,1,0,5,3,0,2,2,2,716,14,1
L02300,41838342.9,42669.49,11777.18,0,349,0,1,0,0,0,0,1,0,0,0,0,0,0,1,0,0,0,1,6,5,1,3,1,1,965,17,1
L02301,25645737.67,140587.86,4258.46,0,323,0,0,0,1,0,0,1,0,0,0,1,0,0,0,0,0,0,0,5,6,2,1,2,2,872,18,1
L02302,26397680.47,103937.12,61187.76,1,158,0,0,0,0,1,0,0,1,0,0,1,0,0,0,1,0,0,0,1,4,3,7,2,2,1671,19,1
L02303,28123565.93,119770.51,94960.61,0,238,0,0,0,0,1,1,0,0,0,0,0,0,0,1,1,0,0,0,1,1,1,3,0,0,509,6,0
L02304,8623603.94,399981.88,98982.59,0,319,0,0,0,0,1,0,1,0,0,0,0,1,0,0,0,0,0,0,1,1,1,2,1,1,176,7,1
L02305,9964746.13,283747.66,48932.26,0,334,0,1,0,0,0,0,0,1,0,0,1,0,0,0,0,0,0,1,9,1,1,2,2,0,824,15,0
L02306,16008984.41,7856.48,47340.08,0,188,0,1,0,0,0,1,0,0,0,0,1,0,0,0,0,0,0,1,3,1,4,3,1,2,886,14,1
L02307,29715471.15,217514.77,64851.41,1,308,1,0,0,0,0,0,0,0,1,1,0,0,0,0,1,0,0,0,3,2,0,2,0,0,522,7,0
L02308,10584877.02,206903.04,56007.84,1,248,0,0,0,0,1,1,0,0,0,0,0,0,1,0,1,0,0,0,4,1,1,2,0,2,542,10,0
L02309,5904953.18,61402.91,63774.72,1,25,0,0,0,1,0,0,1,0,0,0,1,0,0,0,0,0,1,0,3,2,1,0,1,1,271,8,1
L02310,48508832.63,339690.19,87525.94,1,188,0,0,0,1,0,0,1,0,0,0,0,1,0,0,0,1,0,0,1,1,1,3,0,1,623,7,0
L02311,1196892.56,352538.11,74884.31,1,139,0,0,0,0,1,0,1,0,0,0,0,1,0,0,0,0,0,0,6,3,2,1,1,1,1042,14,1
L02312,40154600.53,361842.14,50190.86,0,180,0,0,0,0,1,0,1,0,0,1,0,0,0,0,0,0,1,0,7,2,2,1,3,0,1264,15,0
L02313,39422953.96,365593.12,46724.58,1,20,0,0,0,0,1,0,1,0,0,0,0,1,0,0,0,1,0,0,1,1,0,1,1,0,351,4,0
L02314,14930984.28,5026.15,64320.57,0,162,0,1,0,0,0,0,0,1,0,1,0,0,0,0,0,0,1,0,4,1,0,4,0,2,647,11,0
L02315,6867768.14,477190.8,46114.92,0,70,0,1,0,0,0,0,1,0,0,0,1,0,0,0,0,0,1,0,3,2,2,3,4,4,1142,18,1
L02316,7366869.47,408033.34,46320.16,0,81,0,1,0,0,0,0,0,1,0,0,1,0,0,0,0,1,0,0,3,4,0,4,0,2,984,13,0
L02317,34901837.7,452470.94,2614.28,1,154,0,0,1,0,0,0,0,0,1,0,1,0,0,0,1,0,0,0,2,0,0,1,0,0,216,3,0
L02318,32176048.9,12743.43,18232.35,0,315,0,0,0,1,0,0,1,0,0,0,1,0,0,0,0,0,0,1,3,2,1,1,0,1,428,8,0
L02319,39159009.15,467260.1,49362.85,1,354,0,0,0,1,0,0,1,0,0,0,0,0,1,0,0,0,1,0,0,3,0,0,0,1,0,4,0
L02320,46880310.5,405845.32,82442.69,0,46,1,0,0,0,0,1,0,0,0,0,0,0,1,0,0,0,1,0,5,4,4,3,1,1,1411,18,0
L02321,34627175.43,419423.48,28593.97,0,193,0,1,0,0,0,0,0,0,1,0,1,0,0,0,0,0,0,1,0,1,0,1,0,1,50,3,0
L02322,7876991.67,51177.26,52741.7,0,223,0,0,1,0,0,0,1,0,0,0,0,1,0,0,0,0,1,0,9,2,1,5,1,1,613,19,0
L02323,12247786.58,370695.12,35151.25,0,236,0,0,1,0,0,0,1,0,0,1,0,0,0,0,0,0,1,0,3,4,1,1,0,0,309,9,0
L02324,42125467.17,480158.76,11375.59,0,279,0,0,0,1,0,0,0,0,1,0,0,0,0,1,0,0,1,0,0,0,0,0,0,0,0,0,0
L02325,10544373.18,340880.93,95871.55,0,9,0,1,0,0,0,0,0,1,0,1,0,0,0,0,0,0,1,0,1,2,0,0,0,0,0,3,0
L02326,3718863.62,287427.9,85612.71,1,151,1,0,0,0,0,0,1,0,0,0,0,0,0,1,1,0,0,0,1,2,0,1,2,0,469,6,0
L02327,35193674.7,473086.69,8770.75,0,343,0,1,0,0,0,1,0,0,0,0,0,0,0,1,0,0,0,0,6,1,0,2,1,0,453,10,1
L02328,20186065.14,224253.88,72258.94,0,103,0,0,0,0,1,0,1,0,0,0,1,0,0,0,0,0,1,0,1,0,0,1,0,1,27,3,0
L02329,46009998.62,301650.32,35410.41,0,123,0,1,0,0,0,1,0,0,0,0,0,0,0,1,0,0,0,0,6,2,1,4,1,2,927,16,1
L02330,32547728.05,240787.46,99490.13,0,184,0,0,0,0,1,1,0,0,0,0,1,0,0,0,0,0,0,1,3,1,0,3,2,0,1012,9,1
L02331,4611906.99,466758.88,30937.45,0,289,0,0,0,0,1,0,1,0,0,0,0,0,1,0,1,0,0,0,1,2,0,0,2,1,464,6,0
L02332,47398042.71,42661.94,24635.11,0,40,1,0,0,0,0,0,1,0,0,0,0,1,0,0,0,0,0,1,3,2,0,3,2,0,781,10,1
L02333,13002007.46,253054.25,57221.16,0,10,0,0,0,1,0,1,0,0,0,0,0,0,0,1,1,0,0,0,1,2,1,1,1,2,351,8,0
L02334,16926903.27,345041.46,83677.49,0,217,0,1,0,0,0,0,0,0,1,0,0,1,0,0,0,0,1,0,0,0,0,1,0,0,241,1,0
L02335,20172794.64,396993.74,20059.37,0,0,0,0,0,0,1,0,0,0,1,0,1,0,0,0,0,0,0,1,10,1,1,1,1,3,344,17,1
L02336,2656092.39,293594.23,71230.87,1,170,0,1,0,0,0,0,1,0,0,0,0,0,0,1,0,0,0,0,0,1,1,0,0,0,134,2,1
L02337,24876119.57,454914.28,7079.25,0,337,0,0,0,1,0,0,0,1,0,1,0,0,0,0,0,0,1,0,0,0,0,0,0,0,0,0,0
L02338,6253592.7,471285.77,91974.54,0,281,0,0,0,1,0,0,0,0,1,0,0,0,1,0,0,0,1,0,3,3,0,1,1,0,552,8,1
L02339,20108419.3,36838.02,9026.42,0,52,0,0,1,0,0,0,1,0,0,0,0,0,1,0,1,0,0,0,4,0,1,4,3,0,1349,12,1
L02340,17600418.42,204173.42,91508.91,0,124,0,0,0,1,0,0,0,0,1,0,0,0,0,1,0,0,0,0,0,1,3,0,3,1,1219,8,0
L02341,38664720.16,16612.22,49589.92,0,174,1,0,0,0,0,0,0,1,0,0,0,0,1,0,0,0,0,0,2,1,0,1,1,0,306,5,1
L02342,40178208.53,168061.25,45361.02,0,264,0,0,0,0,1,0,1,0,0,1,0,0,0,0,0,0,1,0,1,0,0,0,0,1,0,2,0
L02343,7755302.83,270749.77,97357.4,0,264,0,0,1,0,0,0,0,1,0,0,0,1,0,0,1,0,0,0,3,1,0,4,0,0,740,8,0
L02344,18390904.25,455843.49,99048.03,0,198,1,0,0,0,0,0,1,0,0,1,0,0,0,0,0,0,0,1,3,4,3,1,2,1,800,14,0
L02345,18730322.74,424044.39,65367.63,1,255,0,1,0,0,0,0,0,1,0,0,0,0,1,0,0,1,0,0,5,3,1,3,0,1,588,13,0
L02346,7655381.15,68112.36,13584.81,1,171,0,0,0,0,1,0,0,0,1,0,0,1,0,0,0,0,0,1,2,0,0,0,0,0,0,2,0
L02347,39942829.9,51050.04,51110.84,1,58,0,0,0,1,0,0,0,0,1,1,0,0,0,0,0,1,0,0,0,2,0,2,1,1,206,6,0
L02348,35390693.58,296687.33,53387.15,0,105,0,0,0,0,1,0,0,1,0,0,1,0,0,0,0,0,0,1,2,1,1,1,2,0,617,7,0
L02349,9600051.14,268398.4,51930.2,0,124,0,1,0,0,0,0,0,1,0,0,1,0,0,0,0,0,1,0,3,0,3,3,1,6,940,16,1
L02350,18399423.24,136856.93,57379.69,0,15,0,0,1,0,0,0,0,1,0,0,0,1,0,0,1,0,0,0,6,2,1,1,0,0,294,10,0
L02351,5379670.74,450229.28,2853.75,0,37,0,0,1,0,0,0,1,0,0,0,0,1,0,0,0,0,0,1,0,1,0,0,0,0,0,1,0
L02352,31447509.19,464046.37,71411.5,0,242,0,0,1,0,0,0,0,0,1,0,0,1,0,0,0,0,0,0,0,0,0,1,0,0,150,1,1
L02353,6156459.03,204292.66,71527.04,0,209,0,0,0,1,0,0,1,0,0,0,1,0,0,0,0,1,0,0,0,2,0,1,0,3,52,6,1
L02354,49298115.01,445699.77,12431.51,0,314,1,0,0,0,0,0,0,0,1,1,0,0,0,0,0,0,1,0,1,0,1,2,0,0,354,4,0
L02355,39056035.53,195054.7,57453.7,1,284,1,0,0,0,0,1,0,0,0,0,0,1,0,0,0,1,0,0,5,5,2,0,0,0,299,12,1
L02356,19572903.62,369724.33,57267.76,0,167,0,0,0,0,1,0,1,0,0,0,1,0,0,0,0,1,0,0,3,1,1,0,1,0,318,6,0
L02357,28970340.22,240591.4,68562.59,0,263,0,0,0,1,0,0,0,0,1,0,0,1,0,0,0,1,0,0,2,1,0,1,0,1,298,5,0
L02358,45575956.63,65678.66,9454.37,0,97,0,0,1,0,0,0,0,0,1,0,0,1,0,0,0,0,1,0,0,0,0,0,0,0,0,0,0
L02359,27749554.09,464327.43,63023.83,0,133,0,0,1,0,0,0,1,0,0,0,0,1,0,0,0,0,0,1,5,3,0,1,0,3,88,12,1
L02360,8807474.47,229777.81,28794.44,0,364,0,1,0,0,0,0,1,0,0,0,1,0,0,0,0,0,0,0,6,0,0,0,0,1,0,7,1
L02361,18997297.44,368571.08,51193.3,0,180,0,1,0,0,0,0,0,0,1,1,0,0,0,0,0,0,0,1,2,0,0,1,0,1,259,4,1
L02362,42172928.76,186751.04,77559.03,0,221,0,0,1,0,0,0,1,0,0,0,1,0,0,0,0,1,0,0,3,3,2,3,0,1,907,12,0
L02363,32246229.5,14346.03,70858.95,0,363,0,0,1,0,0,0,0,1,0,0,1,0,0,0,0,0,1,0,1,0,0,2,1,0,316,4,0
L02364,32571146.78,54762.53,12771.4,0,148,0,0,0,1,0,0,1,0,0,0,0,1,0,0,0,1,0,0,5,4,2,0,1,1,141,13,0
L02365,43354392.14,250628.64,59527.29,0,243,1,0,0,0,0,0,1,0,0,0,0,0,0,1,0,0,1,0,7,4,2,5,0,0,1434,18,0
L02366,44709255.57,346532.36,96942.54,0,312,0,1,0,0,0,0,1,0,0,0,0,0,0,1,0,1,0,0,1,1,0,3,0,0,440,5,0
L02367,45997649.33,170693.99,16520.17,0,75,1,0,0,0,0,0,0,0,1,0,0,0,0,1,1,0,0,0,4,3,1,1,3,0,1055,12,1
L02368,4832974.74,349266.79,85437.8,0,261,0,0,0,1,0,0,0,1,0,0,1,0,0,0,0,0,1,0,2,3,3,1,1,2,826,12,1
L02369,27251887.5,350824.62,70552.26,1,230,0,0,1,0,0,1,0,0,0,0,0,1,0,0,0,0,0,0,2,5,1,4,4,2,1324,18,0
L02370,37051425.11,353448.27,77626.33,0,190,1,0,0,0,0,1,0,0,0,0,0,0,0,1,1,0,0,0,2,1,0,0,0,1,0,4,0
L02371,37870649.57,248798.32,28913.87,0,133,0,0,1,0,0,0,0,1,0,0,0,0,1,0,0,0,0,0,0,1,1,0,0,0,136,2,1
L02372,30375138.48,457868.64,29501.0,1,308,0,0,1,0,0,0,0,1,0,0,0,0,1,0,0,1,0,0,4,5,2,2,1,1,724,15,0
L02373,8422688.03,247152.28,90695.93,1,251,0,0,0,0,1,0,0,1,0,0,0,0,1,0,0,0,0,0,0,0,0,0,0,0,0,0,1
L02374,39891285.64,227881.27,36623.37,1,244,1,0,0,0,0,0,0,0,1,1,0,0,0,0,0,0,1,0,2,2,3,2,1,0,673,10,0
L02375,36033555.54,103693.51,7238.52,0,264,1,0,0,0,0,1,0,0,0,0,0,1,0,0,0,1,0,0,5,0,0,2,1,1,359,9,1
L02376,4398175.0,157289.27,60459.07,0,324,0,0,1,0,0,0,0,1,0,0,1,0,0,0,1,0,0,0,0,0,0,0,0,0,0,0,0
L02377,23244110.25,25955.57,13356.95,0,329,0,0,0,1,0,0,0,0,1,0,1,0,0,0,0,1,0,0,1,0,0,0,0,0,0,1,0
L02378,8781472.24,318599.97,79863.03,0,342,0,0,0,0,1,1,0,0,0,0,0,1,0,0,1,0,0,0,5,3,2,4,2,1,1655,17,1
L02379,16940104.58,128025.19,64532.9,1,3,0,0,1,0,0,0,1,0,0,1,0,0,0,0,1,0,0,0,4,4,1,3,0,3,774,15,1
L02380,1002246.5,155556.85,87597.92,0,36,0,1,0,0,0,0,0,0,1,0,0,1,0,0,0,0,1,0,7,5,1,4,0,2,739,19,1
L02381,20076460.43,386553.19,78698.89,1,70,0,1,0,0,0,1,0,0,0,1,0,0,0,0,0,0,0,0,6,2,1,2,1,0,675,12,0
L02382,27538858.37,166974.49,12099.25,0,261,0,0,0,0,1,0,0,0,1,0,0,0,0,1,0,1,0,0,3,3,2,1,1,3,682,13,1
L02383,31017171.38,124886.97,38726.0,0,236,0,0,0,1,0,1,0,0,0,0,0,0,0,1,0,0,0,1,0,0,0,0,0,0,0,0,0
L02384,33208168.22,88683.59,77681.46,1,306,0,0,1,0,0,1,0,0,0,1,0,0,0,0,0,0,0,1,3,5,2,1,2,3,615,16,1
L02385,41830936.52,388554.91,42316.81,0,354,1,0,0,0,0,0,1,0,0,0,0,1,0,0,0,0,0,0,6,2,2,2,1,0,1021,13,0
L02386,10851599.07,69204.6,97264.18,1,177,0,0,0,0,1,0,0,0,1,0,0,0,0,1,0,0,0,1,3,0,1,0,0,0,47,4,1
L02387,6112042.94,229608.11,73838.3,0,95,0,0,0,1,0,0,0,1,0,0,0,1,0,0,0,0,0,1,3,4,2,4,0,2,1057,15,1
L02388,42591704.88,255930.41,2534.49,0,226,1,0,0,0,0,0,1,0,0,0,0,0,0,1,0,0,0,1,3,4,3,1,0,0,656,11,0
L02389,7914979.46,345258.01,88118.58,0,10,0,1,0,0,0,0,1,0,0,0,0,1,0,0,1,0,0,0,1,3,0,4,1,2,581,11,1
L02390,48740528.06,318475.32,10979.67,1,265,0,1,0,0,0,1,0,0,0,0,0,1,0,0,0,1,0,0,1,0,1,0,2,0,595,4,0
L02391,42142657.65,406306.73,14911.85,0,188,1,0,0,0,0,0,0,1,0,0,0,0,1,0,0,0,0,1,0,0,0,0,0,0,0,0,0
L02392,25093742.63,27151.96,73714.75,0,208,0,0,0,0,1,0,0,0,1,1,0,0,0,0,0,1,0,0,1,1,1,1,4,2,968,10,1
L02393,49072929.1,151738.16,86631.89,0,12,0,1,0,0,0,0,0,1,0,0,1,0,0,0,0,0,0,1,0,0,0,0,0,0,0,0,0
L02394,4959098.78,143666.39,54098.61,0,161,0,0,1,0,0,0,0,1,0,1,0,0,0,0,1,0,0,0,4,4,2,3,1,1,1003,15,1
L02395,15222981.48,77278.37,29615.92,0,59,1,0,0,0,0,0,0,1,0,0,0,1,0,0,0,0,0,1,1,2,1,0,0,1,122,5,0
L02396,31947398.31,148143.24,35780.24,0,4,1,0,0,0,0,0,0,1,0,0,0,1,0,0,0,1,0,0,3,3,0,1,0,0,243,7,0
L02397,17565342.74,158333.83,34946.04,0,201,0,1,0,0,0,0,0,1,0,1,0,0,0,0,0,0,0,0,0,0,1,0,0,0,140,1,0
L02398,46425790.34,263332.81,33341.13,0,11,0,0,0,0,1,1,0,0,0,0,0,1,0,0,0,0,0,0,5,7,1,2,1,1,739,17,1
L02399,3374741.8,333533.72,25048.06,1,340,0,0,1,0,0,1,0,0,0,0,0,0,0,1,0,1,0,0,2,0,2,3,1,0,906,8,0
L02400,27515650.42,193644.75,61277.84,0,239,0,0,0,0,1,0,1,0,0,0,0,1,0,0,1,0,0,0,0,0,0,0,0,0,0,0,0
L02401,29584226.74,361137.76,90140.13,1,224,0,0,0,1,0,1,0,0,0,1,0,0,0,0,0,0,1,0,5,3,1,4,1,1,1195,15,0
L02402,32671133.38,171401.84,31401.16,0,181,0,0,0,1,0,0,1,0,0,1,0,0,0,0,0,1,0,0,5,4,3,1,2,1,995,16,0
L02403,12857744.54,148690.42,19482.74,1,296,0,1,0,0,0,0,1,0,0,1,0,0,0,0,1,0,0,0,3,3,2,1,1,1,768,11,1
L02404,18291864.73,272888.09,84019.19,0,303,0,1,0,0,0,0,0,0,1,0,0,0,1,0,1,0,0,0,0,0,0,1,0,1,256,2,1
L02405,42199658.43,16739.6,74436.55,0,306,0,1,0,0,0,0,0,1,0,0,0,0,1,0,0,0,0,0,5,5,1,3,2,1,1055,17,0
L02406,9827644.17,44495.62,93152.87,1,177,0,0,0,1,0,1,0,0,0,0,0,0,1,0,0,0,0,0,5,4,1,5,0,2,906,17,1
L02407,41360705.57,211894.92,17386.45,0,117,0,0,0,0,1,0,0,0,1,0,0,0,1,0,0,0,0,1,5,6,0,2,1,3,443,17,1
L02408,28176505.6,471741.79,15280.88,0,351,0,0,0,0,1,1,0,0,0,0,0,0,1,0,0,0,0,1,1,1,2,1,0,0,175,5,0
L02409,38133156.81,362148.33,54601.51,1,75,0,1,0,0,0,0,1,0,0,0,0,0,1,0,0,0,0,0,4,1,1,3,2,3,1104,14,0
L02410,35709007.58,48622.65,61828.93,0,45,0,0,1,0,0,1,0,0,0,0,0,0,1,0,0,0,0,0,3,2,0,3,0,2,708,10,0
L02411,10454823.62,423927.42,48537.17,1,226,0,0,0,0,1,0,0,1,0,1,0,0,0,0,0,0,0,0,4,3,1,1,1,3,562,13,0
L02412,28483755.55,367488.88,60297.7,0,355,0,0,0,1,0,0,1,0,0,0,1,0,0,0,0,1,0,0,5,5,0,2,2,5,800,19,1
L02413,43399385.32,307418.53,18857.6,0,293,1,0,0,0,0,0,1,0,0,0,0,0,1,0,0,1,0,0,1,0,0,0,0,0,0,1,0
L02414,21662600.22,411045.02,48481.76,0,239,1,0,0,0,0,0,0,0,1,1,0,0,0,0,0,0,1,0,1,2,1,3,2,1,927,10,0
L02415,48332879.43,205034.37,66151.16,0,347,1,0,0,0,0,0,0,1,0,0,1,0,0,0,0,0,0,1,6,4,2,4,1,1,915,18,1
L02416,22665533.5,114643.02,43837.94,0,140,0,0,1,0,0,0,1,0,0,0,0,0,1,0,0,1,0,0,4,2,1,0,1,0,227,8,0
L02417,7225003.27,258451.58,68265.29,0,203,0,1,0,0,0,0,0,1,0,0,1,0,0,0,0,1,0,0,5,0,1,2,0,1,486,9,0
L02418,19532790.54,276676.67,45667.94,0,149,0,0,0,1,0,1,0,0,0,0,1,0,0,0,0,0,0,0,6,3,0,3,2,2,965,16,1
L02419,47589950.08,271471.55,34026.36,0,129,0,0,1,0,0,0,0,1,0,0,0,0,0,1,0,0,0,0,1,0,1,0,0,0,90,2,1
L02420,16054070.38,284711.53,31056.9,0,348,0,0,0,1,0,0,1,0,0,0,0,1,0,0,1,0,0,0,1,0,0,1,0,0,54,2,0
L02421,43418098.18,474608.93,41679.3,1,332,0,0,0,1,0,0,0,0,1,0,0,0,0,1,0,0,0,0,5,4,0,2,1,3,360,15,1
L02422,44074409.02,451611.58,3285.87,0,268,0,1,0,0,0,0,1,0,0,0,1,0,0,0,0,0,0,1,0,2,0,2,0,1,273,5,0
L02423,17574307.56,438479.93,67183.99,0,312,1,0,0,0,0,0,0,1,0,1,0,0,0,0,0,0,0,0,7,0,1,3,1,3,717,15,1
L02424,4254557.14,401701.32,84665.46,1,136,0,1,0,0,0,0,0,1,0,0,0,0,1,0,0,0,0,1,0,1,1,2,0,1,533,5,0
L02425,36255439.67,471996.91,36108.08,0,115,0,0,1,0,0,0,1,0,0,0,0,1,0,0,0,1,0,0,4,0,3,2,1,2,814,12,1
L02426,15644463.72,53754.85,5557.28,1,350,0,0,1,0,0,0,0,1,0,0,0,0,1,0,0,0,0,1,6,5,0,4,3,0,1159,18,0
L02427,39167888.35,136236.01,98690.78,0,160,0,0,1,0,0,1,0,0,0,1,0,0,0,0,0,0,0,1,0,0,0,0,0,0,0,0,0
L02428,22188476.93,250052.69,27106.13,0,154,0,1,0,0,0,0,1,0,0,0,0,1,0,0,0,0,0,1,3,4,2,4,3,2,1847,18,1
L02429,24314810.44,424034.57,13535.49,0,172,0,0,0,1,0,0,0,0,1,0,0,0,0,1,0,1,0,0,3,1,2,3,2,3,1320,14,1
L02430,38917679.4,255057.03,37605.5,0,129,0,0,0,1,0,0,1,0,0,0,1,0,0,0,0,0,0,0,3,0,4,1,3,2,769,13,0
L02431,19179930.22,375277.2,74117.15,1,78,0,0,0,0,1,1,0,0,0,1,0,0,0,0,1,0,0,0,1,3,0,1,2,0,477,7,0
L02432,22212054.53,73785.15,30097.74,0,56,0,0,1,0,0,1,0,0,0,0,1,0,0,0,0,1,0,0,4,3,1,4,0,1,633,13,0
L02433,18871904.39,129944.84,57895.62,0,350,0,0,0,1,0,1,0,0,0,0,1,0,0,0,0,0,0,1,5,2,0,2,1,1,391,11,1
L02434,18430291.71,367229.17,42140.44,0,56,0,0,0,0,1,1,0,0,0,0,0,0,1,0,0,0,0,1,4,5,1,4,1,3,1272,18,1
L02435,26344734.19,86543.33,12658.64,0,362,0,0,0,1,0,1,0,0,0,1,0,0,0,0,0,0,0,1,4,3,0,1,3,2,754,13,1
L02436,40459092.28,178921.19,33698.41,0,334,0,0,1,0,0,0,0,0,1,0,1,0,0,0,0,0,1,0,3,2,1,4,1,0,472,11,1
L02437,18152238.76,136108.8,72762.18,0,133,1,0,0,0,0,0,0,1,0,0,0,0,0,1,0,0,0,1,3,0,0,3,2,0,819,8,0
L02438,26260310.55,178181.54,61588.39,1,13,0,0,1,0,0,1,0,0,0,0,0,1,0,0,0,0,1,0,6,2,0,1,3,1,392,13,1
L02439,33569293.54,355620.4,12858.06,1,282,0,1,0,0,0,1,0,0,0,1,0,0,0,0,0,0,1,0,0,1,1,0,0,0,170,2,0
L02440,13545028.37,187084.35,17168.92,0,293,0,0,0,1,0,0,1,0,0,0,0,0,1,0,0,1,0,0,1,0,0,0,0,0,0,1,0
L02441,13948387.96,279855.34,64432.6,0,146,0,0,0,1,0,0,0,0,1,1,0,0,0,0,0,0,0,1,4,3,2,5,1,1,946,16,0
L02442,46677315.04,54466.28,81528.13,0,126,0,1,0,0,0,0,0,0,1,0,0,0,1,0,0,0,0,0,6,3,1,4,1,0,874,15,1
L02443,36204375.21,403483.76,35597.98,0,259,0,1,0,0,0,0,0,1,0,0,0,1,0,0,0,1,0,0,2,0,1,2,1,1,691,7,0
L02444,28901615.14,188094.87,59935.76,0,313,1,0,0,0,0,0,0,0,1,0,0,0,0,1,0,0,0,1,9,1,1,3,2,1,923,17,1
L02445,32421230.72,326024.41,17893.72,0,217,0,0,0,1,0,0,1,0,0,0,1,0,0,0,0,0,0,0,2,2,0,1,2,0,477,7,0
L02446,1562042.21,364067.85,31826.26,0,232,0,0,0,1,0,0,1,0,0,1,0,0,0,0,1,0,0,0,1,0,0,2,0,0,348,3,0
L02447,30943337.98,108782.16,3006.75,1,167,1,0,0,0,0,0,0,1,0,0,0,0,1,0,0,0,0,1,4,3,3,2,1,2,1019,15,1
L02448,25524492.77,442914.12,77059.32,1,142,0,0,0,0,1,0,1,0,0,0,0,1,0,0,0,0,0,0,6,3,4,2,0,2,910,17,0
L02449,27332909.02,310031.0,40699.97,0,259,1,0,0,0,0,1,0,0,0,0,1,0,0,0,0,1,0,0,0,0,0,0,0,0,0,0,0
L02450,18035248.96,217218.95,81796.43,0,217,0,0,1,0,0,1,0,0,0,0,0,1,0,0,0,1,0,0,0,0,1,0,0,0,209,1,0
L02451,4165547.5,95255.92,71128.93,0,307,0,0,0,1,0,0,1,0,0,0,0,0,0,1,0,0,0,0,5,2,1,4,2,2,1056,16,1
L02452,9747627.76,471438.96,83045.68,0,145,0,1,0,0,0,0,0,1,0,0,1,0,0,0,0,0,0,0,1,4,0,0,1,0,153,6,1
L02453,47542161.19,378758.76,29280.21,0,98,0,0,1,0,0,0,0,0,1,0,1,0,0,0,0,0,0,1,7,2,3,1,2,1,1202,16,0
L02454,20494108.16,107972.16,19325.76,0,181,0,0,0,1,0,0,0,1,0,0,1,0,0,0,0,0,0,1,1,1,0,4,2,4,716,12,1
L02455,23387489.48,172166.83,97218.66,1,168,1,0,0,0,0,0,0,0,1,0,0,0,1,0,0,0,0,0,6,3,0,3,3,3,798,18,1
L02456,2730218.51,405788.76,72015.45,1,232,0,0,1,0,0,0,1,0,0,0,1,0,0,0,0,0,1,0,3,3,2,1,1,0,961,10,0
L02457,1974554.85,349360.44,83570.18,0,92,0,0,0,1,0,0,1,0,0,0,0,1,0,0,1,0,0,0,2,0,0,0,0,0,0,2,0
L02458,35887354.21,384063.22,2300.2,0,116,0,0,0,0,1,1,0,0,0,0,0,0,1,0,0,1,0,0,3,2,1,9,2,1,2240,18,1
L02459,26950923.74,223394.55,36091.7,0,3,0,0,0,0,1,0,0,0,1,0,1,0,0,0,0,0,0,1,0,1,0,2,0,0,243,3,0
L02460,25484428.61,359655.75,74538.85,1,84,0,1,0,0,0,0,0,1,0,0,0,1,0,0,0,0,0,0,1,0,0,0,0,0,0,1,1
L02461,12231914.07,196314.39,8720.3,1,166,0,0,0,1,0,0,1,0,0,0,0,1,0,0,0,0,0,0,3,2,0,1,1,1,249,8,1
L02462,37263061.51,109575.14,57166.65,0,6,0,0,0,0,1,0,0,1,0,1,0,0,0,0,0,0,0,0,1,0,0,0,1,2,176,4,0
L02463,8495005.3,318175.13,43478.2,0,231,1,0,0,0,0,1,0,0,0,0,0,1,0,0,0,0,0,0,1,1,0,1,0,1,231,4,1
L02464,9577743.71,488126.89,2744.03,0,250,0,0,0,1,0,0,0,0,1,0,0,0,0,1,0,0,0,1,3,2,2,0,1,0,627,8,0
L02465,23089537.35,158747.48,24361.58,0,84,1,0,0,0,0,0,0,0,1,0,1,0,0,0,0,0,0,1,0,0,0,0,0,0,0,0,0
L02466,14385365.12,233179.95,29194.41,0,318,1,0,0,0,0,0,1,0,0,0,1,0,0,0,0,0,1,0,3,1,3,4,1,3,1425,15,1
L02467,12448402.76,338630.68,12074.13,0,192,0,0,0,0,1,0,0,0,1,0,1,0,0,0,0,0,1,0,2,3,1,1,0,0,527,7,0
L02468,32297358.46,273045.61,63522.15,0,122,0,0,0,1,0,0,1,0,0,0,0,1,0,0,0,0,0,1,0,1,0,1,0,0,131,2,0
L02469,32583490.09,422496.76,24997.39,0,88,0,0,1,0,0,1,0,0,0,0,0,1,0,0,0,1,0,0,5,0,0,7,1,1,1380,14,0
L02470,41243401.78,382062.64,28484.33,1,94,0,0,0,0,1,0,0,0,1,0,1,0,0,0,0,0,0,0,0,1,1,0,0,1,84,3,0
L02471,20943657.49,33857.12,89925.62,0,299,0,0,0,0,1,0,1,0,0,0,0,0,1,0,0,0,0,1,2,5,2,2,1,0,888,12,0
L02472,3746946.04,499218.51,47245.19,0,357,0,0,0,1,0,0,0,1,0,0,0,0,1,0,1,0,0,0,1,3,2,2,0,1,644,9,1
L02473,13755952.61,377439.21,39820.69,0,44,0,0,0,1,0,0,1,0,0,0,0,0,0,1,0,0,1,0,5,0,1,0,1,4,533,11,1
L02474,49002272.61,432632.14,72663.23,0,252,1,0,0,0,0,0,0,0,1,1,0,0,0,0,0,0,1,0,2,0,0,0,0,0,0,2,0
L02475,29853302.9,327342.87,91051.77,0,50,0,0,0,1,0,1,0,0,0,0,0,0,0,1,1,0,0,0,2,0,1,0,1,1,408,5,0
L02476,35515880.53,428861.14,3478.6,0,64,1,0,0,0,0,0,0,0,1,0,1,0,0,0,0,0,0,0,0,1,0,1,0,0,95,2,1
L02477,467155.7,60629.57,45375.65,1,53,0,0,0,0,1,0,0,0,1,0,1,0,0,0,1,0,0,0,3,0,0,3,2,0,791,8,0
L02478,25958466.04,177130.23,61467.35,0,221,0,1,0,0,0,0,1,0,0,0,1,0,0,0,0,1,0,0,3,4,1,1,1,3,728,13,1
L02479,1972680.01,438828.37,32537.75,0,71,0,0,1,0,0,0,0,1,0,1,0,0,0,0,0,0,0,1,0,0,0,0,0,0,0,0,0
L02480,28504587.58,104819.33,77468.36,0,167,0,0,0,0,1,0,0,0,1,0,0,1,0,0,0,0,1,0,1,0,0,1,0,0,241,2,0
L02481,46046465.4,43729.84,97176.23,0,185,0,0,0,1,0,0,0,1,0,1,0,0,0,0,0,0,0,0,5,2,0,2,1,2,321,12,0
L02482,48424114.61,395118.88,94399.31,1,142,0,0,1,0,0,0,1,0,0,0,0,0,0,1,0,0,0,0,3,1,2,2,2,0,1158,10,1
L02483,27073578.5,418565.65,27332.27,0,18,0,1,0,0,0,0,0,1,0,0,0,1,0,0,0,0,0,0,4,0,3,2,0,0,456,9,0
L02484,22964419.78,85512.85,23407.49,0,9,0,1,0,0,0,0,1,0,0,0,0,1,0,0,0,1,0,0,7,0,1,1,0,3,423,12,1
L02485,47256353.0,427901.26,95791.56,0,271,1,0,0,0,0,1,0,0,0,0,0,0,0,1,0,1,0,0,1,0,1,0,0,0,277,2,0
L02486,33713130.62,344950.06,46404.22,0,170,0,0,1,0,0,0,0,1,0,0,0,1,0,0,0,0,0,1,0,0,0,1,0,0,50,1,0
L02487,3338474.05,262440.93,21621.47,1,363,1,0,0,0,0,0,0,1,0,0,0,0,1,0,1,0,0,0,1,0,1,0,0,0,189,2,0
L02488,23339706.33,415973.85,70992.7,0,15,0,0,0,0,1,1,0,0,0,0,0,0,0,1,0,0,0,0,4,2,3,0,0,1,486,10,1
L02489,12088226.42,212528.38,29157.61,0,79,0,0,1,0,0,0,0,1,0,0,0,0,0,1,0,0,1,0,3,6,2,4,0,3,495,18,1
L02490,23543235.64,101027.01,27457.45,1,283,0,0,0,0,1,1,0,0,0,0,0,0,1,0,0,0,0,0,0,0,0,0,0,0,0,0,0
L02491,22827732.04,146002.07,88045.66,0,189,1,0,0,0,0,0,0,0,1,1,0,0,0,0,1,0,0,0,5,4,2,2,1,2,841,16,1
L02492,29149025.66,255056.19,17085.44,0,147,0,0,1,0,0,0,1,0,0,1,0,0,0,0,0,0,0,1,1,0,0,1,0,0,127,2,0
L02493,17902847.47,268008.74,7374.9,0,162,1,0,0,0,0,1,0,0,0,1,0,0,0,0,0,0,0,1,0,1,0,1,0,2,181,4,1
L02494,8297095.43,403762.51,27649.46,0,264,0,0,1,0,0,0,0,1,0,0,0,1,0,0,1,0,0,0,3,2,1,5,0,2,1190,13,1
L02495,25235599.79,396719.6,61087.6,0,359,1,0,0,0,0,1,0,0,0,0,0,0,1,0,0,0,0,1,0,0,0,0,0,0,0,0,0
L02496,41527123.93,292776.45,13185.7,0,137,0,1,0,0,0,0,0,1,0,0,0,0,0,1,0,0,0,1,0,0,0,0,0,0,0,0,0
L02497,33234210.18,391488.81,47687.87,0,300,1,0,0,0,0,0,0,0,1,0,0,0,0,1,0,0,0,1,0,1,0,0,0,1,0,2,1
L02498,16984556.51,99927.86,63106.37,0,364,0,1,0,0,0,1,0,0,0,0,0,0,0,1,1,0,0,0,1,1,0,0,1,0,160,3,0
L02499,46782598.84,29781.94,85024.96,0,29,1,0,0,0,0,0,0,0,1,0,0,1,0,0,0,1,0,0,5,3,1,1,3,0,866,13,0
L02500,45619157.81,437448.74,23757.09,0,303,0,0,1,0,0,0,1,0,0,0,0,1,0,0,0,0,0,1,5,1,1,4,4,1,1269,16,1
L02501,10546485.13,42399.47,81917.29,1,167,0,0,1,0,0,0,0,1,0,1,0,0,0,0,1,0,0,0,0,0,0,0,0,0,0,0,0
L02502,2066937.5,127110.77,24255.72,0,90,0,0,1,0,0,0,0,1,0,0,0,1,0,0,0,1,0,0,4,4,3,6,0,1,1756,18,0
L02503,37091304.55,349182.88,67999.89,1,90,0,0,0,1,0,0,0,0,1,1,0,0,0,0,1,0,0,0,1,7,1,5,3,0,2039,17,0
L02504,41397752.04,207676.73,43636.68,0,210,0,0,0,0,1,0,1,0,0,1,0,0,0,0,1,0,0,0,6,3,1,2,1,1,563,14,0
L02505,48396441.84,438775.42,12353.44,0,329,0,0,1,0,0,1,0,0,0,0,0,0,0,1,1,0,0,0,5,0,0,2,0,0,289,7,0
L02506,44502836.07,152500.0,71712.08,0,299,0,1,0,0,0,1,0,0,0,0,0,1,0,0,0,1,0,0,2,0,0,3,3,0,915,8,0
L02507,30066684.93,10876.32,22558.5,1,173,0,0,1,0,0,0,0,1,0,1,0,0,0,0,0,0,0,1,1,3,0,1,1,1,184,7,0
L02508,26549611.73,153824.54,18485.72,0,133,0,0,0,1,0,0,0,0,1,0,0,0,1,0,0,0,1,0,0,1,0,1,0,0,264,2,1
L02509,1489268.46,291147.15,36473.97,0,23,0,1,0,0,0,0,0,0,1,0,0,0,1,0,0,0,1,0,5,3,1,3,2,0,1061,14,0
L02510,12408156.7,191089.5,65675.73,1,200,0,0,0,1,0,1,0,0,0,0,0,1,0,0,0,0,0,0,0,1,0,0,0,0,0,1,1
L02511,23034776.11,269762.01,24165.65,1,218,0,1,0,0,0,0,1,0,0,0,0,0,0,1,0,0,0,1,1,1,1,5,3,0,1524,11,1
L02512,31462344.61,438916.07,19182.49,0,6,1,0,0,0,0,0,1,0,0,0,0,0,0,1,0,0,0,1,6,3,2,1,5,2,1241,19,1
L02513,27906866.48,456680.1,1985.41,1,5,0,0,0,0,1,1,0,0,0,1,0,0,0,0,0,0,0,0,1,1,2,0,0,0,211,4,1
L02514,37157535.89,136657.16,47692.67,0,117,0,0,0,0,1,1,0,0,0,0,0,1,0,0,0,0,0,1,0,0,0,0,0,0,0,0,0
L02515,14060369.85,233759.53,43435.91,0,160,0,0,0,1,0,0,0,0,1,0,0,0,1,0,0,0,1,0,4,3,0,3,0,1,375,11,0
L02516,28291135.12,276826.29,24152.91,0,84,0,0,0,0,1,0,1,0,0,1,0,0,0,0,0,0,0,1,5,2,2,4,0,1,838,14,1
L02517,4498297.95,474810.67,6311.56,0,247,0,0,0,1,0,1,0,0,0,1,0,0,0,0,0,0,0,1,6,4,0,3,1,0,756,14,0
L02518,20741909.63,499315.57,43496.33,0,165,0,0,0,1,0,1,0,0,0,0,1,0,0,0,0,0,1,0,4,5,2,3,2,3,860,19,1
L02519,37533025.56,121526.59,79032.31,0,144,0,0,0,1,0,0,0,1,0,0,0,1,0,0,0,1,0,0,2,0,2,2,0,2,742,8,0
L02520,34700702.59,364855.04,71812.93,0,30,0,0,0,0,1,1,0,0,0,1,0,0,0,0,1,0,0,0,2,0,0,1,0,0,215,3,0
L02521,49533072.58,192125.38,86218.69,0,219,0,0,0,1,0,1,0,0,0,0,0,0,1,0,1,0,0,0,4,1,1,4,0,1,637,11,0
L02522,13966767.19,9013.56,1948.69,1,132,0,0,0,0,1,0,1,0,0,0,1,0,0,0,1,0,0,0,0,0,0,0,0,0,0,0,0
L02523,24959646.03,9580.0,96675.51,0,63,0,0,0,1,0,0,0,0,1,0,0,0,1,0,1,0,0,0,0,4,2,1,0,2,410,9,1
L02524,16543567.65,232980.17,34799.81,1,75,0,0,1,0,0,0,1,0,0,0,0,0,0,1,0,0,0,1,2,0,0,3,0,1,518,6,0
L02525,22086095.39,246725.78,99049.38,1,130,0,0,0,1,0,0,0,0,1,0,1,0,0,0,0,0,1,0,4,2,1,2,0,2,548,11,1
L02526,42861811.48,16172.0,26009.33,1,311,0,1,0,0,0,0,0,1,0,0,1,0,0,0,0,0,1,0,1,3,2,2,2,1,1180,11,0
L02527,34242032.85,345029.07,47682.1,1,318,0,0,0,1,0,1,0,0,0,1,0,0,0,0,1,0,0,0,0,4,0,0,1,3,13,8,1
L02528,44133815.45,150531.68,36038.84,0,360,1,0,0,0,0,0,0,1,0,0,0,0,0,1,0,0,0,0,1,0,0,0,0,0,0,1,0
L02529,10255204.31,282147.09,36220.31,0,37,0,0,0,1,0,0,0,0,1,1,0,0,0,0,0,0,0,1,4,5,0,1,0,1,120,11,0
L02530,43680719.78,153954.94,84385.93,0,53,0,1,0,0,0,0,1,0,0,0,0,1,0,0,1,0,0,0,0,1,0,0,0,0,0,1,0
L02531,3082137.48,87731.49,74895.48,0,129,0,1,0,0,0,0,1,0,0,0,0,0,1,0,0,0,0,0,3,1,0,2,1,0,585,7,1
L02532,44441104.09,206551.0,99222.99,0,217,0,0,0,0,1,0,0,1,0,0,0,0,1,0,0,0,1,0,1,1,2,0,2,1,477,7,0
L02533,16520781.6,119975.32,61737.95,0,1,0,0,1,0,0,0,0,0,1,1,0,0,0,0,0,0,1,0,0,1,0,1,1,1,394,4,1
L02534,15797922.91,269726.48,46862.4,1,245,0,0,0,1,0,0,0,1,0,0,0,0,1,0,0,1,0,0,4,0,0,2,0,1,374,7,1
L02535,25653219.98,103420.12,9917.31,1,139,0,0,0,0,1,0,0,1,0,0,0,0,1,0,0,0,0,1,2,3,2,1,1,1,858,10,0
L02536,47040440.37,256660.96,99659.58,0,295,0,0,1,0,0,1,0,0,0,0,0,1,0,0,0,0,0,0,2,1,2,4,1,1,960,11,1
L02537,2484290.1,82902.36,55601.53,0,257,0,0,0,1,0,0,0,1,0,0,0,0,0,1,0,0,0,1,2,0,0,0,0,1,0,3,1
L02538,17676325.66,337132.48,70347.27,0,104,1,0,0,0,0,1,0,0,0,0,1,0,0,0,0,0,1,0,1,2,0,1,1,1,429,6,0
L02539,42842942.24,378199.15,41267.5,1,335,0,0,0,1,0,1,0,0,0,1,0,0,0,0,0,0,0,1,3,0,2,2,2,1,803,10,0
L02540,19863118.42,59645.15,55223.86,0,184,0,1,0,0,0,0,1,0,0,1,0,0,0,0,0,0,0,0,4,3,0,0,1,1,91,9,1
L02541,10037929.19,236562.19,94315.2,0,302,0,1,0,0,0,1,0,0,0,0,0,1,0,0,1,0,0,0,8,2,1,3,3,2,783,19,1
L02542,21297229.65,40081.49,17475.52,0,243,1,0,0,0,0,1,0,0,0,0,0,1,0,0,0,0,0,1,2,5,2,2,2,1,868,14,1
L02543,19339069.82,301100.31,29944.89,0,163,0,0,0,0,1,0,1,0,0,0,1,0,0,0,0,1,0,0,6,6,1,0,1,0,205,14,0
L02544,45779268.45,135880.13,16053.91,1,131,0,0,1,0,0,0,0,1,0,0,0,0,0,1,0,0,1,0,2,0,0,1,0,0,272,3,0
L02545,38120525.35,266174.11,79429.37,0,202,0,0,0,1,0,0,0,0,1,1,0,0,0,0,0,0,1,0,3,1,2,7,2,0,1746,15,0
L02546,25305266.23,261143.2,7142.48,0,209,0,1,0,0,0,0,0,0,1,0,0,1,0,0,0,1,0,0,1,1,0,0,0,1,0,3,0
L02547,49419691.28,462555.4,9081.53,1,346,0,0,0,0,1,0,0,0,1,1,0,0,0,0,0,0,1,0,9,5,0,0,3,1,393,18,1
L02548,23317348.81,276796.2,30550.92,1,100,1,0,0,0,0,0,0,1,0,0,0,0,1,0,0,0,0,1,4,3,2,2,0,2,448,13,1
L02549,3006067.76,293584.25,51904.63,1,270,0,1,0,0,0,1,0,0,0,1,0,0,0,0,0,1,0,0,1,2,0,1,1,1,161,6,1
L02550,13187488.66,203818.3,41221.21,0,48,1,0,0,0,0,0,0,0,1,0,0,0,0,1,0,0,0,1,4,0,2,1,0,0,673,7,0
L02551,21859916.96,474794.4,5436.81,0,238,0,0,0,1,0,0,0,1,0,0,0,0,0,1,0,1,0,0,5,1,0,2,0,0,124,8,0
L02552,7929440.94,389707.03,95791.66,0,214,0,0,1,0,0,1,0,0,0,1,0,0,0,0,0,0,0,1,3,4,0,2,2,1,1068,12,0
L02553,47383499.8,146275.62,95334.08,0,290,0,1,0,0,0,0,1,0,0,0,0,0,1,0,1,0,0,0,6,2,3,2,1,2,1102,16,0
L02554,38365760.0,422883.74,28656.28,0,349,0,1,0,0,0,0,0,0,1,0,0,0,0,1,0,0,1,0,2,4,1,0,0,1,124,8,0
L02555,13487531.3,219036.2,73421.04,0,279,0,0,0,1,0,1,0,0,0,0,0,1,0,0,0,0,1,0,5,0,0,2,1,0,651,8,0
L02556,29581146.22,415190.24,58278.97,0,315,0,0,0,0,1,0,0,0,1,1,0,0,0,0,0,0,1,0,6,6,0,3,2,1,531,18,0
L02557,36100312.94,412329.59,24510.19,1,76,0,0,1,0,0,0,0,0,1,0,0,0,1,0,0,1,0,0,6,2,2,1,2,3,703,16,1
L02558,47069818.55,98490.74,26954.98,0,303,0,1,0,0,0,0,0,0,1,0,0,1,0,0,0,0,0,0,2,5,2,3,1,0,734,13,0
L02559,44093603.92,352064.86,49624.16,1,150,0,0,1,0,0,1,0,0,0,1,0,0,0,0,0,0,1,0,7,0,3,2,2,3,586,17,1
L02560,25808092.08,148868.27,42504.46,0,296,0,1,0,0,0,0,0,1,0,0,0,0,1,0,0,1,0,0,0,2,0,0,1,1,78,4,1
L02561,38755165.73,152258.87,29831.7,0,156,0,0,1,0,0,1,0,0,0,0,0,1,0,0,0,0,0,0,3,1,1,3,0,0,481,8,1
L02562,28151023.22,151692.3,80943.65,0,197,1,0,0,0,0,0,0,0,1,0,0,0,0,1,1,0,0,0,6,2,1,5,0,3,967,17,1
L02563,27679924.11,364156.28,48664.83,0,286,0,1,0,0,0,1,0,0,0,1,0,0,0,0,0,0,0,1,4,0,1,4,2,0,1098,11,0
L02564,5825623.72,118763.89,65829.96,0,23,0,0,1,0,0,0,1,0,0,1,0,0,0,0,0,0,0,1,1,1,2,0,0,0,385,4,0
L02565,6394269.14,5448.39,19738.08,1,8,0,0,0,0,1,0,0,1,0,0,0,0,0,1,0,0,0,1,7,3,0,1,3,1,762,15,1
L02566,26523727.39,359042.24,53817.26,0,131,1,0,0,0,0,1,0,0,0,0,1,0,0,0,0,0,0,0,0,1,1,0,0,0,202,2,1
L02567,13516191.09,89736.45,32479.63,1,76,1,0,0,0,0,0,1,0,0,0,0,1,0,0,0,0,0,1,9,6,2,0,2,0,797,19,0
L02568,1149741.43,56718.79,53114.95,0,225,0,0,0,0,1,0,0,1,0,0,0,0,0,1,0,1,0,0,0,3,1,0,0,0,23,4,0
L02569,36169676.27,122570.48,78301.76,1,130,0,0,1,0,0,0,1,0,0,1,0,0,0,0,0,0,0,0,3,2,1,2,1,1,674,10,0
L02570,1721081.17,193050.76,77122.41,0,89,0,0,0,1,0,0,0,1,0,0,0,1,0,0,0,0,0,0,0,1,1,1,0,1,246,4,0
L02571,29804314.37,240573.63,36067.85,1,116,0,0,0,0,1,1,0,0,0,0,0,1,0,0,0,0,1,0,5,2,0,1,3,2,744,13,1
L02572,27005770.33,27062.17,69733.43,0,109,0,0,1,0,0,0,1,0,0,0,1,0,0,0,0,0,0,1,6,2,3,2,0,0,1095,13,0
L02573,48443853.06,485433.8,94187.71,0,353,0,0,0,0,1,0,0,0,1,1,0,0,0,0,0,1,0,0,3,2,2,3,1,0,882,11,1
L02574,24262235.65,359451.21,62941.26,1,270,0,0,0,0,1,0,1,0,0,0,0,0,1,0,0,0,1,0,2,2,1,1,2,0,306,8,0
L02575,3273711.68,164981.06,15692.6,0,226,0,1,0,0,0,0,0,1,0,0,1,0,0,0,0,1,0,0,1,1,1,3,0,1,819,7,1
L02576,27629229.59,162755.14,68291.15,0,243,0,0,1,0,0,1,0,0,0,0,1,0,0,0,0,1,0,0,6,1,2,2,0,3,503,14,1
L02577,42070698.91,227028.56,11385.53,1,307,0,0,0,1,0,0,0,1,0,0,0,0,1,0,0,0,0,1,1,2,0,2,0,0,192,5,1
L02578,49842779.29,314991.19,87338.93,0,54,0,1,0,0,0,0,1,0,0,0,0,0,1,0,0,1,0,0,4,3,2,2,3,0,1134,14,0
L02579,21574124.37,77454.67,52149.39,0,36,0,0,0,0,1,0,1,0,0,0,1,0,0,0,0,1,0,0,3,1,1,6,1,0,1084,12,0
L02580,16082907.25,98520.26,39128.93,0,54,0,0,0,0,1,0,0,0,1,0,0,1,0,0,0,0,0,1,3,2,1,4,1,0,1044,11,1
L02581,45341999.52,430420.12,6643.65,1,11,0,0,0,0,1,1,0,0,0,0,0,0,0,1,0,1,0,0,4,2,1,3,0,0,489,10,0
L02582,9642982.24,131846.19,38697.59,0,184,0,0,1,0,0,1,0,0,0,0,0,0,0,1,0,1,0,0,4,2,5,3,1,2,1594,17,0
L02583,30809902.86,193196.52,90417.46,0,236,0,0,1,0,0,0,1,0,0,0,1,0,0,0,0,1,0,0,3,2,0,3,0,0,648,8,0
L02584,20345149.77,436279.57,3077.32,0,292,0,1,0,0,0,1,0,0,0,0,0,1,0,0,1,0,0,0,0,0,0,0,0,0,0,0,0
L02585,2150010.01,333258.18,47990.17,1,203,0,0,0,1,0,0,0,0,1,0,0,0,1,0,0,0,1,0,5,1,1,3,0,0,470,10,0
L02586,17429694.87,174147.38,93184.65,1,210,0,1,0,0,0,0,0,1,0,0,1,0,0,0,0,0,0,0,2,1,0,0,0,1,0,4,1
L02587,13334903.27,343431.28,40089.26,0,225,1,0,0,0,0,1,0,0,0,1,0,0,0,0,0,0,0,1,6,0,3,5,1,2,1249,17,1
L02588,34335948.58,14743.19,43389.39,0,6,0,0,0,0,1,0,1,0,0,0,0,1,0,0,0,0,0,1,3,5,1,3,1,0,585,13,1
L02589,47444645.83,369143.12,58277.45,0,219,0,0,0,0,1,0,0,1,0,1,0,0,0,0,0,1,0,0,2,0,0,2,0,3,400,7,1
L02590,13475554.65,246072.94,46830.8,0,310,0,0,0,0,1,0,0,1,0,1,0,0,0,0,0,1,0,0,3,0,1,1,1,0,326,6,0
L02591,40592150.36,407525.16,17691.57,0,27,0,1,0,0,0,0,0,0,1,0,1,0,0,0,1,0,0,0,5,5,0,4,2,2,574,18,1
L02592,2862454.87,477545.64,2837.0,1,292,0,1,0,0,0,0,1,0,0,0,0,1,0,0,0,0,0,1,2,1,3,1,2,1,800,10,1
L02593,26952238.4,463265.33,61371.35,0,211,0,0,0,0,1,1,0,0,0,1,0,0,0,0,0,0,1,0,8,2,2,5,1,1,1375,19,1
L02594,3620448.18,455086.2,92159.85,0,188,0,1,0,0,0,0,1,0,0,0,0,1,0,0,0,0,1,0,7,2,3,1,1,1,585,15,0
L02595,46708246.26,258524.13,11530.05,0,74,0,0,1,0,0,0,0,1,0,0,0,0,0,1,1,0,0,0,2,0,0,1,0,0,139,3,1
L02596,38340928.9,183270.35,21884.32,0,241,0,0,1,0,0,0,1,0,0,1,0,0,0,0,0,1,0,0,1,0,0,0,0,0,0,1,0
L02597,32931700.57,235192.49,37652.72,0,113,0,1,0,0,0,1,0,0,0,1,0,0,0,0,0,0,1,0,8,4,1,1,0,2,375,16,1
L02598,41212429.44,346498.52,81065.48,0,166,0,0,0,0,1,1,0,0,0,0,0,1,0,0,1,0,0,0,7,4,1,2,2,2,1077,18,0
L02599,32411237.8,442578.9,27656.77,0,105,0,1,0,0,0,0,0,0,1,0,0,0,0,1,0,0,1,0,1,1,0,1,1,1,343,5,0
L02600,48450325.42,107458.22,88323.39,0,150,0,1,0,0,0,1,0,0,0,1,0,0,0,0,0,0,0,1,3,1,0,1,1,0,301,6,0
L02601,35726501.6,459505.61,6440.83,1,83,0,1,0,0,0,1,0,0,0,0,1,0,0,0,0,0,1,0,1,2,0,1,1,0,236,5,0
L02602,46240464.62,408514.21,94154.71,0,211,1,0,0,0,0,0,1,0,0,0,0,1,0,0,0,0,0,0,6,2,0,4,3,0,1478,15,0
L02603,25904881.41,489533.73,56513.96,0,266,0,0,1,0,0,0,1,0,0,0,0,1,0,0,0,0,0,0,0,0,1,0,1,0,205,2,0
L02604,5941514.21,440724.63,66218.99,0,321,0,0,0,1,0,0,0,1,0,1,0,0,0,0,0,0,0,1,7,0,1,2,0,0,331,10,0
L02605,26456068.3,143568.98,37401.26,1,268,0,0,0,1,0,0,0,0,1,0,0,0,0,1,0,0,0,1,3,0,1,0,0,0,254,4,0
L02606,6430954.12,57448.18,78417.43,1,176,1,0,0,0,0,0,1,0,0,1,0,0,0,0,1,0,0,0,1,0,0,0,0,0,0,1,0
L02607,29665424.61,60559.33,17490.06,0,270,0,1,0,0,0,1,0,0,0,0,0,0,1,0,0,0,0,0,4,1,5,6,1,1,2193,18,0
L02608,24176403.72,149155.54,5842.27,0,311,1,0,0,0,0,0,0,1,0,1,0,0,0,0,0,0,0,1,4,6,1,1,0,1,410,13,0
L02609,31166512.35,309020.94,40156.18,0,181,1,0,0,0,0,0,1,0,0,0,0,0,1,0,0,1,0,0,4,2,0,4,1,2,1161,13,0
L02610,601344.35,403138.56,85515.88,0,158,0,0,0,0,1,0,0,0,1,0,1,0,0,0,0,0,0,1,5,1,0,2,2,0,495,10,0
L02611,9822540.53,450128.9,75737.76,0,188,0,0,1,0,0,0,0,0,1,0,0,1,0,0,0,1,0,0,5,6,4,1,1,1,820,18,0
L02612,24617388.55,313757.93,52198.44,0,185,0,0,0,1,0,0,0,1,0,0,0,1,0,0,0,0,0,1,4,2,3,3,2,0,1783,14,0
L02613,47530127.72,7787.5,57641.64,0,308,0,1,0,0,0,0,0,1,0,0,0,0,0,1,0,0,0,1,4,1,1,5,2,1,995,14,1
L02614,19242091.11,97226.8,13859.39,0,245,0,0,0,1,0,0,0,1,0,1,0,0,0,0,1,0,0,0,4,2,3,3,1,3,1046,16,1
L02615,21276164.1,54364.47,84227.47,0,316,0,0,0,1,0,0,0,1,0,0,1,0,0,0,0,1,0,0,5,1,2,4,0,3,965,15,1
L02616,35763334.84,184845.62,78909.01,0,41,0,0,1,0,0,0,0,1,0,0,0,0,1,0,0,0,0,0,2,1,0,1,0,0,21,4,0
L02617,30229258.59,253168.74,65990.57,0,284,0,0,0,1,0,1,0,0,0,0,0,0,0,1,0,0,1,0,6,4,0,3,3,1,909,17,1
L02618,15016414.89,26481.6,47152.91,0,299,0,0,0,1,0,1,0,0,0,0,1,0,0,0,0,0,0,0,3,6,0,1,1,1,356,12,1
L02619,20599738.14,177496.6,96481.47,0,361,1,0,0,0,0,0,1,0,0,0,1,0,0,0,1,0,0,0,3,0,0,0,0,0,0,3,0
L02620,10963219.96,93693.94,88024.17,0,293,0,0,1,0,0,0,0,0,1,0,0,0,1,0,0,0,1,0,3,1,1,0,0,2,227,7,0
L02621,48304470.81,325299.73,64798.62,1,180,0,0,0,0,1,1,0,0,0,0,0,0,1,0,0,0,0,1,5,0,3,1,2,0,973,11,0
L02622,6618655.64,234814.82,37808.3,0,364,0,1,0,0,0,1,0,0,0,0,0,1,0,0,1,0,0,0,1,1,0,1,0,2,233,5,1
L02623,18654655.55,250182.24,62184.21,1,181,0,0,0,1,0,1,0,0,0,1,0,0,0,0,0,1,0,0,6,3,0,1,1,0,394,11,0
L02624,1389364.71,216707.44,57968.65,0,339,0,1,0,0,0,0,1,0,0,0,0,0,0,1,1,0,0,0,1,2,1,2,0,1,553,7,0
L02625,11166796.65,478229.76,40029.96,0,217,0,0,0,0,1,0,0,1,0,1,0,0,0,0,0,1,0,0,7,3,1,5,1,0,977,17,0
L02626,39045509.81,111293.89,31360.72,0,162,0,1,0,0,0,0,1,0,0,0,0,0,0,1,0,0,0,0,6,0,1,1,2,2,701,12,0
L02627,10138644.09,260748.81,41294.07,1,45,0,0,0,0,1,0,0,0,1,0,1,0,0,0,0,1,0,0,0,1,0,0,0,2,0,3,1
L02628,4095163.79,369328.6,57817.23,0,91,1,0,0,0,0,0,0,0,1,0,0,0,1,0,0,0,0,1,4,5,2,3,3,1,1131,18,1
L02629,23775213.67,280637.98,43385.35,0,104,0,0,0,1,0,0,0,0,1,0,0,0,1,0,0,0,0,1,3,2,2,2,1,0,670,10,0
L02630,597464.81,464865.34,27093.87,0,206,0,0,0,0,1,0,0,0,1,0,1,0,0,0,1,0,0,0,2,4,1,3,1,3,736,14,1
L02631,4329831.11,192094.34,76335.37,1,327,0,1,0,0,0,1,0,0,0,0,1,0,0,0,0,0,0,1,5,3,0,5,5,1,1412,19,1
L02632,40400530.89,234519.52,53615.28,1,138,0,0,0,1,0,1,0,0,0,0,0,0,0,1,0,1,0,0,1,2,0,1,0,1,98,5,0
L02633,38596519.91,48818.55,7699.84,0,28,1,0,0,0,0,0,1,0,0,0,1,0,0,0,0,0,1,0,7,2,3,0,3,4,1025,19,1
L02634,45765427.14,306454.56,37463.33,0,250,0,0,0,1,0,0,0,1,0,0,0,0,0,1,1,0,0,0,5,5,1,5,0,0,739,16,0
L02635,42740320.25,147664.92,88606.43,0,190,0,0,0,0,1,0,0,0,1,1,0,0,0,0,0,0,0,1,4,2,0,6,0,3,756,15,1
L02636,34190460.61,84352.97,75768.42,1,46,1,0,0,0,0,0,1,0,0,0,0,0,1,0,0,0,1,0,0,0,0,0,0,0,0,0,0
L02637,2711409.58,274542.99,33001.43,0,250,0,1,0,0,0,1,0,0,0,0,0,0,1,0,0,0,0,0,2,2,1,2,0,1,429,8,1
L02638,39164146.04,268493.58,93880.13,1,262,1,0,0,0,0,1,0,0,0,0,0,0,1,0,0,0,0,0,5,2,1,1,0,0,280,9,1
L02639,42290989.46,42556.46,8583.69,0,63,1,0,0,0,0,0,0,1,0,1,0,0,0,0,0,0,1,0,0,0,1,0,0,0,262,1,0
L02640,39974199.07,350616.65,96162.24,0,337,0,0,1,0,0,0,0,1,0,1,0,0,0,0,1,0,0,0,0,1,0,0,0,0,0,1,0
L02641,25473103.86,313767.23,25324.8,1,319,1,0,0,0,0,0,0,1,0,0,0,1,0,0,0,0,0,1,3,3,0,4,1,2,557,13,1
L02642,11721801.75,98563.55,1900.32,0,347,1,0,0,0,0,0,1,0,0,0,0,0,0,1,0,0,1,0,4,2,1,1,2,2,425,12,1
L02643,42281965.79,237370.26,43947.0,1,267,0,0,0,1,0,1,0,0,0,0,0,0,0,1,0,0,0,0,6,2,0,10,0,0,1084,18,1
L02644,36385424.21,361559.84,36538.07,0,11,0,1,0,0,0,1,0,0,0,0,0,1,0,0,0,1,0,0,1,0,1,1,0,0,404,3,0
L02645,49039982.6,267070.69,54369.81,1,291,0,0,0,1,0,0,0,1,0,0,0,0,1,0,1,0,0,0,0,1,0,1,0,0,275,2,0
L02646,7869060.63,200767.09,79880.51,0,28,0,0,0,1,0,0,0,0,1,0,0,0,0,1,0,0,1,0,0,0,0,0,0,0,0,0,0
L02647,11360662.69,164557.54,84400.65,0,138,0,0,0,0,1,0,0,1,0,0,0,0,0,1,0,0,0,1,3,1,0,0,1,1,208,6,0
L02648,10668727.68,307144.96,40721.77,0,84,0,0,0,1,0,0,1,0,0,0,0,0,1,0,1,0,0,0,2,2,0,4,1,0,547,9,0
L02649,39647734.4,469858.81,43554.73,0,73,0,0,1,0,0,0,0,1,0,0,1,0,0,0,0,0,0,1,4,4,0,0,2,3,215,13,1
L02650,9426674.09,337513.7,15669.6,0,250,0,0,1,0,0,0,0,1,0,0,1,0,0,0,0,0,1,0,3,3,1,1,0,0,233,8,0
L02651,3426325.51,41999.22,5707.21,1,223,0,0,0,0,1,0,1,0,0,0,0,1,0,0,0,0,0,0,1,0,1,2,1,0,213,5,0
L02652,49928184.25,233039.06,64480.28,0,46,0,1,0,0,0,0,0,1,0,1,0,0,0,0,0,0,0,1,1,2,0,1,1,0,280,5,0
L02653,1338378.85,445957.95,7379.32,0,80,0,1,0,0,0,1,0,0,0,0,0,0,0,1,1,0,0,0,1,1,1,3,2,0,845,8,1
L02654,41778678.6,51758.9,73649.18,1,120,0,0,0,1,0,0,0,0,1,0,0,0,0,1,0,1,0,0,4,1,0,3,2,1,605,11,1
L02655,18331805.39,494493.48,54369.92,0,42,0,0,0,1,0,0,0,1,0,0,0,1,0,0,0,1,0,0,4,3,3,2,2,2,1173,16,1
L02656,42096611.44,474789.35,20659.71,0,145,0,0,0,1,0,0,1,0,0,0,0,1,0,0,0,0,0,1,2,4,1,1,0,0,250,8,0
L02657,27775562.51,43745.87,54412.77,0,73,0,1,0,0,0,0,0,0,1,0,0,0,0,1,0,0,0,1,1,0,0,1,0,0,240,2,0
L02658,45091398.35,467039.59,19116.77,1,52,1,0,0,0,0,0,1,0,0,0,0,0,1,0,1,0,0,0,5,3,0,2,1,0,355,11,0
L02659,46317030.02,184750.63,44434.98,0,232,0,0,1,0,0,0,0,0,1,0,0,0,1,0,0,0,1,0,3,2,2,5,3,1,1461,16,0
L02660,553999.25,423131.04,80156.47,0,294,1,0,0,0,0,0,0,0,1,1,0,0,0,0,0,0,1,0,5,0,1,3,2,0,707,11,1
L02661,3863067.58,212099.75,46730.01,1,362,1,0,0,0,0,0,0,1,0,0,0,0,0,1,1,0,0,0,1,2,1,2,1,1,626,8,1
L02662,12592900.61,223223.28,15721.23,1,199,0,1,0,0,0,1,0,0,0,0,0,0,0,1,1,0,0,0,2,2,1,2,2,0,864,9,0
L02663,33498839.28,318950.33,72659.04,0,161,1,0,0,0,0,0,0,1,0,0,0,0,0,1,0,0,0,0,0,0,0,1,0,0,223,1,0
L02664,44424782.61,388366.32,19490.07,0,36,0,0,0,0,1,0,1,0,0,0,0,0,0,1,1,0,0,0,1,1,0,1,1,1,414,5,1
L02665,23051103.37,21725.63,74116.44,1,96,0,0,0,1,0,0,1,0,0,0,0,1,0,0,0,0,1,0,1,2,1,2,1,3,639,10,1
L02666,30387958.5,298612.22,48455.88,0,48,0,0,0,0,1,0,0,0,1,0,1,0,0,0,0,0,0,1,7,2,0,3,2,2,565,16,1
L02667,9506142.65,97432.83,45920.43,1,9,0,0,1,0,0,0,0,0,1,0,0,0,0,1,0,0,1,0,1,1,2,1,0,0,625,5,0
L02668,40267845.01,176245.01,85292.07,0,39,0,0,0,1,0,1,0,0,0,0,1,0,0,0,0,0,1,0,3,0,1,1,1,1,552,7,0
L02669,48369672.76,177244.49,71151.75,0,152,1,0,0,0,0,0,0,1,0,0,0,0,1,0,0,0,1,0,5,2,0,4,1,2,918,14,0
L02670,13503086.75,237184.87,4258.17,0,105,0,0,1,0,0,0,1,0,0,1,0,0,0,0,0,0,0,0,3,2,1,0,2,1,304,9,1
L02671,24791814.98,170397.52,30321.26,0,40,0,0,0,1,0,0,0,0,1,0,0,0,1,0,0,0,0,0,4,3,0,1,1,2,158,11,0
L02672,4397193.91,58143.75,87221.15,0,163,1,0,0,0,0,1,0,0,0,0,0,0,0,1,0,0,0,1,3,5,2,3,4,1,1579,18,0
L02673,28000919.16,77086.23,2814.29,0,257,0,0,0,0,1,0,1,0,0,0,0,0,1,0,1,0,0,0,2,1,2,4,0,0,794,9,0
L02674,25188893.75,21551.8,54980.09,0,210,0,0,0,1,0,0,0,0,1,0,0,1,0,0,1,0,0,0,1,3,1,2,1,2,718,10,0
L02675,7307380.56,237773.3,73054.74,0,201,1,0,0,0,0,0,1,0,0,0,1,0,0,0,0,0,1,0,6,4,1,3,3,1,1172,18,1
L02676,22159104.03,477451.61,62563.75,0,194,0,0,0,0,1,1,0,0,0,0,0,0,0,1,0,0,1,0,2,1,0,1,1,0,241,5,0
L02677,16771822.14,62259.24,76292.69,1,52,0,0,1,0,0,1,0,0,0,0,0,1,0,0,0,1,0,0,0,0,0,0,0,0,0,0,0
L02678,26139360.68,473400.92,72843.49,0,146,0,0,1,0,0,0,1,0,0,0,1,0,0,0,0,1,0,0,3,1,2,3,1,0,1045,10,0
L02679,29324151.34,368013.95,69511.04,0,281,0,0,1,0,0,0,0,1,0,0,0,1,0,0,0,0,1,0,3,2,0,6,0,1,745,12,0
L02680,523929.37,320561.91,82332.45,0,309,0,0,1,0,0,0,1,0,0,0,0,0,1,0,1,0,0,0,3,1,0,1,1,0,267,6,1
L02681,38074198.55,324412.49,64923.38,0,242,0,1,0,0,0,0,0,0,1,0,0,0,0,1,0,0,0,1,3,0,2,0,0,0,403,5,0
L02682,35679413.16,414230.19,40839.43,0,50,0,0,0,1,0,0,0,1,0,0,0,0,1,0,0,0,1,0,3,2,1,2,0,0,356,8,0
L02683,18377690.67,57925.33,47719.0,0,113,0,0,0,1,0,0,0,0,1,1,0,0,0,0,0,0,0,1,0,0,0,0,0,0,0,0,0
L02684,2741503.18,254853.39,71955.75,0,272,0,1,0,0,0,0,1,0,0,0,0,0,0,1,0,1,0,0,0,0,0,2,5,0,1175,7,0
L02685,37771133.74,350060.11,87754.3,0,119,1,0,0,0,0,0,0,1,0,0,0,0,1,0,0,1,0,0,0,1,0,0,0,0,0,1,0
L02686,47763240.51,295476.12,27949.66,0,188,1,0,0,0,0,0,0,0,1,0,0,0,0,1,1,0,0,0,1,0,0,1,0,2,246,4,1
L02687,12083564.64,417225.64,34865.6,1,45,0,0,1,0,0,0,1,0,0,0,1,0,0,0,1,0,0,0,6,2,0,2,1,0,343,11,0
L02688,16243878.23,40774.5,93143.2,0,242,0,0,0,0,1,0,1,0,0,0,0,0,0,1,0,0,0,1,5,4,2,3,3,1,1467,18,0
L02689,9272263.19,346897.01,58272.67,0,310,1,0,0,0,0,0,0,1,0,0,0,0,0,1,0,0,0,1,0,0,0,0,0,0,0,0,0
L02690,28889112.55,269343.73,18717.22,0,49,0,0,0,0,1,0,1,0,0,0,1,0,0,0,1,0,0,0,5,5,1,2,1,1,625,15,1
L02691,7826585.59,192684.63,66705.82,0,330,0,0,0,1,0,1,0,0,0,0,0,0,1,0,0,1,0,0,5,1,0,2,1,1,525,10,1
L02692,17874077.78,173436.12,99085.45,0,10,0,0,0,0,1,0,0,0,1,0,0,0,0,1,0,1,0,0,1,2,0,0,0,0,0,3,0
L02693,34880949.4,312312.15,82521.9,1,47,0,0,0,1,0,0,0,0,1,0,0,1,0,0,0,0,0,0,2,1,1,0,0,0,22,4,0
L02694,28049787.55,446042.71,74828.37,0,55,0,1,0,0,0,0,1,0,0,0,0,0,0,1,0,0,0,1,5,2,1,2,3,1,1014,14,1
L02695,19384481.96,250607.08,21596.62,0,7,0,1,0,0,0,0,1,0,0,0,0,0,1,0,0,0,0,0,2,0,1,0,1,0,259,4,1
L02696,21070455.13,413237.97,87737.84,0,13,0,0,1,0,0,1,0,0,0,0,1,0,0,0,0,0,0,0,2,0,1,0,0,2,134,5,1
L02697,28149333.04,204067.41,53053.1,0,214,1,0,0,0,0,0,0,1,0,0,0,0,1,0,0,0,0,1,4,0,0,1,0,0,20,5,0
L02698,392649.92,55685.26,89039.71,0,244,0,0,1,0,0,0,1,0,0,1,0,0,0,0,0,0,1,0,4,5,0,2,1,1,655,13,0
L02699,4017642.44,35445.34,33652.96,0,53,0,0,0,1,0,0,1,0,0,0,0,0,0,1,0,1,0,0,2,3,3,5,0,1,840,14,0
L02700,44074777.58,30410.51,7143.05,1,272,0,0,1,0,0,0,1,0,0,0,0,0,0,1,0,0,1,0,7,1,1,4,4,0,1693,17,1
L02701,3986161.56,193174.32,48121.62,0,130,0,0,0,0,1,0,1,0,0,0,1,0,0,0,1,0,0,0,3,0,2,4,0,0,1094,9,1
L02702,35369499.45,171932.69,27713.92,0,8,0,0,0,1,0,0,0,0,1,0,0,0,0,1,0,0,0,0,4,2,3,2,0,1,542,12,1
L02703,46009904.39,360378.83,71807.7,0,211,0,1,0,0,0,0,1,0,0,0,0,1,0,0,0,1,0,0,1,0,0,1,1,0,383,3,0
L02704,13607111.85,372696.64,95753.55,0,121,1,0,0,0,0,0,0,0,1,0,0,1,0,0,0,0,1,0,5,0,2,4,2,1,1330,14,0
L02705,18587522.71,30172.71,69406.44,1,113,0,0,0,1,0,0,1,0,0,0,0,0,1,0,0,1,0,0,0,0,0,0,0,0,0,0,0
L02706,28489178.15,114456.02,88806.46,1,19,0,0,0,1,0,0,0,1,0,0,1,0,0,0,0,0,0,0,1,3,0,2,1,0,711,7,1
L02707,44097277.58,140759.62,45849.38,0,338,0,0,0,0,1,1,0,0,0,1,0,0,0,0,1,0,0,0,3,0,0,0,0,0,0,3,0
L02708,47101088.8,276067.93,77392.43,0,20,1,0,0,0,0,0,0,1,0,0,0,0,1,0,0,0,1,0,0,0,0,0,1,0,18,1,0
L02709,37004206.08,76535.04,84461.3,0,207,0,1,0,0,0,0,1,0,0,0,1,0,0,0,0,0,0,1,3,4,1,0,2,1,382,11,1
L02710,4422326.07,71300.9,71376.69,0,32,0,0,0,1,0,0,1,0,0,0,1,0,0,0,1,0,0,0,1,4,1,3,1,0,665,10,0
L02711,33490792.36,472175.5,51269.95,0,132,0,0,0,1,0,0,1,0,0,0,0,0,1,0,0,0,1,0,4,0,0,0,0,1,0,5,1
L02712,20574155.72,403080.44,62960.74,1,190,0,0,0,0,1,0,0,1,0,0,0,0,1,0,0,0,0,0,1,2,1,0,2,0,202,6,0
L02713,23587979.87,94424.18,70350.19,0,25,0,0,1,0,0,0,1,0,0,0,0,0,0,1,0,1,0,0,0,1,1,0,2,1,481,5,0
L02714,2552504.68,206251.06,26055.36,0,363,0,1,0,0,0,0,0,1,0,1,0,0,0,0,0,0,0,0,0,0,0,0,0,0,0,0,0
L02715,9634000.75,181032.89,81148.35,0,88,1,0,0,0,0,0,0,0,1,0,0,1,0,0,0,0,1,0,0,1,0,0,0,0,0,1,0
L02716,39546629.02,396547.02,95082.13,0,91,0,0,0,1,0,1,0,0,0,0,0,0,0,1,0,0,0,0,1,4,3,3,1,2,1323,14,1
L02717,22752545.77,257555.39,47058.69,0,32,0,0,0,1,0,1,0,0,0,0,1,0,0,0,1,0,0,0,1,1,1,2,3,0,1368,8,0
L02718,15152945.86,68285.62,70405.65,0,237,0,1,0,0,0,0,0,1,0,1,0,0,0,0,0,0,0,1,1,2,0,2,0,2,314,7,1
L02719,19262551.79,370801.07,73965.56,0,17,0,0,1,0,0,0,0,0,1,1,0,0,0,0,0,0,0,0,2,1,1,1,1,1,272,7,1
L02720,42734535.71,201459.55,66562.51,0,273,0,0,0,1,0,0,0,1,0,0,0,0,1,0,0,0,0,1,5,1,3,0,1,2,609,12,0
L02721,37475050.97,135147.5,55164.4,0,288,0,1,0,0,0,0,0,0,1,1,0,0,0,0,0,0,0,1,4,4,1,3,1,2,708,15,0
L02722,13688538.32,190871.82,88283.15,0,26,0,0,0,0,1,0,1,0,0,1,0,0,0,0,0,1,0,0,5,4,0,5,2,2,1097,18,1
L02723,5963341.83,251389.5,45443.74,1,304,0,0,1,0,0,0,0,0,1,0,1,0,0,0,0,1,0,0,3,4,1,4,0,0,636,12,0
L02724,12674711.26,174842.18,7049.19,1,107,1,0,0,0,0,0,0,0,1,0,0,0,0,1,0,0,1,0,4,1,1,1,0,0,289,7,0
L02725,46045746.91,124743.36,84611.08,1,225,0,0,0,1,0,0,0,0,1,1,0,0,0,0,0,0,1,0,4,2,3,1,5,2,1167,17,1
L02726,29121283.01,202258.5,67724.15,0,323,0,1,0,0,0,1,0,0,0,0,0,0,1,0,0,0,0,1,0,0,0,2,1,0,560,3,0
L02727,26720662.42,14490.59,85076.6,0,354,0,0,0,0,1,0,0,0,1,0,0,0,0,1,0,1,0,0,3,4,1,4,2,1,927,15,1
L02728,29860040.62,387386.43,14716.2,0,18,1,0,0,0,0,0,1,0,0,0,0,0,1,0,0,0,0,1,7,3,2,3,1,0,587,16,0
L02729,18364810.46,89617.72,4044.54,1,222,0,1,0,0,0,0,1,0,0,1,0,0,0,0,1,0,0,0,4,0,1,2,1,1,656,9,1
L02730,40374640.31,26732.78,93503.08,0,280,0,1,0,0,0,0,1,0,0,0,0,0,0,1,0,0,0,1,0,1,1,1,0,0,291,3,0
L02731,26211983.84,328580.85,15625.1,0,103,1,0,0,0,0,0,0,0,1,1,0,0,0,0,0,0,0,0,3,1,2,4,1,3,1083,14,1
L02732,5925720.35,388098.38,81155.58,0,331,0,0,0,0,1,0,0,1,0,0,1,0,0,0,0,0,1,0,4,1,0,0,1,0,278,6,0
L02733,6540349.73,407845.42,82497.78,0,331,0,0,0,0,1,0,0,1,0,0,0,0,0,1,0,1,0,0,5,1,1,2,0,1,616,10,0
L02734,26889271.41,249287.05,71161.81,0,361,0,0,1,0,0,0,1,0,0,0,0,0,1,0,0,0,0,0,4,5,1,1,3,4,881,18,1
L02735,46834853.88,106657.25,13994.96,0,288,0,0,0,1,0,1,0,0,0,0,1,0,0,0,0,0,0,1,4,1,0,2,0,0,264,7,0
L02736,15486770.87,369927.7,67072.46,0,36,1,0,0,0,0,0,0,1,0,0,0,1,0,0,0,0,1,0,6,4,1,1,2,2,502,16,1
L02737,43490104.33,351357.97,89019.57,1,347,1,0,0,0,0,0,0,0,1,0,0,0,1,0,0,1,0,0,8,2,0,0,2,0,327,12,0
L02738,38228369.77,126904.01,43127.63,0,243,1,0,0,0,0,0,0,1,0,1,0,0,0,0,0,0,1,0,0,1,0,0,0,0,0,1,0
L02739,12465840.9,452186.84,41938.17,1,42,0,0,0,0,1,0,1,0,0,0,0,0,1,0,1,0,0,0,7,6,2,1,0,1,394,17,0
L02740,1913403.34,56663.87,44842.97,0,125,0,0,0,1,0,1,0,0,0,0,0,1,0,0,0,0,0,1,1,2,0,1,1,2,172,7,0
L02741,5182178.53,491430.68,9144.92,0,8,0,0,1,0,0,0,0,1,0,0,0,0,1,0,0,1,0,0,3,4,1,5,0,0,973,13,0
L02742,36451847.3,430822.67,89310.53,0,13,0,1,0,0,0,0,0,1,0,0,1,0,0,0,0,1,0,0,1,1,1,0,1,1,362,5,1
L02743,10063519.93,345509.83,87049.1,0,130,0,1,0,0,0,0,1,0,0,0,0,0,1,0,0,1,0,0,10,1,0,1,1,2,212,15,1
L02744,18626418.93,469681.19,99793.02,0,324,1,0,0,0,0,1,0,0,0,0,0,0,0,1,1,0,0,0,6,4,1,3,0,1,595,15,0
L02745,25134788.38,362544.03,58933.13,0,183,0,0,0,1,0,1,0,0,0,0,0,1,0,0,0,1,0,0,5,2,4,3,1,0,870,15,1
L02746,36300861.61,99276.21,75367.97,0,281,0,0,0,0,1,0,1,0,0,0,0,0,1,0,0,0,1,0,4,0,2,4,0,0,1144,10,0
L02747,5750238.04,223867.29,21064.52,0,52,0,0,0,1,0,0,0,0,1,0,0,1,0,0,0,1,0,0,3,4,1,3,3,0,746,14,0
L02748,20377683.62,40394.0,67085.35,0,40,0,0,0,1,0,0,0,1,0,0,1,0,0,0,0,0,1,0,5,1,2,4,1,2,885,15,1
L02749,24305138.17,197880.42,65323.55,0,337,0,0,0,0,1,0,0,0,1,0,0,0,0,1,0,1,0,0,1,0,0,2,0,0,160,3,0
L02750,27087270.49,372093.49,90219.66,0,357,1,0,0,0,0,0,0,1,0,1,0,0,0,0,0,0,0,0,1,2,1,3,1,2,993,10,0
L02751,40936196.01,196289.46,83248.48,0,20,0,0,0,1,0,0,0,1,0,0,0,0,1,0,0,0,0,0,5,2,0,1,2,0,377,10,0
L02752,8666741.93,168495.62,93908.18,0,294,0,1,0,0,0,0,0,0,1,0,1,0,0,0,1,0,0,0,1,0,1,0,1,1,352,4,0
L02753,40410789.45,299701.08,87014.51,0,207,0,0,0,0,1,0,1,0,0,0,0,1,0,0,0,0,1,0,2,4,1,3,0,2,784,12,0
L02754,34674633.54,436741.24,87000.7,0,150,0,0,1,0,0,0,1,0,0,0,0,1,0,0,0,1,0,0,4,1,4,4,0,2,1118,15,1
L02755,27837953.63,28553.68,7308.61,0,68,1,0,0,0,0,0,0,1,0,0,1,0,0,0,0,0,0,0,2,3,0,0,0,0,0,5,0
L02756,35006440.73,195807.87,84750.23,0,330,0,0,0,0,1,0,1,0,0,0,0,0,1,0,0,0,0,1,7,0,4,4,1,0,1252,16,0
L02757,20659685.17,83329.17,61140.36,0,317,0,0,1,0,0,0,0,1,0,1,0,0,0,0,0,1,0,0,5,3,3,5,1,2,1524,19,1
L02758,7006039.54,349200.35,38664.0,0,300,0,0,1,0,0,0,1,0,0,0,0,0,1,0,1,0,0,0,6,5,0,1,1,0,166,13,1
L02759,33321685.49,57333.66,6594.95,0,26,0,0,0,1,0,0,0,1,0,0,0,0,0,1,0,1,0,0,0,1,0,1,0,1,25,3,1
L02760,26281148.1,334079.84,68089.7,0,115,0,0,0,1,0,0,1,0,0,0,0,0,1,0,1,0,0,0,4,3,1,2,2,2,934,14,1
L02761,32004802.55,146659.53,33491.97,1,141,0,0,0,1,0,1,0,0,0,0,0,0,0,1,0,0,1,0,1,1,0,1,1,0,204,4,0
L02762,16966139.17,103463.82,47309.85,0,40,0,0,0,0,1,0,0,0,1,0,0,1,0,0,0,0,0,1,6,0,2,1,0,2,454,11,0
L02763,45352642.21,468494.52,68491.12,0,105,0,0,0,0,1,1,0,0,0,0,0,0,0,1,1,0,0,0,0,4,1,1,1,2,622,9,1
L02764,29409756.44,14169.67,91265.68,1,73,1,0,0,0,0,0,0,0,1,1,0,0,0,0,0,1,0,0,2,4,2,2,2,1,926,13,1
L02765,4361583.97,221699.75,82718.25,0,59,0,0,0,1,0,0,0,0,1,0,1,0,0,0,1,0,0,0,0,1,0,0,0,0,0,1,0
L02766,22545219.14,15705.36,45609.12,0,297,0,0,1,0,0,0,0,1,0,0,0,0,0,1,0,1,0,0,6,3,1,4,1,1,613,16,0
L02767,37842167.13,244378.56,39390.53,1,121,0,1,0,0,0,0,0,0,1,0,0,0,1,0,0,0,0,0,0,0,1,2,0,0,665,3,1
L02768,39727314.63,253018.45,24738.19,1,202,1,0,0,0,0,1,0,0,0,0,0,0,0,1,0,1,0,0,3,1,1,3,3,3,1257,14,1
L02769,24780392.93,164222.92,37870.25,0,10,0,0,0,0,1,1,0,0,0,0,0,1,0,0,0,0,0,1,0,0,0,0,0,0,0,0,0
L02770,44747903.78,70420.08,11993.59,0,146,1,0,0,0,0,0,1,0,0,0,0,0,0,1,1,0,0,0,1,3,1,3,0,1,444,9,1
L02771,13456655.02,191311.83,97139.45,0,215,1,0,0,0,0,1,0,0,0,1,0,0,0,0,1,0,0,0,4,0,0,1,0,0,182,5,0
L02772,20588874.99,337770.16,57817.83,0,320,1,0,0,0,0,0,1,0,0,0,0,0,0,1,0,0,1,0,1,1,1,2,0,1,331,6,0
L02773,44939985.84,392285.93,13652.78,0,302,1,0,0,0,0,0,0,0,1,1,0,0,0,0,0,0,0,1,3,2,1,2,1,2,695,11,1
L02774,44823210.15,267721.55,35927.79,0,13,0,1,0,0,0,1,0,0,0,0,0,0,1,0,0,0,0,1,4,6,0,3,1,0,843,14,0
L02775,34317067.16,296968.03,55156.88,1,66,0,0,0,1,0,0,0,0,1,0,0,1,0,0,0,0,0,1,5,2,5,4,2,1,1681,19,0
L02776,42963129.3,104305.1,53755.68,0,179,0,0,1,0,0,1,0,0,0,0,1,0,0,0,0,0,0,1,1,2,2,0,1,1,500,7,1
L02777,4529786.02,147228.51,4514.83,0,364,1,0,0,0,0,1,0,0,0,0,0,0,1,0,1,0,0,0,7,1,1,6,0,2,1055,17,0
L02778,43263249.31,85138.33,95133.26,0,241,1,0,0,0,0,0,1,0,0,0,0,0,1,0,0,0,0,1,2,1,1,2,0,0,646,6,0
L02779,16098933.34,128401.2,28262.19,0,159,1,0,0,0,0,0,0,0,1,0,1,0,0,0,0,0,1,0,1,2,1,3,0,0,633,7,0
L02780,8998742.47,116318.96,2602.28,0,9,0,0,0,1,0,1,0,0,0,0,0,0,0,1,0,1,0,0,2,3,2,1,2,2,928,12,1
L02781,12044554.83,262127.15,8567.96,0,123,0,0,0,0,1,0,0,1,0,0,0,0,0,1,0,0,0,1,6,1,0,2,2,0,491,11,0
L02782,20956628.55,283530.93,58439.3,0,272,0,0,0,0,1,0,0,0,1,0,0,0,0,1,0,1,0,0,5,3,2,2,1,2,614,15,1
L02783,12634481.03,472748.97,14640.77,0,240,0,1,0,0,0,0,0,0,1,0,0,1,0,0,0,1,0,0,1,2,1,2,1,1,475,8,0
L02784,16096322.54,101807.47,5130.75,0,142,0,0,0,0,1,0,0,0,1,0,0,0,1,0,0,0,0,1,2,2,1,0,3,0,804,8,1
L02785,6835426.45,322629.48,38583.02,0,352,1,0,0,0,0,0,1,0,0,1,0,0,0,0,0,0,0,0,3,2,0,4,0,3,466,12,1
L02786,14879220.6,409543.34,62653.36,0,166,1,0,0,0,0,0,0,1,0,0,1,0,0,0,0,0,0,0,3,2,2,0,0,0,309,7,1
L02787,28656962.35,282319.52,12072.14,0,56,1,0,0,0,0,0,0,0,1,0,0,0,1,0,0,1,0,0,4,1,2,1,0,0,655,8,0
L02788,22148500.03,131226.81,32019.46,0,137,0,1,0,0,0,1,0,0,0,0,0,0,0,1,0,0,0,1,0,0,0,0,0,0,0,0,0
L02789,17401266.19,134962.36,42358.31,0,326,1,0,0,0,0,1,0,0,0,0,1,0,0,0,0,0,0,1,8,2,1,2,4,2,1325,19,1
L02790,37347961.23,24430.26,16786.55,0,352,0,0,0,0,1,0,1,0,0,1,0,0,0,0,0,1,0,0,5,3,1,2,2,0,510,13,0
L02791,44686147.57,156194.89,51101.32,1,16,0,0,0,1,0,1,0,0,0,0,0,0,1,0,0,0,1,0,1,1,3,1,0,2,499,8,0
L02792,37863782.22,373578.82,9436.19,0,331,0,0,0,1,0,0,0,0,1,0,0,0,1,0,0,0,1,0,3,2,1,5,1,3,765,15,1
L02793,16666835.04,28521.29,5605.33,0,272,0,0,1,0,0,1,0,0,0,0,0,1,0,0,0,0,0,0,0,1,0,1,1,0,536,3,0
L02794,37247664.18,113551.16,52463.7,0,333,0,0,0,0,1,0,0,0,1,0,0,0,1,0,0,1,0,0,0,0,0,0,0,0,0,0,0
L02795,7683811.11,354585.09,25541.8,0,2,1,0,0,0,0,1,0,0,0,0,0,0,1,0,1,0,0,0,7,1,0,3,1,2,613,14,1
L02796,6602867.61,392412.52,10442.01,0,242,0,0,0,1,0,0,0,1,0,1,0,0,0,0,0,0,0,0,4,2,0,1,2,0,485,9,1
L02797,17346789.15,230382.61,42967.35,0,107,0,0,0,0,1,0,1,0,0,1,0,0,0,0,0,0,1,0,0,2,2,1,0,1,423,6,0
L02798,40404348.22,350546.8,91598.93,1,50,0,0,0,1,0,0,1,0,0,0,1,0,0,0,0,0,0,0,0,0,0,0,2,1,305,3,1
L02799,12392777.54,197036.32,72695.05,0,349,1,0,0,0,0,0,0,1,0,0,0,0,0,1,0,1,0,0,5,5,2,4,1,1,1009,18,0
L02800,3256345.1,84157.06,81745.98,0,173,0,0,0,1,0,0,0,1,0,1,0,0,0,0,0,0,0,1,1,1,2,3,2,1,616,10,0
L02801,6672305.81,202084.0,87319.48,0,115,0,0,1,0,0,0,1,0,0,0,1,0,0,0,0,0,0,1,4,4,4,2,3,2,1530,19,1
L02802,42951373.93,292084.07,97290.15,0,182,0,0,1,0,0,0,0,1,0,0,0,0,1,0,0,1,0,0,0,1,0,0,0,0,0,1,0
L02803,31725785.91,474286.37,76561.41,0,360,0,0,0,1,0,0,0,0,1,0,1,0,0,0,0,0,0,1,1,1,0,0,0,1,0,3,0
L02804,12734738.05,39031.72,61232.38,0,354,0,0,0,0,1,1,0,0,0,0,1,0,0,0,0,0,1,0,1,2,0,1,1,1,191,6,0
L02805,27809261.68,256160.08,37177.16,1,153,0,0,0,0,1,0,1,0,0,0,1,0,0,0,0,1,0,0,0,1,0,0,0,0,0,1,0
L02806,26426223.16,167815.29,18982.68,1,246,0,0,0,0,1,0,0,1,0,0,1,0,0,0,1,0,0,0,2,3,0,1,2,0,576,8,0
L02807,32806255.32,256614.29,68979.33,0,75,0,0,0,1,0,0,0,0,1,1,0,0,0,0,0,0,1,0,3,3,1,3,1,0,639,11,0
L02808,11736058.97,16867.85,99500.05,0,243,0,0,0,0,1,0,1,0,0,0,0,0,0,1,0,0,0,1,6,2,1,3,3,2,1395,17,1
L02809,43233709.06,159947.55,47268.51,0,80,1,0,0,0,0,0,0,1,0,0,1,0,0,0,0,0,0,0,5,4,1,2,2,2,763,16,1
L02810,15537491.25,410834.73,72644.26,0,228,0,0,1,0,0,0,1,0,0,0,0,1,0,0,1,0,0,0,2,5,2,3,2,1,1065,15,1
L02811,34737169.53,279201.16,50014.15,1,71,1,0,0,0,0,0,0,1,0,0,0,0,1,0,1,0,0,0,5,2,3,4,2,2,1132,18,1
L02812,904619.85,228038.33,43761.41,0,217,0,0,0,0,1,0,1,0,0,0,0,0,1,0,0,0,0,0,1,1,0,1,0,0,156,3,0
L02813,18695590.78,146334.91,41620.26,0,242,1,0,0,0,0,0,0,0,1,0,0,0,1,0,0,0,0,0,3,0,1,2,0,1,441,7,0
L02814,17650319.92,152531.05,50957.84,0,313,0,0,0,0,1,0,0,0,1,0,0,0,1,0,0,1,0,0,1,1,0,2,2,1,381,7,0
L02815,27219872.99,194635.21,37322.67,0,77,0,0,0,1,0,1,0,0,0,0,0,0,1,0,0,0,1,0,4,1,7,4,1,0,1815,17,0
L02816,3729539.46,418607.5,75128.56,0,157,1,0,0,0,0,0,1,0,0,0,1,0,0,0,0,1,0,0,5,1,2,2,4,2,1067,16,1
L02817,39527555.55,483770.54,87552.93,1,47,0,0,0,1,0,1,0,0,0,0,0,0,0,1,0,1,0,0,3,1,0,4,1,0,545,9,0
L02818,10967262.01,222134.41,88405.65,0,311,0,0,0,1,0,0,1,0,0,0,0,1,0,0,1,0,0,0,3,0,0,1,0,0,79,4,0
L02819,33884186.96,199709.66,23542.17,0,297,0,1,0,0,0,0,0,1,0,1,0,0,0,0,1,0,0,0,5,2,1,2,1,1,551,12,1
L02820,40180284.95,424042.63,89695.0,0,23,0,0,0,0,1,0,0,1,0,0,0,1,0,0,0,0,0,0,1,0,1,0,0,0,230,2,1
L02821,28137660.12,216318.13,34813.57,0,109,0,0,1,0,0,1,0,0,0,1,0,0,0,0,0,0,1,0,10,2,2,2,3,0,1557,19,0
L02822,37070072.02,278249.0,31621.46,0,51,0,0,0,0,1,0,1,0,0,1,0,0,0,0,0,0,0,0,4,6,1,3,1,1,841,16,0
L02823,33126829.58,119316.12,72948.85,0,289,0,0,1,0,0,1,0,0,0,0,0,1,0,0,0,0,1,0,2,5,0,1,2,3,382,13,1
L02824,17840936.88,373033.76,31164.94,0,258,0,0,0,0,1,0,0,0,1,0,1,0,0,0,0,0,0,1,1,2,0,0,0,1,0,4,1
L02825,40462041.1,268334.22,6243.67,0,323,0,0,0,1,0,1,0,0,0,0,0,0,1,0,0,0,1,0,1,2,0,2,1,0,199,6,0
L02826,14805598.36,405472.1,37988.16,0,138,1,0,0,0,0,1,0,0,0,0,1,0,0,0,0,0,0,0,3,1,0,1,1,1,274,7,0
L02827,28603524.6,391462.7,72425.09,0,305,1,0,0,0,0,0,0,1,0,0,0,0,1,0,0,0,1,0,4,2,0,1,1,1,284,9,1
L02828,37295347.18,111427.36,33368.88,0,337,0,1,0,0,0,1,0,0,0,0,0,0,0,1,0,0,1,0,2,1,0,1,1,1,234,6,0
L02829,19009899.9,359239.6,63326.35,1,274,0,0,1,0,0,0,1,0,0,1,0,0,0,0,0,0,0,0,0,2,0,3,1,1,495,7,0
L02830,15208103.62,401026.93,66351.82,0,43,0,0,1,0,0,0,0,1,0,0,0,1,0,0,0,1,0,0,2,1,0,0,0,0,0,3,0
L02831,23021365.91,176323.08,73639.87,0,258,0,0,1,0,0,1,0,0,0,0,0,0,0,1,0,0,1,0,2,2,1,0,0,1,174,6,0
L02832,40916378.37,90441.51,89815.92,1,112,0,0,0,1,0,0,0,0,1,0,0,0,1,0,0,0,0,0,5,4,1,5,1,3,1560,19,1
L02833,46503095.98,6302.92,43823.89,0,226,0,0,1,0,0,1,0,0,0,0,1,0,0,0,0,0,0,0,0,0,0,0,0,1,0,1,0
L02834,27299662.3,228197.31,17476.78,0,64,1,0,0,0,0,1,0,0,0,0,0,1,0,0,1,0,0,0,3,4,3,3,0,0,1025,13,0
L02835,33107163.65,179454.2,32573.65,0,162,0,0,0,1,0,1,0,0,0,1,0,0,0,0,0,0,0,1,5,5,3,3,3,0,1180,19,0
L02836,45173353.75,279680.37,43784.56,0,163,0,0,0,0,1,0,0,1,0,0,0,0,0,1,0,0,1,0,0,0,0,0,0,0,0,0,0
L02837,5017487.89,98080.34,71675.26,0,165,0,0,1,0,0,0,1,0,0,1,0,0,0,0,1,0,0,0,5,0,2,1,2,0,946,10,0
L02838,11680721.04,430534.45,2299.09,0,38,0,0,1,0,0,0,0,0,1,0,0,0,1,0,0,0,1,0,1,2,0,4,0,1,506,8,0
L02839,35474110.31,132588.83,32262.75,1,152,0,0,0,0,1,1,0,0,0,1,0,0,0,0,1,0,0,0,4,1,0,3,0,0,486,8,1
L02840,41204848.65,117082.65,78204.42,0,319,0,0,1,0,0,0,1,0,0,0,1,0,0,0,1,0,0,0,6,2,2,5,1,1,1255,17,0
L02841,42865748.51,242953.46,67414.91,0,359,0,0,0,0,1,0,1,0,0,0,0,0,0,1,0,0,0,1,3,1,1,1,0,1,192,7,0
L02842,20813848.13,251931.26,73442.26,0,268,0,0,0,1,0,0,0,1,0,0,0,0,0,1,0,0,0,1,6,5,1,4,1,0,875,17,1
L02843,4558061.12,111467.19,81369.27,0,323,1,0,0,0,0,0,0,0,1,0,1,0,0,0,0,0,0,1,4,6,1,5,1,2,924,19,1
L02844,21945295.72,139571.06,78540.34,0,325,0,0,0,0,1,0,0,1,0,1,0,0,0,0,0,0,0,1,3,1,1,1,2,5,474,13,1
L02845,11613656.05,89004.09,68536.13,0,74,0,1,0,0,0,0,1,0,0,0,1,0,0,0,1,0,0,0,1,0,0,0,0,0,0,1,0
L02846,14630703.1,360637.79,44526.49,0,256,0,0,0,0,1,0,1,0,0,0,0,1,0,0,0,1,0,0,5,2,0,3,2,2,994,14,1
L02847,38636151.09,386194.07,98376.23,0,199,0,0,1,0,0,0,1,0,0,0,1,0,0,0,0,1,0,0,2,1,0,1,2,0,363,6,0
L02848,3868801.59,233852.61,57338.25,0,97,0,0,0,1,0,0,0,1,0,1,0,0,0,0,0,1,0,0,1,0,0,0,0,0,0,1,0
L02849,41396302.75,358473.08,21074.15,1,103,0,0,0,1,0,0,0,0,1,0,1,0,0,0,0,0,0,1,6,0,1,0,0,0,101,7,0
L02850,21440687.38,369288.02,29988.47,0,163,0,0,0,0,1,1,0,0,0,0,0,0,1,0,0,0,1,0,4,3,2,1,3,2,656,15,1
L02851,29843590.16,73446.39,69662.68,1,112,1,0,0,0,0,0,0,1,0,0,1,0,0,0,0,1,0,0,0,0,1,0,0,1,189,2,0
L02852,4573646.34,483258.12,92549.22,0,102,0,1,0,0,0,0,1,0,0,0,1,0,0,0,0,1,0,0,2,0,0,0,0,0,0,2,0
L02853,16934218.01,411410.81,18693.29,0,36,0,0,0,1,0,0,0,1,0,1,0,0,0,0,0,0,1,0,2,3,1,3,3,1,1468,13,1
L02854,4576075.86,106219.31,9152.3,0,105,0,0,1,0,0,0,1,0,0,0,0,1,0,0,1,0,0,0,0,0,0,0,0,2,0,2,1
L02855,48081031.77,97151.69,88271.57,1,186,0,0,1,0,0,1,0,0,0,0,0,1,0,0,0,0,0,0,2,1,0,0,2,0,305,5,0
L02856,40382356.3,67202.27,91612.52,0,363,1,0,0,0,0,1,0,0,0,1,0,0,0,0,0,0,1,0,0,1,0,2,0,1,67,4,1
L02857,23035674.44,73497.39,28361.56,0,20,0,0,0,1,0,0,0,0,1,1,0,0,0,0,1,0,0,0,0,0,0,0,0,0,0,0,0
L02858,11257767.16,375340.09,38351.29,0,147,0,0,0,0,1,0,1,0,0,1,0,0,0,0,1,0,0,0,5,4,2,2,0,1,574,14,0
L02859,46679409.75,237478.86,66358.61,0,128,0,0,1,0,0,0,0,0,1,0,0,0,1,0,0,0,0,1,0,1,0,1,0,1,31,3,0
L02860,17295370.13,392552.42,33663.07,0,186,1,0,0,0,0,0,0,0,1,0,0,0,0,1,0,1,0,0,0,2,0,1,2,1,327,6,0
L02861,8133123.14,374396.17,87838.71,0,283,0,0,0,1,0,1,0,0,0,0,1,0,0,0,0,1,0,0,2,1,0,0,0,1,0,4,0
L02862,28201902.98,304283.29,11650.29,1,198,0,0,0,1,0,0,0,1,0,1,0,0,0,0,0,1,0,0,5,1,4,2,5,1,1890,18,1
L02863,47194328.61,344751.47,4760.24,0,234,0,0,0,1,0,0,0,1,0,1,0,0,0,0,0,0,1,0,3,1,4,4,3,3,1636,18,1
L02864,291131.5,14086.08,21640.13,0,107,0,0,0,1,0,0,0,0,1,1,0,0,0,0,0,0,0,1,3,3,3,5,2,0,1924,16,0
L02865,11982429.68,159329.94,29322.69,0,8,0,0,0,1,0,1,0,0,0,0,0,1,0,0,0,1,0,0,4,2,1,3,1,0,624,11,0
L02866,46928537.26,320721.98,12179.73,0,225,0,0,1,0,0,0,1,0,0,1,0,0,0,0,0,0,1,0,1,2,0,0,0,2,0,5,1
L02867,8637189.75,9625.75,7503.35,0,208,1,0,0,0,0,0,0,1,0,0,1,0,0,0,0,0,0,1,1,0,1,0,1,0,415,3,1
L02868,5750848.24,21323.59,75805.16,0,244,0,0,0,1,0,0,0,0,1,1,0,0,0,0,0,0,0,1,2,3,0,0,0,0,0,5,0
L02869,28552342.07,426684.55,17263.38,0,287,0,1,0,0,0,0,0,1,0,0,1,0,0,0,1,0,0,0,8,0,0,7,3,0,1286,18,0
L02870,43106006.78,343592.31,91478.3,1,65,0,1,0,0,0,0,0,1,0,0,0,0,1,0,0,0,0,1,2,2,0,0,2,1,327,7,1
L02871,23907779.9,136358.02,37431.97,0,355,1,0,0,0,0,0,1,0,0,0,0,0,0,1,0,0,0,0,2,0,0,0,0,0,0,2,0
L02872,49728756.41,345541.61,67389.98,0,152,0,0,0,0,1,1,0,0,0,0,0,1,0,0,0,1,0,0,3,0,0,1,0,2,70,6,1
L02873,33990667.81,397266.05,23314.81,0,190,0,0,0,0,1,0,1,0,0,0,1,0,0,0,1,0,0,0,3,5,1,4,3,2,1217,18,1
L02874,3796337.87,156863.17,24791.95,0,217,0,0,0,0,1,1,0,0,0,0,0,0,1,0,1,0,0,0,1,6,1,5,5,1,1427,19,1
L02875,49642323.37,22838.5,57896.21,1,153,0,1,0,0,0,0,0,1,0,0,0,0,0,1,1,0,0,0,4,1,0,1,0,1,40,7,0
L02876,20453922.42,466725.67,56503.65,0,276,0,0,0,0,1,0,0,0,1,0,0,0,0,1,1,0,0,0,2,2,1,4,0,1,898,10,1
L02877,14441386.44,175864.02,77104.19,1,81,0,0,1,0,0,0,1,0,0,0,0,0,0,1,0,0,0,0,8,2,2,1,1,5,586,19,1
L02878,27938171.26,57708.47,76023.52,0,220,0,0,0,1,0,1,0,0,0,0,1,0,0,0,0,0,0,0,1,2,2,2,3,4,1070,14,0
L02879,15284948.83,248469.15,67398.09,0,279,0,1,0,0,0,0,0,1,0,0,0,0,1,0,1,0,0,0,0,0,0,1,0,0,261,1,0
L02880,4414229.61,385391.56,45463.93,0,110,1,0,0,0,0,1,0,0,0,1,0,0,0,0,0,0,0,1,1,1,0,0,0,1,0,3,0
L02881,171274.32,114715.42,89173.4,0,91,1,0,0,0,0,1,0,0,0,0,0,0,1,0,0,0,1,0,0,2,0,0,0,1,0,3,0
L02882,22534209.31,138397.57,62635.27,0,11,0,0,0,1,0,1,0,0,0,0,0,0,1,0,0,0,0,1,0,1,0,1,0,2,80,4,1
L02883,41859484.77,125143.92,99029.65,1,138,0,1,0,0,0,0,0,1,0,0,0,0,1,0,0,0,0,1,3,0,1,5,0,2,1065,11,0
L02884,28658527.76,495878.16,82117.61,0,154,0,0,0,0,1,0,0,0,1,0,1,0,0,0,0,1,0,0,6,1,0,2,1,0,685,10,0
L02885,49960444.22,102714.85,5386.67,0,22,0,0,0,0,1,0,0,0,1,0,1,0,0,0,0,0,0,1,3,3,0,2,1,0,422,9,0
L02886,14413647.62,289882.51,32738.8,0,219,0,0,1,0,0,0,0,0,1,0,1,0,0,0,0,0,0,1,4,6,2,2,0,4,425,18,1
L02887,14094707.73,463006.0,57615.7,0,347,0,0,1,0,0,1,0,0,0,0,0,0,1,0,0,0,1,0,1,2,0,1,0,1,111,5,1
L02888,8071498.07,77713.8,72425.48,0,236,0,0,0,0,1,0,0,1,0,0,1,0,0,0,0,0,1,0,4,2,3,2,1,0,1124,12,0
L02889,8286773.05,485572.83,55483.31,0,252,1,0,0,0,0,1,0,0,0,0,0,0,0,1,0,1,0,0,0,0,0,1,1,0,92,2,0
L02890,14330811.14,474001.23,78826.91,0,182,1,0,0,0,0,0,0,0,1,0,1,0,0,0,0,1,0,0,5,3,2,3,1,4,769,18,1
L02891,39662718.26,442863.13,28982.91,0,197,0,0,1,0,0,0,0,0,1,0,0,1,0,0,0,0,0,0,1,2,0,3,1,0,381,7,0
L02892,45297263.85,111205.48,19207.29,0,169,0,0,0,1,0,0,0,1,0,0,1,0,0,0,0,0,0,1,0,1,1,1,0,0,95,3,0
L02893,48756849.77,318857.25,6337.75,0,122,0,0,0,0,1,1,0,0,0,0,1,0,0,0,0,0,0,0,1,1,3,0,0,1,735,6,1
L02894,11691253.74,381641.28,57758.06,1,33,0,0,1,0,0,0,1,0,0,0,1,0,0,0,0,1,0,0,0,1,0,1,0,1,77,3,1
L02895,44076747.53,493083.82,69171.35,0,312,0,0,1,0,0,0,1,0,0,0,1,0,0,0,0,0,0,1,0,0,1,1,0,4,373,6,1
L02896,16479928.95,94309.79,33288.82,0,2,0,0,0,0,1,0,0,0,1,0,0,1,0,0,0,0,0,1,2,1,2,1,0,1,417,7,0
L02897,5730743.17,384182.82,61744.83,0,5,0,0,0,0,1,0,0,1,0,1,0,0,0,0,0,0,0,0,2,3,1,5,1,4,1091,16,1
L02898,43514243.78,172706.58,6163.57,1,303,1,0,0,0,0,1,0,0,0,0,1,0,0,0,0,1,0,0,5,3,1,4,0,3,564,16,1
L02899,31841671.17,91935.1,10830.04,1,101,0,0,0,1,0,1,0,0,0,0,0,0,0,1,1,0,0,0,0,1,0,1,0,0,75,2,0
L02900,8320071.71,213581.59,70473.72,1,191,0,0,0,1,0,0,0,0,1,0,0,1,0,0,0,0,0,1,1,0,0,0,2,0,374,3,0
L02901,21548579.75,397948.78,37438.9,0,12,0,0,0,0,1,0,0,0,1,1,0,0,0,0,0,0,0,0,1,0,2,0,0,0,244,3,1
L02902,14434158.97,235100.65,67462.07,0,35,0,1,0,0,0,1,0,0,0,0,1,0,0,0,0,0,0,0,3,2,0,3,2,2,838,12,0
L02903,36866048.98,271073.93,83340.39,1,69,0,0,1,0,0,1,0,0,0,1,0,0,0,0,0,0,0,0,5,3,1,0,0,0,56,9,0
L02904,22725469.91,497603.91,85409.62,0,288,0,0,1,0,0,0,0,0,1,0,0,0,0,1,0,0,0,0,2,0,2,2,3,0,1001,9,0
L02905,49465069.26,202559.1,18044.6,0,104,0,0,0,0,1,1,0,0,0,0,0,1,0,0,0,1,0,0,5,4,1,2,3,1,903,16,1
L02906,2831774.61,309623.37,49142.27,1,203,0,1,0,0,0,0,1,0,0,0,0,1,0,0,0,1,0,0,0,0,0,0,1,0,18,1,0
L02907,17815261.78,185795.88,73658.75,0,312,1,0,0,0,0,0,0,0,1,1,0,0,0,0,0,1,0,0,2,2,1,4,1,1,1068,11,1
L02908,24146818.34,199428.89,77624.08,0,54,0,0,0,0,1,1,0,0,0,0,1,0,0,0,1,0,0,0,2,0,1,2,0,1,478,6,1
L02909,25206364.38,349342.17,78682.92,0,106,0,0,0,0,1,0,0,0,1,0,0,0,1,0,0,0,0,0,5,3,1,2,0,2,572,13,1
L02910,15865197.54,469254.05,23588.57,0,140,0,0,1,0,0,0,0,1,0,0,0,1,0,0,0,0,0,0,0,0,1,0,0,1,297,2,1
L02911,36489088.43,273467.68,20060.95,0,224,0,0,0,0,1,0,0,0,1,0,0,0,1,0,0,1,0,0,5,5,0,1,5,3,1131,19,1
L02912,43749878.97,385357.96,59411.23,0,306,0,0,0,0,1,0,0,0,1,0,0,1,0,0,0,0,1,0,3,1,2,6,4,1,1888,17,0
L02913,46942093.17,49157.25,74367.49,0,347,0,0,0,0,1,0,0,1,0,0,1,0,0,0,0,0,0,0,4,2,2,1,6,2,1450,17,0
L02914,40274159.5,109523.23,32594.81,0,308,0,0,1,0,0,0,1,0,0,0,1,0,0,0,0,0,0,1,3,4,2,2,1,2,848,14,1
L02915,42543951.85,253555.16,11365.81,0,35,1,0,0,0,0,1,0,0,0,0,0,1,0,0,0,1,0,0,2,6,0,1,3,1,808,13,0
L02916,27572210.5,14905.8,71957.89,0,132,1,0,0,0,0,0,0,1,0,1,0,0,0,0,0,0,0,1,0,0,0,0,0,1,0,1,0
L02917,41311822.5,130163.21,30670.09,0,24,0,0,0,0,1,0,0,0,1,0,1,0,0,0,1,0,0,0,3,2,5,1,2,1,1309,14,1
L02918,15244845.07,261113.64,17469.91,0,336,0,0,1,0,0,1,0,0,0,0,1,0,0,0,0,0,0,1,8,2,0,5,0,1,902,16,1
L02919,19984090.23,12405.79,15624.63,0,36,1,0,0,0,0,0,0,1,0,0,0,0,0,1,0,0,0,1,1,3,0,6,3,0,1414,13,0
L02920,15913959.39,135950.41,32176.05,0,18,1,0,0,0,0,1,0,0,0,0,1,0,0,0,0,1,0,0,7,3,1,2,0,2,389,15,1
L02921,23422628.04,259445.26,59675.13,1,34,1,0,0,0,0,1,0,0,0,0,0,0,0,1,0,0,0,0,0,0,0,0,0,0,0,0,0
L02922,14350422.85,288708.88,36481.82,0,362,0,0,1,0,0,0,0,1,0,0,1,0,0,0,0,0,0,1,1,0,0,0,0,1,0,2,0
L02923,48084410.97,463247.09,3045.52,0,309,0,0,1,0,0,1,0,0,0,0,1,0,0,0,0,0,0,1,2,5,2,2,2,2,821,15,1
L02924,15710946.94,324446.08,10593.94,0,5,0,0,0,0,1,0,1,0,0,1,0,0,0,0,0,0,0,0,9,6,0,2,0,2,428,19,0
L02925,4992422.45,210294.22,29759.82,0,198,0,0,0,1,0,0,0,1,0,1,0,0,0,0,0,1,0,0,3,4,2,5,2,1,1803,17,0
L02926,26388176.59,465523.83,66310.74,1,33,1,0,0,0,0,0,1,0,0,0,1,0,0,0,0,1,0,0,0,0,0,0,0,0,0,0,0
L02927,2949244.01,393517.08,10752.99,1,55,0,0,0,1,0,0,0,0,1,0,0,1,0,0,0,0,0,0,4,3,0,4,0,0,684,11,1
L02928,5616104.0,104004.42,56505.03,0,255,0,0,1,0,0,1,0,0,0,0,0,1,0,0,1,0,0,0,7,4,1,5,0,0,1271,17,0
L02929,11047530.52,69766.97,12868.7,0,210,0,0,1,0,0,0,0,0,1,0,1,0,0,0,0,0,1,0,5,2,1,3,2,1,982,14,0
L02930,23271077.47,339526.76,21949.92,0,96,0,0,1,0,0,0,0,0,1,0,0,1,0,0,1,0,0,0,1,3,0,0,1,0,83,5,0
L02931,21719221.52,282142.17,18046.66,0,281,0,0,0,1,0,1,0,0,0,0,1,0,0,0,0,1,0,0,0,0,0,0,0,0,0,0,0
L02932,40004623.91,395888.44,7655.63,0,240,0,0,1,0,0,0,0,1,0,1,0,0,0,0,0,0,0,1,1,2,0,0,1,0,42,4,0
L02933,36999785.23,370708.5,67461.65,0,169,0,0,0,0,1,1,0,0,0,0,0,0,1,0,0,1,0,0,1,2,0,1,0,2,140,6,1
L02934,21373282.87,314479.71,46876.95,0,346,0,0,1,0,0,0,0,0,1,0,0,0,0,1,0,0,1,0,5,3,2,2,2,1,1057,15,0
L02935,16751839.96,493259.17,83274.29,0,293,0,1,0,0,0,0,0,0,1,0,0,1,0,0,0,0,1,0,4,1,0,1,2,0,393,8,0
L02936,15891792.32,269126.92,10790.19,0,226,0,0,0,1,0,0,0,1,0,0,0,1,0,0,0,0,0,0,9,1,3,3,2,1,669,19,0
L02937,38722354.86,60987.35,15328.56,0,314,0,1,0,0,0,1,0,0,0,1,0,0,0,0,0,0,1,0,2,1,1,1,3,0,494,8,1
L02938,2698413.07,414995.41,31339.32,0,126,0,0,1,0,0,0,0,0,1,0,0,1,0,0,0,1,0,0,3,1,1,3,0,1,601,9,0
L02939,739800.31,129667.41,76820.73,0,279,0,0,0,0,1,0,1,0,0,0,1,0,0,0,0,0,0,0,0,4,0,1,0,0,211,5,1
L02940,39797665.16,389764.56,31270.12,1,20,1,0,0,0,0,0,0,0,1,0,1,0,0,0,0,0,1,0,4,2,1,3,2,3,1284,15,1
L02941,23909604.16,478768.01,41433.45,0,315,0,0,1,0,0,0,0,0,1,0,0,0,1,0,0,0,1,0,3,3,0,2,0,0,294,8,0
L02942,6630968.81,349913.78,30858.75,0,245,0,0,0,0,1,0,0,1,0,0,0,0,1,0,0,0,0,0,0,0,1,1,1,0,395,3,1
L02943,11854740.14,300034.93,8942.2,1,89,0,0,0,1,0,0,1,0,0,0,0,0,1,0,0,0,0,1,3,2,4,2,3,4,1598,18,1
L02944,46631947.26,232891.16,94003.93,1,5,0,1,0,0,0,0,0,0,1,0,1,0,0,0,0,0,0,1,6,2,1,4,2,1,846,16,1
L02945,42989198.48,185382.88,55305.36,0,265,0,1,0,0,0,0,0,0,1,0,0,0,1,0,0,0,1,0,4,2,2,2,0,0,729,10,0
L02946,35518274.01,179737.35,78995.49,0,96,0,1,0,0,0,0,1,0,0,0,0,0,1,0,1,0,0,0,8,1,2,1,1,2,581,15,1
L02947,24163038.99,320004.49,66177.35,0,149,0,0,0,1,0,1,0,0,0,0,1,0,0,0,0,1,0,0,1,1,3,0,2,4,1018,11,1
L02948,26064148.95,376880.19,51911.17,0,79,0,0,0,0,1,1,0,0,0,1,0,0,0,0,0,0,1,0,8,3,2,1,0,4,219,18,1
L02949,48764702.31,340865.95,9878.15,1,16,0,0,0,1,0,0,0,0,1,0,0,1,0,0,1,0,0,0,6,1,0,3,1,1,765,12,1
L02950,48291945.15,103213.0,64630.62,0,137,0,1,0,0,0,0,0,0,1,0,0,0,0,1,0,1,0,0,2,2,2,7,3,1,1589,17,1
L02951,10841925.38,249523.65,16381.67,0,139,0,0,1,0,0,1,0,0,0,0,1,0,0,0,0,1,0,0,4,1,2,3,3,1,1347,14,0
L02952,40574117.86,396861.84,42023.93,0,338,1,0,0,0,0,0,0,1,0,0,1,0,0,0,0,0,1,0,6,1,0,2,0,1,224,10,0
L02953,9942409.04,240473.52,63282.2,0,39,0,0,0,1,0,0,1,0,0,0,0,0,0,1,1,0,0,0,3,0,0,0,1,0,215,4,0
L02954,10755520.15,270628.52,78440.67,0,167,0,0,0,1,0,0,1,0,0,0,0,0,0,1,0,0,1,0,1,1,0,0,0,1,0,3,1
L02955,33837042.4,386712.34,68819.47,0,73,0,0,0,0,1,0,0,1,0,0,0,0,1,0,1,0,0,0,2,4,0,2,2,3,671,13,1
L02956,20309554.82,332326.33,67481.82,0,73,0,0,0,0,1,0,0,1,0,0,0,0,0,1,0,0,0,1,2,0,0,2,1,0,243,5,0
L02957,46584065.91,207625.74,15755.18,0,49,0,0,0,1,0,0,0,1,0,0,0,1,0,0,0,0,0,1,8,1,2,1,2,2,897,16,1
L02958,4541585.77,448229.29,35266.73,0,9,0,1,0,0,0,0,0,1,0,0,0,1,0,0,0,0,1,0,1,1,0,1,1,0,537,4,0
L02959,25625129.48,85470.7,5248.31,0,102,1,0,0,0,0,0,0,1,0,0,0,1,0,0,1,0,0,0,4,2,1,6,0,1,746,14,0
L02960,45934224.37,497780.64,72228.21,0,349,0,0,0,0,1,0,0,1,0,0,0,1,0,0,0,0,0,0,5,1,1,1,1,1,728,10,0
L02961,45215271.66,63832.03,95306.01,0,298,0,1,0,0,0,0,1,0,0,0,0,1,0,0,0,0,0,0,4,2,1,2,0,0,587,9,0
L02962,7910807.75,12400.24,27146.93,0,338,0,0,1,0,0,0,0,1,0,0,0,0,1,0,0,0,0,0,1,1,0,0,0,0,0,2,1
L02963,18395221.23,445559.36,9681.97,0,103,0,0,0,0,1,1,0,0,0,0,1,0,0,0,0,0,0,0,0,1,2,1,0,1,699,5,0
L02964,30994157.86,126251.99,48081.44,1,289,0,1,0,0,0,0,0,1,0,0,0,0,0,1,0,0,0,1,0,1,0,0,0,0,0,1,0
L02965,8053804.75,366201.32,85813.12,0,279,0,1,0,0,0,0,0,1,0,0,1,0,0,0,0,0,0,1,3,1,1,2,1,0,778,8,0
L02966,48404306.39,406452.61,55645.45,1,141,1,0,0,0,0,0,1,0,0,0,0,0,0,1,0,0,1,0,7,2,1,2,3,1,729,16,1
L02967,45745991.5,430198.26,5630.94,0,296,1,0,0,0,0,0,1,0,0,0,0,0,1,0,0,0,1,0,3,2,2,2,3,1,1081,13,1
L02968,8430813.93,495839.15,97452.95,0,169,0,0,1,0,0,0,0,1,0,0,0,0,1,0,0,0,0,0,1,0,0,0,0,0,0,1,1
L02969,6145657.52,150549.66,83036.34,0,12,0,1,0,0,0,0,1,0,0,1,0,0,0,0,0,0,1,0,1,0,0,1,0,0,161,2,0
L02970,4361883.29,356570.45,14027.81,0,156,0,1,0,0,0,0,0,0,1,1,0,0,0,0,0,0,0,0,3,4,2,3,0,0,439,12,0
L02971,45481238.84,62122.93,92257.98,1,173,1,0,0,0,0,0,1,0,0,0,0,0,1,0,1,0,0,0,0,0,0,0,0,0,0,0,0
L02972,9761828.11,206370.6,45618.14,0,161,0,0,0,0,1,0,1,0,0,0,0,0,1,0,0,0,0,0,4,4,0,3,2,1,516,14,1
L02973,20872617.93,424745.99,37817.9,0,131,0,0,0,0,1,0,1,0,0,0,0,0,0,1,0,0,1,0,0,2,0,0,0,0,0,2,0
L02974,22497683.15,186990.73,46644.28,0,27,0,0,0,1,0,0,1,0,0,0,0,0,1,0,0,0,1,0,4,2,4,4,2,3,1576,19,1
L02975,29990651.11,297592.21,83622.62,1,82,1,0,0,0,0,1,0,0,0,0,1,0,0,0,1,0,0,0,0,0,0,0,0,0,0,0,0
L02976,3679593.65,254367.85,66288.49,0,362,0,0,0,1,0,1,0,0,0,0,0,0,0,1,0,0,1,0,4,0,0,1,0,0,80,5,0
L02977,11415255.01,324746.01,6865.6,0,268,1,0,0,0,0,1,0,0,0,0,0,0,1,0,0,0,0,0,3,2,1,0,0,0,149,6,0
L02978,46581370.31,486582.72,95802.83,0,250,0,0,1,0,0,0,0,1,0,0,0,0,0,1,1,0,0,0,6,2,1,3,4,3,1332,19,1
L02979,45429664.35,32589.09,15630.63,0,105,0,1,0,0,0,0,0,1,0,0,0,0,0,1,0,0,1,0,0,3,0,0,0,2,0,5,1
L02980,39086403.31,289110.95,74811.23,0,260,0,0,1,0,0,0,0,0,1,0,0,1,0,0,1,0,0,0,8,3,1,2,4,1,1156,19,1
L02981,1068122.16,432199.25,63977.52,0,352,1,0,0,0,0,1,0,0,0,1,0,0,0,0,0,0,0,0,3,4,2,4,2,2,1071,17,0
L02982,16417637.75,243284.44,19565.28,1,13,0,1,0,0,0,0,0,1,0,0,0,0,0,1,0,0,0,1,1,2,0,3,0,0,408,6,0
L02983,31435140.89,43870.96,17902.48,1,79,0,0,0,0,1,0,1,0,0,0,0,0,0,1,1,0,0,0,3,3,1,3,2,0,902,12,0
L02984,13831991.57,282466.98,87162.43,0,159,0,0,0,0,1,0,1,0,0,0,0,1,0,0,1,0,0,0,5,0,2,4,0,4,873,15,1
L02985,45488376.08,169376.58,42549.8,0,177,0,0,0,1,0,1,0,0,0,0,0,0,1,0,0,0,1,0,0,0,0,0,0,0,0,0,0
L02986,31731084.15,81696.18,65803.07,0,154,1,0,0,0,0,0,0,0,1,0,0,0,0,1,0,1,0,0,1,4,1,2,1,1,519,10,0
L02987,3688145.19,425272.08,50903.03,0,34,1,0,0,0,0,0,0,0,1,0,0,1,0,0,0,0,1,0,0,1,0,1,0,0,145,2,0
L02988,45459378.88,263191.76,73008.0,0,258,0,0,0,0,1,0,1,0,0,0,1,0,0,0,0,0,0,0,4,0,1,1,1,0,224,7,0
L02989,47892556.24,466971.82,48445.0,1,259,0,0,1,0,0,0,0,0,1,0,0,1,0,0,0,0,0,0,3,1,2,4,2,2,905,14,1
L02990,3977849.68,403978.17,29450.61,1,134,0,1,0,0,0,1,0,0,0,1,0,0,0,0,0,1,0,0,2,2,1,1,1,0,463,7,0
L02991,26664775.72,348021.04,36974.95,0,130,0,0,1,0,0,0,1,0,0,1,0,0,0,0,0,0,0,0,4,3,0,3,1,1,628,12,0
L02992,15237877.68,7487.62,86048.69,1,80,0,0,1,0,0,0,0,1,0,0,0,0,1,0,0,0,1,0,0,0,0,1,0,0,71,1,0
L02993,19702669.92,216772.61,47335.43,1,58,0,0,0,0,1,0,0,1,0,0,0,0,1,0,0,1,0,0,2,0,0,0,0,0,0,2,0
L02994,9064595.78,102755.71,22131.48,0,73,0,0,0,0,1,0,0,0,1,1,0,0,0,0,0,1,0,0,1,5,1,1,2,0,741,10,1
L02995,28945797.89,455844.97,93525.93,0,238,0,0,0,0,1,0,1,0,0,1,0,0,0,0,0,1,0,0,2,2,2,2,2,0,857,10,1
L02996,47903169.73,91419.07,79863.45,0,128,0,0,0,1,0,0,1,0,0,0,0,0,0,1,0,0,0,0,0,0,0,0,0,0,0,0,1
L02997,25203322.75,146599.73,6510.95,0,314,0,0,1,0,0,0,0,1,0,1,0,0,0,0,0,1,0,0,0,0,0,0,0,0,0,0,0
L02998,4237437.61,260834.2,99895.35,0,137,1,0,0,0,0,0,1,0,0,0,0,0,1,0,1,0,0,0,2,1,0,3,1,1,499,8,1
L02999,31038066.54,135364.99,69797.74,0,102,0,1,0,0,0,0,1,0,0,1,0,0,0,0,0,0,1,0,0,0,0,0,0,0,0,0,0
L03000,17077127.42,108883.02,16866.39,0,8,0,0,0,1,0,0,1,0,0,0,0,0,1,0,0,0,0,1,0,2,1,2,0,0,301,5,0
